ID,Edad,Educacion,Estado_Civil,Ingreso,Hijos_Ninos,Hijos_Adolescentes,Fecha_Inscripcion,Dias_Ult_Compra,Gasto_Vinos,Gasto_Frutas,Gasto_Carne,Gasto_Pescado,Gasto_Dulces,Prod_prem,Compras_Oferta,Compras_Web,Compras_Catalogo,Compras_Fisicas,Visitas_Web,Queja,Costo_Contacto,Ganancia,Camp1,Camp2,Camp3,Camp4,Camp5,Ult_Camp
5524,69,Graduation,Soltero ,58138.0,0.0,0,04-09-2012,58,635.0,88,546.0,172.0,88.0,88,3.0,8.0,10,4,7,0.0,,,0,0.0,0.0,0,0,1.0
2174,72,Graduation,Soltero ,46344.0,1.0,1,08-03-2014,38,11.0,1,6.0,2.0,1.0,6,2.0,1.0,1,2,5,0.0,,,0,0.0,0.0,0,0,0.0
4141,61,Graduation,En pareja ,71613.0,0.0,0,21-08-2013,26,426.0,49,127.0,111.0,21.0,42,1.0,8.0,2,10,4,0.0,,,0,0.0,0.0,0,0,0.0
6182,42,Graduation,En pareja ,26646.0,1.0,0,10-02-2014,26,11.0,4,20.0,10.0,3.0,5,2.0,2.0,0,4,6,0.0,,,0,0.0,0.0,0,0,0.0
5324,45,PhD,Casado ,58293.0,1.0,0,19-01-2014,94,173.0,43,118.0,46.0,27.0,15,5.0,5.0,3,6,5,0.0,,,0,0.0,0.0,0,0,0.0
7446,59,Master,En pareja ,62513.0,0.0,1,09-09-2013,16,520.0,42,98.0,0.0,42.0,14,2.0,6.0,4,10,6,0.0,,,0,0.0,0.0,0,0,0.0
965,55,Graduation,Divorciado ,55635.0,0.0,1,13-11-2012,34,235.0,65,164.0,50.0,49.0,27,4.0,7.0,3,7,6,0.0,,,0,0.0,0.0,0,0,0.0
6177,41,PhD,Casado ,33454.0,1.0,0,08-05-2013,32,76.0,10,56.0,3.0,1.0,23,2.0,4.0,0,4,8,0.0,,,0,0.0,0.0,0,0,0.0
4855,52,PhD,En pareja ,30351.0,1.0,0,06-06-2013,19,14.0,0,24.0,3.0,3.0,2,1.0,3.0,0,2,9,0.0,,,0,0.0,0.0,0,0,1.0
5899,76,PhD,En pareja ,5648.0,1.0,1,13-03-2014,68,28.0,0,6.0,1.0,1.0,13,1.0,1.0,0,0,20,0.0,,,0,0.0,1.0,0,0,0.0
1994,43,Graduation,Casado ,51411.0,1.0,0,15-11-2013,11,5.0,5,6.0,0.0,2.0,1,1.0,1.0,0,2,7,0.0,,,0,0.0,0.0,0,0,0.0
387,50,Basic,Casado ,7500.0,0.0,0,13-11-2012,59,6.0,16,11.0,11.0,1.0,16,1.0,2.0,0,3,8,0.0,,,0,0.0,0.0,0,0,0.0
2125,67,Graduation,Divorciado ,63033.0,0.0,0,15-11-2013,82,194.0,61,480.0,225.0,112.0,30,1.0,3.0,4,8,2,0.0,,,0,0.0,0.0,0,0,0.0
8180,74,Master,Divorciado ,59354.0,0.0,1,15-11-2013,53,233.0,2,53.0,3.0,5.0,14,3.0,6.0,1,5,6,0.0,,,0,0.0,0.0,0,0,0.0
2569,39,Graduation,Casado ,17323.0,0.0,0,10-10-2012,38,3.0,14,17.0,6.0,1.0,5,1.0,1.0,0,3,8,0.0,,,0,0.0,0.0,0,0,0.0
2114,80,PhD,Soltero ,82800.0,0.0,0,24-11-2012,23,1006.0,22,115.0,59.0,68.0,45,1.0,7.0,6,12,3,0.0,,,1,0.0,0.0,0,1,1.0
9736,46,Graduation,Casado ,41850.0,1.0,1,24-12-2012,51,53.0,5,19.0,2.0,13.0,4,3.0,3.0,0,3,8,0.0,,,0,0.0,0.0,0,0,0.0
4939,80,Graduation,En pareja ,37760.0,0.0,0,31-08-2012,20,84.0,5,38.0,150.0,12.0,28,2.0,4.0,1,6,7,0.0,,,0,0.0,0.0,0,0,0.0
6565,77,Master,Casado ,76995.0,0.0,1,28-03-2013,91,1012.0,80,498.0,0.0,16.0,176,0.0,11.0,4,9,5,0.0,,,1,0.0,0.0,0,0,0.0
2278,41,2n Cycle,Soltero ,33812.0,1.0,0,03-11-2012,86,4.0,17,19.0,30.0,24.0,39,2.0,2.0,1,3,6,0.0,,,0,0.0,0.0,0,0,0.0
9360,44,Graduation,Casado ,37040.0,0.0,0,08-08-2012,41,86.0,2,73.0,69.0,38.0,48,1.0,4.0,2,5,8,0.0,,,0,0.0,0.0,0,0,0.0
5376,47,Graduation,Casado ,2447.0,1.0,0,06-01-2013,42,1.0,1,1725.0,1.0,1.0,1,15.0,0.0,28,0,1,0.0,,,0,0.0,0.0,0,0,0.0
1993,77,PhD,Casado ,58607.0,0.0,1,23-12-2012,63,867.0,0,86.0,0.0,0.0,19,3.0,2.0,3,9,8,0.0,,,0,0.0,0.0,1,0,0.0
4047,72,PhD,Casado ,65324.0,0.0,1,11-01-2014,0,384.0,0,102.0,21.0,32.0,5,3.0,6.0,2,9,4,0.0,,,0,0.0,0.0,0,0,0.0
1409,75,Graduation,En pareja ,40689.0,0.0,1,18-03-2013,69,270.0,3,27.0,39.0,6.0,99,7.0,7.0,1,5,8,0.0,,,0,0.0,0.0,0,0,0.0
7892,57,Graduation,Soltero ,18589.0,0.0,0,02-01-2013,89,6.0,4,25.0,15.0,12.0,13,0.0,2.0,1,3,7,0.0,,,0,0.0,0.0,0,0,0.0
2404,50,Graduation,Casado ,53359.0,1.0,1,27-05-2013,4,173.0,4,30.0,3.0,6.0,41,4.0,5.0,1,4,7,0.0,,,0,0.0,0.0,0,0,0.0
5255,40,Graduation,Soltero ,51411.0,1.0,0,20-02-2013,19,5.0,1,3.0,3.0,263.0,362,0.0,27.0,0,0,1,0.0,,,0,0.0,0.0,0,0,0.0
9422,37,Graduation,Casado ,38360.0,1.0,0,31-05-2013,26,36.0,2,42.0,20.0,21.0,10,2.0,2.0,1,4,3,0.0,,,0,0.0,0.0,0,0,0.0
1966,61,PhD,Casado ,84618.0,0.0,0,22-11-2013,96,684.0,100,801.0,21.0,0.0,0,0.0,6.0,9,10,2,0.0,,,0,0.0,0.0,0,1,0.0
6864,37,Master,Divorciado ,10979.0,0.0,0,22-05-2014,34,8.0,4,10.0,2.0,2.0,4,2.0,3.0,0,3,5,0.0,,,0,0.0,0.0,0,0,0.0
3033,63,Master,En pareja ,38620.0,0.0,0,11-05-2013,56,112.0,17,44.0,34.0,22.0,89,1.0,2.0,5,3,3,0.0,,,0,0.0,0.0,0,0,0.0
5710,56,Graduation,En pareja ,40548.0,0.0,1,10-10-2012,31,110.0,0,5.0,2.0,0.0,3,2.0,2.0,1,4,5,0.0,,,0,0.0,0.0,1,0,0.0
7373,74,PhD,Divorciado ,46610.0,0.0,2,29-10-2012,8,96.0,12,96.0,33.0,22.0,43,6.0,4.0,1,6,6,0.0,,,0,0.0,0.0,0,0,1.0
8755,80,Master,Casado ,68657.0,0.0,0,20-02-2013,4,482.0,34,471.0,119.0,68.0,22,1.0,3.0,5,9,7,0.0,,,0,0.0,0.0,0,0,0.0
10738,75,Master,Soltero ,49389.0,1.0,1,29-08-2013,55,40.0,0,19.0,2.0,1.0,3,1.0,2.0,0,3,7,0.0,,,0,0.0,0.0,0,0,0.0
4339,56,PhD,Casado ,67353.0,0.0,1,31-12-2013,37,702.0,17,151.0,0.0,8.0,35,5.0,5.0,6,12,2,0.0,,,0,0.0,0.0,0,0,0.0
10755,50,2n Cycle,Casado ,23718.0,1.0,0,02-09-2013,76,6.0,3,14.0,15.0,7.0,36,3.0,3.0,1,2,7,0.0,,,0,0.0,0.0,0,0,0.0
8595,53,Graduation,Viudo ,42429.0,0.0,1,11-02-2014,99,55.0,0,6.0,2.0,0.0,4,2.0,1.0,1,3,5,0.0,,,0,0.0,0.0,0,0,0.0
2968,83,PhD,Divorciado ,48948.0,0.0,0,01-02-2013,53,437.0,8,206.0,160.0,49.0,42,2.0,7.0,10,5,6,0.0,,,0,0.0,1.0,0,0,1.0
8601,46,Graduation,Casado ,80011.0,0.0,1,29-04-2013,3,421.0,76,536.0,82.0,178.0,102,2.0,8.0,6,5,4,0.0,,,0,0.0,0.0,0,0,0.0
503,41,Master,Casado ,20559.0,0.0,0,12-03-2013,88,13.0,1,29.0,3.0,0.0,7,2.0,2.0,0,3,8,0.0,,,0,0.0,0.0,0,0,0.0
8430,69,Graduation,En pareja ,21994.0,0.0,1,24-12-2012,4,9.0,0,6.0,3.0,1.0,3,1.0,0.0,0,3,5,0.0,,,0,0.0,0.0,0,0,0.0
7281,67,PhD,Soltero ,51411.0,0.0,0,05-11-2013,80,81.0,11,50.0,3.0,2.0,39,1.0,1.0,3,4,2,0.0,,,0,0.0,0.0,0,0,0.0
2139,51,Master,Casado ,7500.0,0.0,0,02-10-2013,19,3.0,1,10.0,3.0,2.0,12,0.0,2.0,0,3,5,0.0,,,0,0.0,0.0,0,0,0.0
1371,50,Graduation,Soltero ,79941.0,0.0,0,28-06-2014,72,123.0,164,266.0,227.0,30.0,174,1.0,2.0,4,9,1,0.0,,,0,0.0,0.0,0,0,0.0
9909,30,2n Cycle,Casado ,7500.0,0.0,0,09-11-2012,24,3.0,18,14.0,15.0,22.0,50,3.0,3.0,1,3,9,0.0,,,0,0.0,0.0,0,0,1.0
7286,58,Graduation,En pareja ,41728.0,1.0,0,24-05-2013,92,13.0,6,15.0,3.0,5.0,13,1.0,2.0,0,2,10,0.0,,,0,0.0,0.0,0,0,0.0
7244,75,Graduation,Soltero ,51411.0,0.0,1,01-01-2014,96,48.0,5,48.0,6.0,10.0,7,0.0,2.0,1,4,6,0.0,,,0,0.0,0.0,0,0,0.0
6566,72,PhD,Casado ,72550.0,0.0,1,08-11-2012,39,826.0,50,317.0,50.0,38.0,38,0.0,5.0,2,12,8,0.0,,,0,0.0,0.0,0,0,0.0
8614,69,Graduation,Viudo ,65486.0,0.0,1,12-05-2014,29,245.0,19,125.0,37.0,67.0,14,1.0,4.0,2,10,2,0.0,,,0,0.0,0.0,0,0,0.0
4114,62,Master,Casado ,79143.0,0.0,0,11-08-2012,2,650.0,37,780.0,27.0,167.0,32,0.0,6.0,9,13,3,0.0,,,0,0.0,0.0,0,0,0.0
1331,49,Graduation,Soltero ,35790.0,1.0,0,02-01-2013,54,12.0,6,20.0,30.0,1.0,3,2.0,2.0,0,3,7,0.0,,,0,0.0,0.0,0,0,0.0
2225,49,Graduation,Divorciado ,82582.0,0.0,0,07-06-2014,54,510.0,120,550.0,156.0,40.0,241,1.0,4.0,9,7,1,0.0,,,1,0.0,1.0,0,0,1.0
9381,48,Graduation,Casado ,66373.0,0.0,1,12-06-2013,57,328.0,9,124.0,12.0,24.0,109,7.0,4.0,2,10,3,0.0,,,0,0.0,0.0,0,0,0.0
6260,71,Master,En pareja ,82384.0,0.0,0,19-11-2012,55,984.0,51,432.0,180.0,120.0,190,1.0,3.0,10,13,1,0.0,,,0,0.0,0.0,0,1,1.0
10383,60,Graduation,Divorciado ,70287.0,0.0,0,02-04-2013,30,295.0,35,0.0,0.0,0.0,40,0.0,5.0,5,10,3,0.0,,,0,0.0,0.0,0,0,1.0
7437,38,Graduation,Soltero ,27938.0,1.0,0,28-04-2014,31,13.0,0,8.0,2.0,1.0,5,1.0,1.0,0,4,3,0.0,,,0,0.0,0.0,0,0,0.0
8557,44,Graduation,Soltero ,51411.0,0.0,0,17-06-2013,57,11.0,3,22.0,2.0,2.0,6,2.0,2.0,0,3,6,0.0,,,0,0.0,0.0,0,0,0.0
8375,58,PhD,Casado ,55954.0,0.0,1,03-03-2014,63,447.0,0,28.0,0.0,0.0,43,3.0,8.0,2,6,7,0.0,,,0,0.0,0.0,0,0,0.0
6853,44,Master,Soltero ,75777.0,0.0,0,04-07-2013,12,712.0,26,538.0,69.0,13.0,80,1.0,3.0,6,11,1,0.0,,,0,0.0,0.0,1,1,1.0
3076,51,Graduation,En pareja ,66653.0,1.0,1,07-09-2012,18,452.0,18,102.0,16.0,18.0,6,4.0,4.0,2,12,3,0.0,,,0,0.0,0.0,0,0,0.0
1012,74,Graduation,Soltero ,61823.0,0.0,1,18-02-2013,26,523.0,7,134.0,37.0,14.0,169,4.0,8.0,2,10,7,0.0,,,0,0.0,0.0,0,0,0.0
6518,75,PhD,Viudo ,67680.0,0.0,1,11-06-2013,8,546.0,0,48.0,0.0,6.0,6,1.0,7.0,3,8,5,0.0,,,0,0.0,0.0,0,0,0.0
4137,78,Graduation,En pareja ,70666.0,0.0,0,06-12-2013,29,398.0,40,367.0,119.0,122.0,30,1.0,7.0,4,4,4,0.0,,,0,0.0,0.0,0,0,0.0
8082,55,Graduation,Casado ,25721.0,0.0,0,21-05-2013,75,1.0,3,6.0,3.0,6.0,15,0.0,1.0,1,2,7,0.0,,,0,0.0,0.0,0,0,1.0
1386,59,Graduation,En pareja ,32474.0,1.0,1,11-05-2014,0,10.0,0,1.0,0.0,0.0,0,1.0,1.0,0,2,7,0.0,,,0,0.0,0.0,0,0,0.0
9369,47,2n Cycle,Soltero ,88194.0,0.0,1,19-03-2014,19,688.0,14,309.0,201.0,24.0,38,0.0,11.0,10,10,5,0.0,,,1,0.0,0.0,0,0,1.0
4477,68,Graduation,En pareja ,69096.0,0.0,1,27-09-2013,4,247.0,49,159.0,7.0,82.0,109,1.0,5.0,2,10,4,0.0,,,0,0.0,0.0,0,0,0.0
1357,56,Graduation,En pareja ,74854.0,0.0,2,08-04-2013,90,856.0,59,487.0,58.0,29.0,73,0.0,2.0,5,5,5,0.0,,,0,0.0,0.0,0,0,0.0
1402,72,Master,Casado ,66991.0,0.0,0,11-09-2012,1,496.0,36,460.0,189.0,0.0,12,0.0,4.0,8,6,3,0.0,,,0,0.0,0.0,0,0,0.0
10629,53,2n Cycle,Casado ,51411.0,0.0,0,14-09-2012,25,25.0,3,43.0,17.0,4.0,17,3.0,3.0,0,3,8,0.0,,,0,0.0,0.0,0,0,0.0
6312,67,Graduation,Casado ,65031.0,0.0,1,17-03-2013,29,258.0,107,291.0,84.0,37.0,86,4.0,10.0,3,13,7,0.0,,,0,0.0,0.0,0,0,0.0
8132,51,PhD,Casado ,60631.0,0.0,1,05-04-2013,88,565.0,6,65.0,0.0,6.0,19,0.0,9.0,2,8,7,0.0,,,0,0.0,0.0,1,0,0.0
1050,74,Graduation,Casado ,28332.0,0.0,0,30-04-2014,58,14.0,10,13.0,4.0,15.0,9,1.0,2.0,1,4,2,0.0,,,0,0.0,0.0,0,0,0.0
5846,49,Graduation,Divorciado ,40246.0,1.0,0,19-12-2012,68,2.0,1,6.0,2.0,1.0,1,1.0,1.0,0,2,6,0.0,,,0,0.0,0.0,0,0,0.0
1859,54,Master,Casado ,75251.0,0.0,0,27-08-2012,34,721.0,111,925.0,97.0,18.0,18,1.0,7.0,6,5,5,0.0,,,0,0.0,0.0,0,0,1.0
7503,50,Graduation,Soltero ,75825.0,0.0,0,12-10-2012,40,1032.0,105,779.0,137.0,105.0,51,0.0,5.0,8,9,4,0.0,,,0,0.0,1.0,0,0,1.0
10401,50,2n Cycle,En pareja ,26326.0,0.0,0,04-09-2013,12,1.0,0,5.0,0.0,3.0,9,1.0,0.0,0,3,3,0.0,,,0,0.0,0.0,0,0,0.0
1618,61,Graduation,En pareja ,56046.0,0.0,0,02-01-2013,9,577.0,0,64.0,0.0,0.0,51,2.0,10.0,1,8,8,0.0,,,0,0.0,1.0,0,0,1.0
3332,41,Graduation,Soltero ,29760.0,1.0,0,29-08-2012,87,64.0,4,68.0,7.0,5.0,17,4.0,3.0,1,4,8,0.0,,,0,0.0,0.0,0,0,0.0
2261,57,Graduation,Casado ,26304.0,0.0,0,23-06-2013,5,4.0,1,5.0,2.0,0.0,4,1.0,1.0,0,2,7,0.0,,,0,0.0,0.0,0,0,0.0
5346,53,2n Cycle,Casado ,23559.0,1.0,0,03-07-2013,87,25.0,5,19.0,7.0,0.0,23,3.0,3.0,0,3,7,0.0,,,0,0.0,0.0,0,0,0.0
4119,63,Master,En pareja ,38620.0,0.0,0,11-05-2013,56,112.0,17,44.0,34.0,22.0,89,1.0,2.0,5,3,3,0.0,,,0,0.0,0.0,0,0,0.0
535,39,Graduation,Divorciado ,81361.0,0.0,0,25-02-2014,18,163.0,23,424.0,27.0,65.0,76,1.0,3.0,10,13,1,0.0,,,0,0.0,0.0,0,0,0.0
5268,66,Graduation,Casado ,29440.0,1.0,1,11-08-2013,95,17.0,8,14.0,10.0,4.0,3,2.0,1.0,0,4,7,0.0,,,0,0.0,0.0,0,0,0.0
273,56,Master,Casado ,36138.0,0.0,1,16-07-2013,48,130.0,0,16.0,0.0,0.0,5,5.0,3.0,1,4,7,0.0,,,0,0.0,0.0,1,0,0.0
4452,69,Graduation,Soltero ,50388.0,0.0,1,28-05-2014,3,292.0,6,37.0,0.0,3.0,34,4.0,6.0,1,6,7,0.0,,,1,0.0,0.0,1,0,1.0
8504,53,Graduation,Casado ,79593.0,0.0,0,12-05-2014,70,350.0,60,568.0,110.0,133.0,145,1.0,5.0,6,7,2,0.0,,,0,0.0,0.0,0,1,0.0
771,59,Graduation,En pareja ,54178.0,0.0,1,21-01-2014,79,135.0,9,39.0,4.0,0.0,7,1.0,2.0,2,5,2,0.0,,,0,0.0,0.0,0,0,0.0
8996,69,PhD,Casado ,51411.0,2.0,1,19-11-2012,4,230.0,42,192.0,49.0,37.0,53,12.0,7.0,2,8,9,0.0,,,0,0.0,0.0,0,0,0.0
9235,69,Graduation,Soltero ,51411.0,0.0,1,27-05-2014,45,7.0,0,8.0,2.0,0.0,1,1.0,1.0,0,2,7,0.0,,,0,0.0,0.0,0,0,0.0
5798,53,Master,En pareja ,51411.0,0.0,0,23-11-2013,87,445.0,37,359.0,98.0,28.0,18,1.0,2.0,4,8,1,0.0,,,0,0.0,0.0,0,0,0.0
11178,54,Master,Soltero ,42394.0,1.0,0,23-03-2014,69,15.0,2,10.0,0.0,1.0,4,1.0,1.0,0,3,7,0.0,,,0,0.0,0.0,0,0,0.0
2230,56,PhD,Casado ,23626.0,1.0,0,24-05-2014,84,27.0,2,14.0,0.0,0.0,0,3.0,3.0,1,3,5,0.0,,,0,0.0,0.0,0,0,0.0
7516,43,Graduation,Casado ,30096.0,1.0,0,22-05-2014,30,5.0,3,11.0,12.0,5.0,9,1.0,2.0,0,3,6,0.0,,,0,0.0,0.0,0,0,0.0
7247,66,Graduation,Viudo ,47916.0,0.0,1,22-11-2012,72,505.0,0,0.0,0.0,0.0,75,0.0,7.0,4,6,6,0.0,,,0,0.0,0.0,1,0,0.0
11100,54,Graduation,Divorciado ,51813.0,1.0,1,11-04-2013,37,51.0,2,7.0,0.0,1.0,2,2.0,2.0,0,3,7,0.0,,,0,0.0,0.0,0,0,0.0
4646,75,2n Cycle,Casado ,78497.0,0.0,0,01-12-2013,44,207.0,26,447.0,75.0,0.0,223,1.0,5.0,7,12,2,0.0,,,1,0.0,0.0,0,0,0.0
3037,43,PhD,Casado ,50150.0,0.0,0,20-06-2013,32,135.0,46,92.0,65.0,61.0,11,0.0,5.0,2,7,5,0.0,,,0,0.0,0.0,0,0,0.0
1473,66,2n Cycle,Soltero ,47823.0,0.0,1,23-07-2013,0,53.0,1,0.0,0.0,0.0,10,0.0,2.0,0,3,8,0.0,,,0,0.0,0.0,0,0,0.0
1016,67,PhD,Soltero ,34554.0,0.0,1,30-03-2014,43,41.0,1,6.0,2.0,0.0,5,2.0,2.0,0,3,6,0.0,,,0,0.0,0.0,0,0,0.0
4518,47,Graduation,En pareja ,85693.0,0.0,1,20-04-2013,59,386.0,172,183.0,185.0,132.0,111,2.0,9.0,5,11,5,0.0,,,0,0.0,0.0,0,0,0.0
9370,81,PhD,Casado ,65846.0,0.0,0,17-05-2013,68,562.0,81,276.0,80.0,40.0,81,1.0,6.0,3,6,4,0.0,,,0,0.0,0.0,0,0,0.0
8908,67,Graduation,Casado ,87195.0,0.0,0,08-05-2014,35,217.0,76,690.0,50.0,26.0,38,1.0,3.0,11,5,1,0.0,,,0,0.0,0.0,0,0,1.0
8373,47,Basic,En pareja ,24594.0,0.0,0,10-12-2013,94,1.0,3,6.0,10.0,0.0,9,1.0,1.0,0,3,5,0.0,,,0,0.0,0.0,0,0,0.0
7533,62,Graduation,Casado ,49096.0,1.0,1,24-09-2013,15,144.0,1,32.0,2.0,1.0,7,4.0,4.0,1,4,7,0.0,,,0,0.0,0.0,0,0,0.0
2683,57,Graduation,Casado ,52413.0,0.0,2,02-02-2013,56,295.0,106,271.0,75.0,98.0,65,4.0,6.0,4,12,6,0.0,,,0,0.0,0.0,0,0,0.0
3629,48,Graduation,Soltero ,38557.0,1.0,0,19-12-2012,17,76.0,3,31.0,4.0,4.0,27,2.0,3.0,1,3,7,0.0,,,0,0.0,0.0,0,0,0.0
10991,66,Master,Casado ,89058.0,0.0,0,07-12-2012,18,454.0,194,106.0,31.0,22.0,43,0.0,5.0,4,4,2,0.0,,,0,0.0,0.0,0,0,0.0
5077,47,Graduation,En pareja ,77298.0,0.0,1,02-11-2013,46,425.0,115,292.0,23.0,35.0,79,1.0,6.0,6,11,3,0.0,,,0,0.0,0.0,0,0,0.0
7431,35,PhD,Soltero ,68126.0,0.0,0,10-11-2012,40,1332.0,17,0.0,23.0,0.0,86,0.0,7.0,4,5,9,0.0,,,0,0.0,0.0,1,0,1.0
3267,63,Master,En pareja ,57288.0,0.0,1,25-06-2014,27,527.0,0,21.0,0.0,0.0,60,3.0,8.0,1,8,6,0.0,,,0,0.0,0.0,1,0,0.0
999,35,Graduation,Soltero ,86037.0,0.0,0,02-01-2013,95,490.0,44,125.0,29.0,20.0,22,1.0,6.0,7,11,3,0.0,,,0,0.0,0.0,1,1,1.0
9215,46,PhD,Casado ,43974.0,1.0,0,12-12-2012,19,378.0,0,101.0,0.0,0.0,72,5.0,6.0,4,6,7,0.0,,,0,0.0,0.0,0,0,0.0
2286,64,Graduation,Soltero ,50785.0,0.0,1,10-09-2013,27,64.0,1,21.0,0.0,1.0,27,2.0,2.0,1,3,6,0.0,,,0,0.0,0.0,0,0,0.0
1592,56,Graduation,Casado ,90765.0,0.0,0,24-01-2014,25,547.0,99,812.0,151.0,82.0,33,0.0,4.0,6,5,1,0.0,,,1,0.0,0.0,0,1,0.0
367,48,2n Cycle,Casado ,36550.0,1.0,0,19-02-2013,74,47.0,90,94.0,123.0,103.0,120,5.0,9.0,1,5,9,0.0,,,0,0.0,0.0,0,0,0.0
5234,59,2n Cycle,En pareja ,30753.0,0.0,1,11-07-2013,85,12.0,5,25.0,0.0,9.0,30,2.0,1.0,1,3,5,0.0,,,0,0.0,0.0,0,0,0.0
9862,57,Graduation,En pareja ,21918.0,1.0,0,14-11-2013,37,1.0,6,7.0,11.0,5.0,3,2.0,2.0,0,3,6,0.0,,,0,0.0,0.0,0,0,0.0
9805,73,Master,En pareja ,56129.0,0.0,1,20-06-2013,65,320.0,48,133.0,39.0,72.0,48,0.0,6.0,2,10,4,0.0,,,0,0.0,0.0,0,0,0.0
6205,59,Master,Soltero ,32557.0,0.0,0,24-02-2014,13,34.0,3,29.0,0.0,4.0,10,3.0,2.0,1,3,5,0.0,,,0,0.0,0.0,0,0,1.0
8442,41,Master,Casado ,19510.0,2.0,0,04-09-2013,63,9.0,0,7.0,3.0,4.0,7,2.0,1.0,0,3,7,0.0,,,0,0.0,0.0,0,0,0.0
7386,50,Graduation,Divorciado ,30992.0,0.0,0,22-04-2013,83,17.0,0,14.0,7.0,3.0,2,1.0,1.0,0,3,7,0.0,,,0,0.0,0.0,0,0,0.0
7215,43,Graduation,Soltero ,101970.0,0.0,0,12-03-2013,69,722.0,27,102.0,44.0,72.0,168,0.0,6.0,8,13,2,0.0,,,1,0.0,0.0,1,1,1.0
1491,61,2n Cycle,En pareja ,71488.0,0.0,0,18-02-2013,87,162.0,33,124.0,40.0,28.0,172,2.0,3.0,4,7,1,0.0,,,0,0.0,0.0,0,0,0.0
11071,42,Graduation,Soltero ,79607.0,0.0,0,21-04-2013,37,450.0,133,951.0,173.0,0.0,216,1.0,3.0,6,6,1,0.0,,,0,0.0,0.0,0,0,1.0
3381,73,Master,Casado ,54348.0,1.0,1,08-06-2014,51,70.0,0,16.0,0.0,0.0,4,2.0,2.0,0,4,6,0.0,,,0,0.0,0.0,0,0,0.0
8268,65,PhD,Casado ,51411.0,0.0,1,11-07-2013,23,352.0,0,27.0,10.0,0.0,15,0.0,6.0,1,7,6,0.0,,,0,0.0,0.0,0,0,0.0
11051,70,PhD,En pareja ,77376.0,1.0,1,10-05-2014,72,492.0,19,110.0,16.0,12.0,12,4.0,6.0,3,10,4,0.0,,,0,0.0,0.0,0,0,0.0
8026,74,Graduation,Casado ,62998.0,0.0,1,30-09-2013,10,120.0,58,73.0,65.0,89.0,58,5.0,5.0,4,5,5,0.0,,,0,0.0,0.0,0,0,0.0
433,68,Master,Soltero,61331.0,1.0,1,10-03-2013,42,534.0,5,47.0,0.0,5.0,41,5.0,11.0,1,6,8,0.0,,,0,0.0,0.0,0,0,0.0
9597,57,Graduation,Casado ,73448.0,0.0,0,10-02-2014,10,236.0,106,189.0,23.0,41.0,130,1.0,7.0,2,9,4,0.0,,,0,0.0,0.0,0,0,0.0
1295,63,Graduation,Casado ,51411.0,0.0,1,11-08-2013,96,231.0,65,196.0,38.0,71.0,124,1.0,6.0,5,7,4,0.0,,,0,0.0,0.0,0,0,0.0
5290,62,PhD,Casado ,41551.0,0.0,1,14-08-2013,51,220.0,0,33.0,3.0,0.0,23,0.0,5.0,1,5,8,0.0,,,0,0.0,0.0,0,0,0.0
1685,59,PhD,En pareja ,62981.0,0.0,0,17-03-2013,21,796.0,14,590.0,38.0,44.0,0,0.0,4.0,5,13,3,0.0,,,0,0.0,0.0,1,0,0.0
5342,50,Basic,Divorciado ,9548.0,0.0,0,08-08-2012,31,0.0,1,3.0,10.0,6.0,9,2.0,1.0,0,3,8,0.0,,,0,0.0,0.0,0,0,0.0
9579,67,PhD,Casado ,33762.0,2.0,1,07-07-2013,61,53.0,1,34.0,2.0,0.0,16,3.0,2.0,2,2,8,0.0,,,0,0.0,0.0,0,0,0.0
7660,53,PhD,Soltero,35860.0,1.0,1,19-05-2014,37,15.0,0,8.0,4.0,2.0,20,2.0,76.0,1,2,5,0.0,,,0,0.0,1.0,0,0,1.0
1461,61,PhD,Divorciado ,36921.0,1.0,1,28-07-2013,74,17.0,1,12.0,3.0,1.0,4,2.0,2.0,0,3,7,0.0,,,0,0.0,0.0,0,0,0.0
821,34,Master,Soltero ,92859.0,0.0,0,19-10-2012,46,962.0,61,921.0,52.0,61.0,20,1.0,5.0,4,12,2,0.0,,,0,0.0,0.0,0,0,0.0
11084,50,Master,En pareja ,65104.0,0.0,1,14-11-2013,4,738.0,0,232.0,13.0,20.0,50,2.0,3.0,5,7,7,0.0,,,0,0.0,0.0,0,0,1.0
8690,64,Graduation,Casado ,86111.0,0.0,0,19-04-2013,73,399.0,28,756.0,36.0,40.0,126,1.0,5.0,7,10,2,0.0,,,0,0.0,0.0,0,0,0.0
2937,52,PhD,Soltero ,68352.0,0.0,1,28-08-2013,47,614.0,16,132.0,43.0,33.0,33,3.0,8.0,5,9,6,0.0,,,0,0.0,0.0,0,0,0.0
9701,38,Graduation,En pareja ,41883.0,1.0,0,19-03-2013,13,32.0,34,41.0,73.0,16.0,116,3.0,4.0,2,3,7,0.0,,,0,0.0,0.0,0,0,0.0
9949,50,Graduation,Casado ,59809.0,0.0,2,18-10-2012,36,598.0,16,141.0,32.0,41.0,49,3.0,3.0,3,6,8,0.0,,,0,0.0,0.0,0,0,0.0
10837,51,Graduation,Casado ,23957.0,1.0,0,28-10-2012,47,2.0,1,18.0,20.0,11.0,16,1.0,2.0,0,3,6,0.0,,,0,0.0,0.0,0,0,1.0
3120,45,Graduation,En pareja ,38547.0,0.0,0,28-08-2013,49,6.0,1,10.0,0.0,1.0,4,1.0,1.0,0,2,8,1.0,,,0,0.0,0.0,0,0,0.0
5885,53,2n Cycle,Casado ,35688.0,0.0,1,22-08-2012,94,73.0,3,90.0,12.0,1.0,32,7.0,4.0,1,4,8,0.0,,,0,0.0,0.0,0,0,0.0
4050,60,Master,Casado ,49605.0,0.0,0,21-06-2014,65,42.0,16,29.0,12.0,20.0,8,1.0,2.0,1,4,3,0.0,,,0,0.0,0.0,0,0,0.0
3830,73,Master,Casado ,59354.0,0.0,2,24-04-2014,59,295.0,21,78.0,39.0,13.0,13,1.0,4.0,4,7,3,0.0,,,0,0.0,0.0,0,0,0.0
7987,57,Graduation,Casado ,65747.0,0.0,1,07-03-2014,96,346.0,17,48.0,23.0,13.0,13,4.0,8.0,1,6,6,0.0,,,0,0.0,0.0,1,0,0.0
7798,54,2n Cycle,En pareja ,46344.0,0.0,1,14-12-2012,28,233.0,20,57.0,8.0,20.0,91,4.0,7.0,1,5,7,0.0,,,0,0.0,0.0,0,0,0.0
92,38,Graduation,Soltero,34176.0,1.0,0,12-05-2014,12,5.0,7,24.0,19.0,14.0,20,4.0,3.0,0,4,6,0.0,,,0,0.0,0.0,0,0,0.0
7055,74,PhD,En pareja ,61010.0,0.0,1,09-10-2012,57,888.0,0,57.0,0.0,0.0,76,2.0,8.0,5,11,5,0.0,,,0,0.0,0.0,0,0,0.0
10240,77,Graduation,En pareja ,69372.0,0.0,0,19-02-2013,10,997.0,26,269.0,34.0,13.0,42,1.0,10.0,4,6,4,0.0,,,0,0.0,0.0,1,1,1.0
3025,68,Graduation,Soltero ,49967.0,0.0,1,08-07-2013,4,212.0,6,69.0,4.0,12.0,3,3.0,6.0,1,5,7,0.0,,,0,0.0,0.0,0,0,0.0
9283,48,Graduation,Soltero ,60199.0,1.0,2,12-09-2013,49,8.0,1,7.0,2.0,0.0,0,1.0,0.0,0,3,4,0.0,,,0,0.0,0.0,0,0,0.0
9970,49,Graduation,En pareja ,55375.0,0.0,1,17-10-2013,3,42.0,11,57.0,10.0,28.0,14,1.0,1.0,1,6,2,0.0,,,0,0.0,0.0,0,0,0.0
2730,71,Graduation,Soltero ,80317.0,0.0,0,20-08-2013,64,536.0,11,387.0,149.0,91.0,57,1.0,3.0,4,10,1,0.0,,,0,0.0,0.0,0,0,0.0
2795,68,Master,Soltero ,30523.0,2.0,1,01-07-2013,0,5.0,0,3.0,0.0,0.0,5,1.0,1.0,0,2,7,0.0,,,0,0.0,0.0,0,0,0.0
9260,81,PhD,Casado ,70356.0,0.0,0,05-11-2012,20,1349.0,16,249.0,43.0,16.0,33,2.0,10.0,6,9,6,0.0,,,0,0.0,0.0,0,0,0.0
8182,42,Graduation,Casado ,23228.0,0.0,0,05-01-2014,91,53.0,3,49.0,7.0,4.0,5,4.0,3.0,0,4,8,0.0,,,0,0.0,0.0,0,0,0.0
10095,51,PhD,Divorciado ,74165.0,0.0,0,01-05-2013,9,1001.0,12,240.0,16.0,12.0,12,0.0,5.0,4,10,2,0.0,,,0,0.0,0.0,0,0,0.0
8475,53,PhD,Casado ,157243.0,0.0,1,01-03-2014,98,20.0,2,1582.0,1.0,2.0,1,15.0,0.0,22,0,0,0.0,,,0,0.0,0.0,0,0,0.0
4370,60,Graduation,En pareja ,43482.0,2.0,1,13-11-2013,83,18.0,1,32.0,6.0,3.0,28,3.0,2.0,0,4,6,0.0,,,0,0.0,0.0,0,0,0.0
10573,73,Graduation,Divorciado ,62551.0,0.0,0,18-11-2013,27,125.0,16,98.0,134.0,21.0,27,1.0,6.0,7,4,3,0.0,,,0,0.0,1.0,0,0,0.0
3712,67,Graduation,Divorciado ,52332.0,0.0,0,28-08-2013,63,212.0,5,33.0,7.0,0.0,2,1.0,3.0,2,6,4,0.0,,,0,0.0,0.0,1,0,0.0
6637,38,Graduation,Soltero ,66951.0,0.0,0,02-11-2013,46,277.0,162,305.0,173.0,76.0,124,0.0,3.0,4,7,1,0.0,,,0,0.0,0.0,0,0,0.0
3152,69,Graduation,En pareja ,26091.0,1.0,1,25-02-2014,84,15.0,10,19.0,8.0,17.0,20,3.0,2.0,1,3,5,0.0,,,0,0.0,0.0,0,0,0.0
5610,61,Graduation,En pareja ,33456.0,0.0,1,21-04-2014,58,7.0,3,10.0,8.0,1.0,7,2.0,1.0,0,3,7,0.0,,,0,0.0,0.0,0,0,0.0
6460,44,Graduation,Casado ,28718.0,1.0,0,13-07-2013,78,12.0,4,6.0,11.0,8.0,16,2.0,2.0,0,3,8,0.0,,,0,0.0,0.0,0,0,0.0
1349,56,Graduation,Casado ,50447.0,2.0,0,21-04-2014,4,85.0,7,24.0,2.0,3.0,27,1.0,3.0,1,3,6,0.0,,,0,0.0,0.0,0,0,0.0
1880,67,PhD,En pareja ,53537.0,0.0,1,30-01-2014,17,81.0,0,6.0,0.0,0.0,6,2.0,2.0,1,3,5,0.0,,,0,0.0,0.0,0,0,0.0
641,59,Graduation,Soltero ,52074.0,0.0,1,04-04-2014,77,59.0,0,12.0,0.0,0.0,48,0.0,2.0,2,2,4,0.0,,,0,0.0,0.0,0,0,0.0
8717,51,PhD,Casado ,80427.0,0.0,1,12-09-2012,56,1149.0,71,449.0,69.0,71.0,26,1.0,11.0,8,8,5,0.0,,,0,0.0,0.0,0,0,0.0
10314,78,PhD,Casado ,83837.0,0.0,0,16-12-2012,79,847.0,66,119.0,86.0,89.0,111,1.0,9.0,10,5,4,0.0,,,1,0.0,0.0,1,0,1.0
10854,56,PhD,Casado ,38853.0,0.0,1,23-05-2014,90,29.0,0,14.0,0.0,0.0,2,2.0,2.0,0,3,7,0.0,,,0,0.0,0.0,0,0,0.0
10492,67,Graduation,En pareja ,38285.0,0.0,1,24-06-2014,96,2.0,0,5.0,2.0,0.0,1,1.0,0.0,0,3,2,0.0,,,0,0.0,0.0,0,0,0.0
6935,75,2n Cycle,Casado ,78497.0,0.0,0,01-12-2013,44,207.0,26,0.0,0.0,0.0,223,0.0,5.0,7,12,2,0.0,,,1,0.0,0.0,0,0,0.0
7698,50,PhD,Casado ,51650.0,0.0,1,11-05-2014,81,152.0,3,22.0,2.0,5.0,7,1.0,4.0,1,4,5,0.0,,,0,0.0,0.0,0,0,0.0
3559,38,2n Cycle,Casado ,16248.0,0.0,0,10-05-2014,77,12.0,11,10.0,3.0,12.0,9,3.0,2.0,1,3,6,0.0,,,0,0.0,0.0,0,0,0.0
10562,80,Master,Casado ,66835.0,0.0,0,28-09-2013,21,620.0,26,195.0,34.0,17.0,141,1.0,6.0,4,13,2,0.0,,,0,0.0,0.0,0,0,0.0
10796,42,Master,Casado ,30477.0,1.0,0,22-01-2014,16,47.0,1,6.0,0.0,0.0,12,1.0,1.0,1,3,6,0.0,,,0,0.0,0.0,0,0,0.0
2563,65,Basic,Casado ,28249.0,0.0,0,15-06-2014,80,1.0,9,7.0,2.0,14.0,10,0.0,2.0,0,3,6,0.0,,,0,0.0,0.0,0,0,0.0
3518,43,Graduation,Casado ,25271.0,0.0,0,05-12-2012,45,10.0,1,18.0,10.0,4.0,7,0.0,1.0,1,2,9,0.0,,,0,0.0,0.0,0,0,0.0
5823,56,PhD,Soltero ,32303.0,0.0,1,08-03-2014,63,35.0,0,2.0,0.0,0.0,2,2.0,1.0,0,4,5,0.0,,,0,0.0,0.0,0,0,0.0
3934,60,Graduation,Casado ,61286.0,0.0,1,02-08-2013,34,356.0,0,107.0,19.0,9.0,117,2.0,7.0,1,8,5,0.0,,,0,0.0,0.0,0,0,0.0
6982,50,Graduation,Casado ,74068.0,0.0,0,19-03-2013,14,783.0,30,0.0,140.0,0.0,15,0.0,4.0,10,9,2,0.0,,,0,0.0,0.0,0,0,0.0
6431,62,PhD,Casado ,45759.0,1.0,1,23-02-2013,13,42.0,1,18.0,3.0,0.0,4,2.0,2.0,0,3,7,0.0,,,0,0.0,0.0,0,0,0.0
9733,48,Basic,En pareja ,24882.0,1.0,0,09-09-2012,52,1.0,4,10.0,29.0,0.0,36,1.0,1.0,1,2,6,0.0,,,0,0.0,1.0,0,0,0.0
5602,37,PhD,En pareja ,66973.0,0.0,0,17-05-2013,98,466.0,22,432.0,147.0,113.0,102,1.0,8.0,7,12,3,0.0,,,0,0.0,0.0,0,0,0.0
1324,38,Graduation,Casado ,38872.0,1.0,0,30-05-2013,93,23.0,3,21.0,3.0,19.0,22,2.0,3.0,0,3,8,0.0,,,0,0.0,0.0,0,0,0.0
326,53,Graduation,Casado ,51148.0,0.0,1,18-02-2013,38,235.0,6,45.0,8.0,9.0,12,4.0,5.0,1,6,6,0.0,,,0,0.0,0.0,0,0,0.0
7224,49,Graduation,Casado ,31353.0,1.0,1,29-12-2013,24,10.0,0,10.0,3.0,1.0,7,2.0,1.0,1,2,8,0.0,,,0,0.0,0.0,0,0,0.0
6999,46,Master,Casado ,69661.0,0.0,0,13-05-2014,80,656.0,16,106.0,32.0,0.0,8,0.0,7.0,3,12,3,0.0,,,0,0.0,0.0,0,0,0.0
9938,72,Graduation,Casado ,80067.0,0.0,0,19-09-2013,82,519.0,17,813.0,27.0,173.0,51,1.0,4.0,6,6,2,0.0,,,0,0.0,0.0,0,1,0.0
6422,72,Graduation,Casado ,86718.0,0.0,0,17-01-2013,20,344.0,189,482.0,50.0,33.0,172,1.0,5.0,6,5,2,0.0,,,0,0.0,0.0,0,0,0.0
3182,53,PhD,Soltero ,46854.0,0.0,1,31-03-2014,81,96.0,1,79.0,7.0,1.0,79,6.0,5.0,1,3,8,0.0,,,0,0.0,1.0,0,0,1.0
7300,74,Graduation,Divorciado ,69142.0,0.0,1,29-06-2014,50,448.0,4,34.0,6.0,4.0,39,3.0,8.0,1,7,5,0.0,,,0,0.0,0.0,1,0,0.0
10424,58,Graduation,Soltero ,75922.0,0.0,0,09-12-2013,60,265.0,138,553.0,224.0,23.0,92,1.0,4.0,4,9,1,0.0,,,0,0.0,0.0,0,0,0.0
8727,48,Graduation,Divorciado ,63693.0,0.0,1,14-10-2013,63,587.0,43,337.0,42.0,87.0,54,3.0,11.0,6,9,6,0.0,,,0,0.0,0.0,0,0,0.0
2798,49,PhD,En pareja ,102160.0,0.0,0,02-11-2012,54,763.0,29,138.0,76.0,176.0,58,0.0,7.0,9,10,4,0.0,,,1,0.0,0.0,1,1,1.0
1030,61,PhD,Soltero ,40637.0,1.0,1,17-07-2013,72,22.0,0,723.0,0.0,0.0,3,2.0,1.0,0,3,7,0.0,,,0,0.0,0.0,0,0,0.0
624,42,Master,Soltero ,18890.0,0.0,0,10-11-2012,5,6.0,4,1.0,7.0,2.0,15,1.0,0.0,1,2,6,0.0,,,0,0.0,1.0,0,0,1.0
5176,38,Graduation,En pareja ,29604.0,1.0,0,08-12-2013,88,7.0,6,13.0,7.0,6.0,14,1.0,1.0,0,3,9,0.0,,,0,0.0,1.0,0,0,0.0
5552,63,Master,Divorciado ,48721.0,1.0,1,13-05-2013,50,81.0,18,113.0,47.0,13.0,21,6.0,4.0,2,5,6,0.0,,,0,0.0,0.0,0,0,0.0
868,60,Graduation,Casado ,44794.0,0.0,1,08-06-2014,99,54.0,0,7.0,0.0,0.0,4,1.0,2.0,0,3,6,0.0,,,0,0.0,0.0,0,0,0.0
380,72,Graduation,Divorciado ,64497.0,0.0,1,10-09-2012,17,1170.0,48,320.0,42.0,32.0,192,5.0,11.0,4,9,8,0.0,,,0,0.0,1.0,0,0,1.0
2677,70,Graduation,En pareja ,46097.0,0.0,1,31-03-2013,11,72.0,24,68.0,65.0,4.0,8,5.0,3.0,1,6,4,0.0,,,0,0.0,0.0,0,0,0.0
6521,72,Graduation,En pareja ,77972.0,0.0,0,18-03-2014,18,613.0,22,0.0,0.0,0.0,12,0.0,4.0,6,9,1,0.0,,,0,0.0,0.0,0,0,0.0
6927,58,PhD,Casado ,44377.0,0.0,1,05-10-2012,70,224.0,0,30.0,0.0,0.0,10,8.0,5.0,1,5,8,0.0,,,0,0.0,0.0,0,0,0.0
2877,52,Master,En pareja ,46014.0,1.0,1,21-01-2013,21,410.0,0,59.0,19.0,9.0,44,10.0,7.0,1,8,7,0.0,,,0,0.0,0.0,0,0,0.0
0,41,Graduation,Casado ,70951.0,0.0,0,04-05-2013,66,239.0,10,554.0,254.0,87.0,54,1.0,3.0,4,9,1,0.0,,,0,0.0,0.0,0,0,0.0
1584,49,Graduation,Casado ,41443.0,1.0,0,01-04-2014,79,171.0,7,171.0,25.0,19.0,89,6.0,8.0,1,5,8,0.0,,,0,0.0,0.0,0,0,0.0
7264,48,2n Cycle,Soltero ,52195.0,2.0,1,12-05-2014,2,12.0,0,4.0,0.0,0.0,1,1.0,1.0,0,2,8,0.0,,,0,0.0,0.0,0,0,0.0
6274,78,Master,Casado ,83790.0,0.0,0,15-11-2013,81,1076.0,16,417.0,42.0,48.0,16,1.0,8.0,10,6,3,0.0,,,0,0.0,0.0,1,1,0.0
1377,72,Master,Viudo ,44551.0,0.0,1,31-08-2013,24,182.0,4,33.0,0.0,0.0,66,0.0,4.0,1,5,7,0.0,,,0,0.0,0.0,0,0,0.0
454,46,Graduation,En pareja ,69508.0,0.0,0,14-11-2012,48,824.0,32,162.0,42.0,32.0,43,2.0,11.0,4,11,6,0.0,,,0,0.0,0.0,0,0,0.0
1755,38,2n Cycle,En pareja ,45204.0,0.0,0,11-04-2014,93,30.0,11,25.0,29.0,1.0,18,1.0,1.0,1,4,3,0.0,,,0,0.0,0.0,0,0,0.0
2075,57,Graduation,Casado ,72460.0,0.0,0,14-11-2013,56,377.0,10,540.0,80.0,30.0,10,1.0,3.0,5,7,1,0.0,,,0,0.0,0.0,0,0,0.0
4785,56,PhD,En pareja ,77622.0,0.0,2,14-04-2014,3,520.0,7,154.0,19.0,0.0,14,2.0,6.0,3,11,3,0.0,,,0,0.0,0.0,0,0,0.0
9076,46,PhD,Casado ,30732.0,1.0,0,05-01-2013,44,155.0,1,25.0,0.0,1.0,3,4.0,4.0,1,4,8,0.0,,,0,0.0,0.0,0,0,0.0
7079,64,Graduation,Divorciado ,63887.0,0.0,1,08-09-2012,38,897.0,23,207.0,15.0,11.0,92,5.0,9.0,6,12,6,0.0,,,0,0.0,0.0,0,0,0.0
4653,48,Graduation,En pareja ,42011.0,1.0,0,26-03-2013,46,131.0,0,16.0,2.0,1.0,39,4.0,3.0,1,4,8,0.0,,,0,0.0,0.0,0,0,0.0
7375,50,Graduation,En pareja ,51369.0,0.0,1,25-10-2012,84,297.0,7,79.0,0.0,11.0,182,2.0,8.0,2,4,8,0.0,,,0,0.0,0.0,0,0,0.0
709,74,Graduation,Divorciado ,51537.0,0.0,1,09-12-2012,27,787.0,20,204.0,0.0,0.0,92,3.0,2.0,2,11,8,0.0,,,0,0.0,0.0,0,0,0.0
460,54,PhD,Casado ,79930.0,0.0,0,08-08-2012,72,792.0,86,740.0,67.0,51.0,17,1.0,3.0,5,8,2,0.0,,,0,0.0,0.0,0,0,0.0
3726,40,PhD,En pareja ,34320.0,1.0,0,16-02-2014,66,4.0,1,9.0,3.0,0.0,0,1.0,1.0,0,2,8,0.0,,,0,0.0,0.0,0,0,0.0
6798,60,Graduation,Soltero ,37070.0,0.0,1,20-03-2013,30,231.0,7,137.0,4.0,15.0,39,0.0,5.0,1,8,7,0.0,,,0,0.0,0.0,0,0,1.0
5341,64,2n Cycle,Divorciado ,81975.0,0.0,1,05-01-2013,2,983.0,76,0.0,180.0,0.0,27,0.0,6.0,3,4,7,0.0,,,0,0.0,0.0,0,1,0.0
1606,55,Graduation,En pareja ,38590.0,1.0,0,15-05-2013,65,3.0,1,8.0,4.0,3.0,3,1.0,1.0,0,2,8,0.0,,,0,0.0,0.0,0,0,0.0
9617,75,Graduation,Soltero ,15033.0,0.0,0,16-04-2014,37,0.0,4,5.0,6.0,0.0,4,0.0,1.0,0,3,3,0.0,,,0,0.0,0.0,0,0,0.0
3233,61,PhD,Casado ,62745.0,0.0,1,23-03-2013,89,562.0,21,464.0,28.0,10.0,32,3.0,7.0,8,11,5,0.0,,,0,0.0,0.0,0,0,0.0
89,51,2n Cycle,Casado ,22212.0,1.0,0,09-12-2013,49,5.0,9,20.0,6.0,8.0,21,2.0,2.0,0,4,6,0.0,,,0,0.0,0.0,0,0,0.0
2936,44,Master,En pareja ,23661.0,0.0,0,04-12-2013,46,18.0,0,4.0,0.0,0.0,1,1.0,1.0,0,3,7,0.0,,,0,0.0,0.0,0,0,0.0
9449,68,PhD,Soltero ,79761.0,0.0,1,04-10-2013,32,415.0,5,124.0,15.0,35.0,11,1.0,5.0,2,11,3,0.0,,,0,0.0,0.0,0,0,0.0
7297,53,Graduation,Soltero ,7500.0,1.0,0,26-12-2013,54,5.0,3,10.0,12.0,7.0,20,4.0,3.0,1,3,7,0.0,,,0,0.0,0.0,0,0,0.0
313,58,Graduation,Viudo ,73455.0,0.0,0,28-10-2013,98,901.0,61,0.0,0.0,0.0,20,0.0,6.0,5,10,3,0.0,,,0,0.0,0.0,1,0,0.0
9940,68,Graduation,En pareja ,64961.0,0.0,1,23-12-2012,97,382.0,114,677.0,75.0,124.0,38,2.0,6.0,4,4,3,0.0,,,0,0.0,0.0,0,0,0.0
10735,55,Graduation,Soltero ,22804.0,1.0,0,31-07-2013,75,14.0,1,7.0,2.0,1.0,1,1.0,2.0,0,2,9,0.0,,,0,0.0,0.0,0,0,0.0
9529,36,Graduation,Casado ,73687.0,0.0,0,28-11-2013,8,559.0,153,503.0,218.0,13.0,181,1.0,3.0,9,9,2,0.0,,,1,0.0,0.0,0,0,1.0
6439,68,Graduation,Casado ,61074.0,0.0,1,17-08-2012,37,789.0,0,133.0,0.0,28.0,152,7.0,11.0,5,8,7,0.0,,,0,0.0,0.0,0,0,0.0
7411,62,PhD,Casado ,31686.0,1.0,1,05-06-2014,31,11.0,0,5.0,0.0,0.0,1,2.0,1.0,0,3,6,0.0,,,0,0.0,0.0,0,0,0.0
2176,54,Graduation,Casado ,80134.0,1.0,0,20-05-2013,40,1218.0,16,272.0,104.0,0.0,80,2.0,5.0,3,6,6,0.0,,,1,0.0,0.0,1,1,1.0
9265,73,Graduation,Casado ,75027.0,0.0,1,09-01-2013,74,925.0,64,179.0,133.0,0.0,77,0.0,9.0,4,6,5,0.0,,,0,0.0,0.0,0,0,0.0
8867,38,PhD,Casado ,67546.0,0.0,0,31-08-2012,90,864.0,134,768.0,150.0,38.0,172,1.0,4.0,10,5,3,0.0,,,0,0.0,0.0,0,0,0.0
8932,57,Master,En pareja ,65176.0,0.0,1,29-10-2012,57,960.0,28,183.0,220.0,70.0,70,4.0,9.0,6,6,6,0.0,,,0,0.0,0.0,0,0,0.0
10236,51,Master,Soltero ,31160.0,0.0,0,16-09-2013,59,16.0,3,25.0,6.0,1.0,13,2.0,2.0,0,3,8,0.0,,,0,0.0,0.0,0,0,0.0
6340,41,Graduation,Soltero ,29938.0,0.0,0,27-10-2013,52,3.0,3,0.0,0.0,0.0,11,0.0,1.0,0,3,6,0.0,,,0,0.0,0.0,0,0,0.0
10089,52,Graduation,Divorciado ,102692.0,0.0,0,05-04-2013,5,168.0,148,444.0,32.0,172.0,148,1.0,6.0,9,13,2,0.0,,,1,1.0,0.0,1,1,1.0
2227,68,2n Cycle,En pareja ,26490.0,0.0,0,22-09-2012,92,45.0,47,52.0,21.0,20.0,25,2.0,3.0,1,5,6,0.0,,,0,0.0,0.0,0,0,0.0
10992,59,Graduation,En pareja ,75702.0,0.0,1,29-08-2012,77,650.0,28,353.0,45.0,42.0,30,0.0,4.0,6,11,8,0.0,,,0,0.0,0.0,0,0,0.0
5304,52,PhD,Soltero ,30899.0,1.0,0,13-10-2012,35,24.0,0,8.0,0.0,0.0,1,2.0,1.0,0,3,6,0.0,,,0,0.0,0.0,0,0,0.0
309,65,PhD,En pareja ,63342.0,0.0,1,16-10-2012,48,918.0,21,118.0,13.0,10.0,21,3.0,8.0,3,5,6,0.0,,,0,0.0,0.0,1,0,0.0
3406,62,Graduation,Soltero ,45989.0,0.0,1,22-10-2012,97,138.0,33,87.0,28.0,24.0,12,4.0,3.0,2,7,3,0.0,,,0,0.0,0.0,0,0,0.0
2661,62,Graduation,Soltero ,18701.0,1.0,1,04-06-2013,95,12.0,4,2.0,10.0,6.0,10,4.0,2.0,0,4,5,0.0,,,0,0.0,0.0,0,0,0.0
3153,69,PhD,Soltero ,40737.0,0.0,1,08-12-2013,24,11.0,0,4.0,0.0,0.0,2,0.0,1.0,0,2,8,0.0,,,0,0.0,0.0,0,0,0.0
10264,47,Graduation,Divorciado ,15287.0,1.0,0,10-10-2012,60,1.0,2,8.0,4.0,3.0,13,2.0,1.0,1,2,7,0.0,,,0,0.0,1.0,0,0,1.0
1184,58,PhD,Divorciado ,69674.0,0.0,2,22-05-2013,46,554.0,41,215.0,11.0,0.0,24,3.0,10.0,2,10,5,0.0,,,0,0.0,0.0,0,0,0.0
4200,56,Master,Casado ,44159.0,1.0,0,17-06-2014,85,167.0,2,62.0,24.0,13.0,7,4.0,4.0,1,6,5,0.0,,,0,0.0,0.0,0,0,0.0
9396,48,PhD,Casado ,37717.0,1.0,0,23-11-2012,31,9.0,0,6.0,4.0,1.0,5,1.0,1.0,0,2,9,0.0,,,0,0.0,0.0,0,0,0.0
2387,74,Master,En pareja ,43776.0,1.0,1,03-02-2013,9,177.0,2,71.0,3.0,2.0,20,6.0,5.0,2,4,8,0.0,,,0,0.0,0.0,0,0,1.0
6690,60,Master,Casado ,38179.0,0.0,1,14-03-2013,30,38.0,4,22.0,4.0,2.0,20,4.0,3.0,1,3,7,0.0,,,0,0.0,0.0,0,0,0.0
1225,63,Graduation,Casado ,80124.0,0.0,0,26-06-2014,47,483.0,84,398.0,205.0,84.0,241,1.0,3.0,7,8,1,0.0,,,0,0.0,1.0,0,0,0.0
9703,56,PhD,Casado ,38097.0,1.0,1,15-10-2012,70,77.0,2,35.0,0.0,1.0,69,4.0,3.0,2,2,7,0.0,,,0,0.0,1.0,0,0,1.0
291,56,Graduation,Casado ,72940.0,0.0,0,19-06-2013,13,182.0,74,298.0,162.0,149.0,116,1.0,3.0,3,6,1,0.0,,,0,0.0,0.0,0,0,0.0
4557,56,Graduation,En pareja ,22070.0,1.0,0,04-10-2013,11,10.0,7,19.0,8.0,2.0,21,2.0,2.0,2,2,6,0.0,,,0,0.0,0.0,0,0,0.0
2379,73,Graduation,Soltero ,69267.0,0.0,0,22-09-2012,31,778.0,44,499.0,95.0,73.0,146,2.0,3.0,4,5,7,0.0,,,0,0.0,0.0,0,0,1.0
5726,43,Master,Soltero ,31788.0,0.0,0,20-03-2014,15,16.0,7,23.0,0.0,8.0,6,3.0,3.0,0,4,5,0.0,,,0,0.0,0.0,0,0,0.0
3066,51,PhD,En pareja ,61905.0,0.0,1,04-02-2014,2,167.0,0,43.0,6.0,2.0,13,2.0,4.0,2,4,5,0.0,,,0,0.0,0.0,0,0,0.0
6336,66,Graduation,Casado ,29315.0,0.0,1,06-04-2014,55,13.0,2,14.0,8.0,7.0,4,4.0,2.0,0,4,6,0.0,,,0,0.0,0.0,0,0,0.0
10967,63,Graduation,Divorciado ,33378.0,0.0,1,06-02-2013,38,33.0,6,40.0,3.0,7.0,10,3.0,2.0,0,4,7,0.0,,,0,0.0,0.0,0,0,0.0
2304,63,PhD,En pareja ,66313.0,0.0,1,16-09-2013,86,625.0,7,99.0,10.0,22.0,7,0.0,6.0,3,12,4,0.0,,,0,0.0,0.0,0,0,0.0
3445,70,Graduation,Soltero ,60714.0,0.0,0,17-01-2013,56,216.0,162,224.0,101.0,92.0,162,2.0,7.0,4,10,5,0.0,,,0,0.0,0.0,0,0,1.0
7828,45,Master,En pareja ,77882.0,0.0,0,30-04-2014,29,68.0,129,396.0,188.0,22.0,15,1.0,3.0,3,5,1,0.0,,,0,0.0,0.0,0,0,0.0
3762,40,PhD,Soltero ,69867.0,0.0,0,02-04-2013,30,196.0,0,512.0,33.0,130.0,54,1.0,3.0,5,8,1,0.0,,,1,0.0,0.0,0,0,1.0
4391,58,Master,Divorciado ,63841.0,0.0,1,21-04-2013,64,635.0,15,100.0,20.0,7.0,131,1.0,9.0,3,9,6,0.0,,,0,0.0,0.0,0,0,0.0
4669,45,Basic,Casado ,24480.0,1.0,0,11-02-2013,46,4.0,19,9.0,28.0,25.0,17,3.0,3.0,0,4,7,0.0,,,0,0.0,0.0,0,0,0.0
10144,50,Graduation,En pareja ,51369.0,0.0,1,25-10-2012,84,297.0,7,79.0,0.0,11.0,182,0.0,8.0,2,4,8,0.0,,,0,0.0,0.0,0,0,0.0
8652,80,Graduation,En pareja ,37760.0,0.0,0,31-08-2012,20,84.0,5,0.0,0.0,0.0,28,0.0,4.0,1,6,7,0.0,,,0,0.0,0.0,0,0,0.0
1672,52,PhD,En pareja ,65640.0,0.0,1,01-03-2014,74,204.0,7,149.0,20.0,15.0,66,1.0,5.0,1,8,2,0.0,,,0,0.0,0.0,0,0,0.0
8962,51,Master,Casado ,44319.0,1.0,1,17-04-2014,18,26.0,0,8.0,0.0,0.0,3,2.0,2.0,0,3,5,0.0,,,0,0.0,0.0,0,0,0.0
9974,52,Graduation,Casado ,30631.0,0.0,0,12-07-2013,75,15.0,6,20.0,4.0,5.0,20,1.0,3.0,1,2,7,0.0,,,0,0.0,0.0,0,0,0.0
10983,74,Graduation,En pareja ,75278.0,0.0,0,29-01-2013,17,304.0,98,230.0,150.0,74.0,74,1.0,6.0,3,13,3,0.0,,,0,0.0,0.0,0,0,0.0
8148,70,Master,En pareja ,50898.0,0.0,1,08-01-2013,88,285.0,28,242.0,55.0,114.0,135,13.0,6.0,2,12,5,0.0,,,0,0.0,0.0,0,0,0.0
10102,60,Graduation,Viudo ,79946.0,0.0,0,12-05-2014,19,395.0,183,565.0,166.0,141.0,28,1.0,5.0,11,5,3,0.0,,,0,0.0,0.0,0,0,0.0
4697,77,Master,Divorciado ,35416.0,0.0,0,13-06-2013,62,248.0,3,81.0,4.0,3.0,51,0.0,7.0,1,5,8,0.0,,,0,0.0,0.0,0,0,0.0
9262,42,2n Cycle,En pareja ,32414.0,0.0,0,04-07-2013,11,20.0,6,5.0,0.0,9.0,12,0.0,1.0,0,3,7,0.0,,,0,0.0,0.0,0,0,0.0
7254,57,Graduation,En pareja ,38361.0,0.0,0,27-12-2013,74,39.0,0,56.0,20.0,8.0,14,3.0,3.0,1,3,7,0.0,,,0,0.0,0.0,0,0,0.0
4543,46,Graduation,Casado ,82497.0,0.0,0,31-10-2012,32,777.0,129,573.0,216.0,21.0,203,1.0,2.0,7,9,4,0.0,,,0,0.0,0.0,0,1,0.0
4927,55,Graduation,En pareja ,16626.0,2.0,0,15-01-2014,76,8.0,3,22.0,21.0,1.0,13,3.0,3.0,0,3,9,0.0,,,0,0.0,0.0,0,0,0.0
10451,61,Graduation,En pareja ,29672.0,0.0,1,12-03-2013,6,9.0,1,3.0,0.0,4.0,8,1.0,0.0,0,3,6,0.0,,,0,0.0,0.0,0,0,0.0
2926,74,Master,En pareja ,55951.0,0.0,1,23-08-2012,62,1241.0,0,80.0,0.0,13.0,40,3.0,3.0,6,11,8,0.0,,,0,1.0,0.0,1,0,0.0
2874,38,2n Cycle,Divorciado ,35388.0,0.0,0,07-03-2013,20,6.0,4,7.0,4.0,3.0,8,1.0,1.0,0,3,7,0.0,,,0,0.0,0.0,0,0,0.0
9738,40,Master,En pareja ,42386.0,0.0,0,13-01-2013,43,65.0,4,16.0,0.0,4.0,11,0.0,3.0,0,3,8,0.0,,,0,0.0,0.0,0,0,0.0
7119,44,Graduation,Soltero ,68627.0,0.0,0,12-01-2013,45,395.0,15,263.0,60.0,0.0,38,0.0,2.0,3,6,1,0.0,,,0,0.0,0.0,0,0,0.0
3924,61,PhD,Divorciado ,57912.0,0.0,1,17-03-2014,34,801.0,0,80.0,0.0,0.0,35,5.0,8.0,3,12,5,0.0,,,0,0.0,0.0,1,0,0.0
5827,68,Graduation,Divorciado ,35246.0,0.0,1,16-04-2014,53,36.0,0,12.0,2.0,2.0,10,4.0,3.0,1,3,5,0.0,,,0,0.0,0.0,0,0,0.0
5596,70,2n Cycle,En pareja ,58821.0,0.0,1,12-10-2013,44,513.0,14,154.0,19.0,0.0,28,1.0,9.0,2,9,6,0.0,,,0,0.0,0.0,0,0,0.0
10812,48,PhD,Casado ,46377.0,1.0,0,01-03-2014,89,37.0,0,46.0,4.0,3.0,0,1.0,2.0,1,3,4,0.0,,,0,0.0,0.0,0,0,0.0
1717,38,Graduation,Soltero ,39747.0,0.0,0,13-04-2014,43,80.0,15,93.0,20.0,13.0,52,0.0,5.0,1,4,8,0.0,,,0,0.0,0.0,0,0,0.0
9491,42,Graduation,En pareja ,23976.0,1.0,0,27-12-2013,68,14.0,1,21.0,2.0,3.0,25,3.0,3.0,1,3,7,0.0,,,0,0.0,0.0,0,0,0.0
9274,65,Master,Casado ,80950.0,0.0,0,28-03-2013,44,525.0,147,112.0,219.0,147.0,63,1.0,6.0,7,9,2,0.0,,,1,0.0,0.0,0,0,0.0
6609,60,Graduation,Viudo ,27038.0,0.0,0,18-09-2012,64,1.0,26,25.0,17.0,23.0,15,1.0,3.0,0,3,9,0.0,,,0,0.0,0.0,0,0,1.0
6963,79,Graduation,Soltero ,77457.0,0.0,0,05-03-2014,85,675.0,11,400.0,15.0,45.0,11,0.0,2.0,5,10,1,0.0,,,0,0.0,0.0,0,1,0.0
4440,62,Master,Casado ,64100.0,0.0,1,10-09-2013,93,509.0,0,27.0,0.0,0.0,10,1.0,8.0,3,6,7,0.0,,,0,0.0,0.0,1,0,0.0
1379,34,Master,En pareja ,42670.0,0.0,0,27-04-2013,12,154.0,2,46.0,20.0,4.0,15,1.0,4.0,2,4,4,0.0,,,0,0.0,0.0,0,0,0.0
10032,50,Graduation,Divorciado ,12571.0,0.0,0,18-01-2014,86,3.0,5,14.0,2.0,12.0,17,4.0,3.0,1,3,6,0.0,,,0,0.0,0.0,0,0,0.0
2826,59,Graduation,Casado ,22574.0,0.0,1,28-10-2013,28,25.0,0,8.0,2.0,0.0,2,2.0,2.0,0,3,7,0.0,,,0,0.0,0.0,0,0,0.0
2437,37,Graduation,Casado ,51411.0,0.0,0,03-06-2013,69,861.0,138,461.0,60.0,30.0,61,1.0,6.0,5,12,3,0.0,,,1,0.0,0.0,1,0,0.0
6320,50,Master,Soltero ,70893.0,0.0,0,06-02-2013,42,768.0,44,561.0,77.0,44.0,14,1.0,6.0,6,10,3,0.0,,,0,0.0,0.0,0,0,0.0
3050,60,Graduation,Casado ,54198.0,1.0,1,17-12-2013,13,185.0,0,28.0,3.0,2.0,17,6.0,3.0,1,6,4,0.0,,,0,0.0,0.0,0,0,0.0
231,70,Master,En pareja ,28839.0,0.0,1,11-03-2014,86,24.0,0,7.0,0.0,0.0,1,2.0,2.0,0,3,5,0.0,,,0,0.0,0.0,0,0,0.0
2392,54,Graduation,Casado ,40321.0,0.0,1,29-07-2013,59,44.0,4,21.0,6.0,0.0,27,2.0,3.0,0,3,7,0.0,,,0,0.0,0.0,0,0,0.0
9478,41,Graduation,Soltero ,66503.0,1.0,0,14-08-2012,30,91.0,64,128.0,65.0,3.0,50,2.0,4.0,3,6,3,0.0,,,0,0.0,0.0,0,0,0.0
113,75,Graduation,Casado ,30833.0,0.0,1,16-07-2013,33,11.0,0,7.0,3.0,1.0,6,2.0,1.0,0,3,5,0.0,,,0,0.0,0.0,0,0,0.0
2863,56,Graduation,Soltero ,51411.0,1.0,2,23-08-2013,67,738.0,20,172.0,52.0,50.0,20,6.0,2.0,3,10,7,0.0,,,1,0.0,0.0,1,0,0.0
1802,55,Graduation,Casado ,64795.0,0.0,1,17-01-2013,23,412.0,5,119.0,38.0,29.0,77,3.0,3.0,3,12,2,0.0,,,0,0.0,0.0,0,0,0.0
520,52,Graduation,Casado ,34421.0,0.0,0,01-07-2013,81,3.0,3,7.0,6.0,2.0,9,0.0,1.0,0,2,7,0.0,,,0,0.0,0.0,0,0,0.0
8275,61,PhD,Divorciado ,47025.0,0.0,1,09-02-2014,6,16.0,0,3.0,0.0,0.0,1,1.0,1.0,0,2,7,0.0,,,0,0.0,0.0,0,0,0.0
9750,65,PhD,Divorciado ,64325.0,0.0,1,07-02-2013,41,731.0,60,353.0,78.0,12.0,73,5.0,10.0,3,5,7,0.0,,,0,0.0,0.0,0,0,0.0
2607,73,Graduation,Soltero ,40464.0,0.0,1,11-01-2013,78,424.0,17,0.0,0.0,0.0,41,0.0,8.0,2,8,8,0.0,,,0,0.0,0.0,0,0,0.0
7214,69,Graduation,Casado ,62187.0,0.0,0,05-07-2013,49,792.0,0,275.0,45.0,45.0,126,1.0,4.0,8,5,3,0.0,,,0,0.0,0.0,0,0,0.0
5835,50,PhD,Divorciado ,14849.0,0.0,0,02-07-2013,39,21.0,2,28.0,3.0,2.0,9,3.0,2.0,0,4,8,0.0,,,0,0.0,0.0,0,0,0.0
3896,42,Graduation,Casado ,27255.0,0.0,0,07-11-2013,3,22.0,1,11.0,0.0,1.0,2,1.0,1.0,0,3,7,0.0,,,0,0.0,0.0,0,0,0.0
10350,76,PhD,Casado ,54432.0,2.0,1,09-05-2013,37,33.0,0,5.0,0.0,0.0,0,1.0,1.0,0,3,4,0.0,,,0,0.0,0.0,0,0,0.0
7786,40,PhD,Soltero ,29999.0,0.0,0,13-02-2013,22,68.0,7,59.0,10.0,5.0,11,4.0,3.0,1,4,8,0.0,,,0,0.0,0.0,0,0,0.0
2861,43,Graduation,Soltero ,24072.0,1.0,0,16-04-2013,79,9.0,1,6.0,3.0,0.0,4,1.0,1.0,0,2,8,0.0,,,0,0.0,0.0,0,0,0.0
663,37,PhD,Soltero ,33996.0,0.0,0,11-09-2013,46,40.0,2,15.0,8.0,0.0,6,1.0,1.0,1,3,4,0.0,,,0,0.0,0.0,0,0,0.0
10675,70,PhD,Casado ,66334.0,0.0,1,03-04-2013,82,909.0,11,218.0,0.0,0.0,23,0.0,9.0,3,5,5,0.0,,,0,0.0,0.0,0,0,1.0
2521,55,Master,Casado ,35178.0,1.0,0,10-01-2013,10,23.0,1,13.0,2.0,2.0,18,1.0,1.0,1,2,7,0.0,,,0,0.0,1.0,0,0,1.0
9592,43,Graduation,En pareja ,22010.0,0.0,0,30-06-2013,51,11.0,2,9.0,3.0,0.0,8,2.0,2.0,0,3,8,0.0,,,0,0.0,0.0,0,0,0.0
10151,66,Graduation,Divorciado ,62204.0,0.0,2,12-09-2012,38,317.0,46,247.0,151.0,46.0,139,1.0,4.0,5,12,3,0.0,,,0,0.0,0.0,0,0,0.0
7381,58,Graduation,Divorciado ,75693.0,0.0,0,06-12-2012,10,797.0,153,293.0,72.0,97.0,30,1.0,11.0,4,6,4,0.0,,,1,0.0,0.0,1,1,1.0
4099,54,Graduation,Casado ,30675.0,1.0,0,12-11-2012,14,10.0,2,16.0,11.0,2.0,21,1.0,1.0,0,3,8,0.0,,,0,0.0,0.0,0,0,0.0
9560,61,Graduation,En pareja ,83003.0,0.0,0,03-03-2013,18,856.0,61,570.0,40.0,25.0,122,1.0,7.0,6,8,3,0.0,,,0,0.0,0.0,0,1,1.0
10172,38,Graduation,Soltero ,68655.0,0.0,0,10-08-2012,95,456.0,19,832.0,75.0,118.0,38,1.0,4.0,5,11,3,0.0,,,0,0.0,0.0,0,0,0.0
11191,40,Graduation,Divorciado ,41411.0,0.0,0,07-12-2013,11,37.0,32,38.0,11.0,3.0,18,1.0,2.0,1,4,6,0.0,,,0,0.0,0.0,0,0,0.0
9707,57,PhD,Casado ,55212.0,0.0,1,23-11-2012,65,1103.0,0,45.0,0.0,0.0,34,0.0,4.0,2,11,8,0.0,,,0,0.0,0.0,1,0,0.0
6245,76,PhD,En pareja ,59292.0,0.0,1,13-06-2013,71,378.0,14,68.0,19.0,14.0,14,2.0,3.0,5,8,3,0.0,,,0,0.0,0.0,0,0,0.0
8234,53,Basic,En pareja ,27190.0,0.0,0,15-08-2013,13,1.0,6,7.0,0.0,1.0,3,1.0,1.0,0,2,8,0.0,,,0,0.0,1.0,0,0,1.0
1411,74,Graduation,Divorciado ,82623.0,0.0,0,10-11-2013,58,204.0,34,204.0,172.0,153.0,173,1.0,2.0,9,4,1,0.0,,,0,0.0,0.0,0,0,0.0
8553,61,Graduation,Casado ,44300.0,1.0,1,23-06-2013,65,30.0,0,9.0,0.0,0.0,3,2.0,1.0,0,3,6,0.0,,,0,0.0,0.0,0,0,0.0
1826,56,Graduation,Divorciado ,84835.0,0.0,0,16-06-2014,0,189.0,104,379.0,111.0,189.0,218,1.0,4.0,4,6,1,0.0,,,0,0.0,0.0,0,0,1.0
8842,55,Graduation,Viudo ,30372.0,0.0,1,25-12-2012,33,15.0,0,12.0,7.0,3.0,7,3.0,2.0,0,3,7,0.0,,,0,0.0,0.0,0,0,0.0
11030,50,Master,Casado ,33181.0,1.0,0,03-01-2014,90,9.0,0,3.0,0.0,0.0,4,1.0,1.0,0,2,6,0.0,,,0,0.0,1.0,0,0,0.0
2579,69,Graduation,Casado ,71113.0,0.0,1,17-12-2013,95,495.0,33,0.0,0.0,0.0,8,0.0,6.0,7,9,4,0.0,,,0,0.0,0.0,0,0,0.0
175,40,Graduation,Casado ,71952.0,0.0,0,10-01-2013,93,656.0,80,455.0,52.0,107.0,93,2.0,8.0,4,8,4,0.0,,,0,0.0,0.0,0,1,0.0
9185,60,PhD,Soltero ,69759.0,0.0,0,28-10-2013,38,452.0,20,514.0,13.0,30.0,0,3.0,4.0,6,5,3,0.0,,,0,0.0,0.0,0,0,1.0
11056,52,Graduation,Casado ,72099.0,0.0,0,27-10-2012,18,546.0,91,410.0,119.0,0.0,22,0.0,3.0,4,10,1,0.0,,,0,0.0,0.0,0,0,0.0
9365,50,PhD,Soltero ,60000.0,0.0,1,22-12-2012,57,1048.0,0,217.0,0.0,0.0,12,0.0,11.0,3,5,6,0.0,,,0,0.0,0.0,0,0,0.0
6201,48,Graduation,Soltero ,38643.0,1.0,1,29-11-2013,45,22.0,2,14.0,0.0,1.0,10,2.0,2.0,0,3,7,1.0,,,0,0.0,0.0,0,0,0.0
2061,71,Graduation,Casado ,50737.0,0.0,1,11-05-2013,61,78.0,0,11.0,0.0,0.0,10,1.0,2.0,0,4,6,0.0,,,0,0.0,0.0,1,0,0.0
6184,57,PhD,Casado ,68462.0,0.0,0,12-12-2012,6,561.0,64,785.0,84.0,128.0,48,1.0,3.0,3,8,1,0.0,,,0,0.0,0.0,0,0,0.0
6142,83,Master,Casado ,65073.0,0.0,0,20-08-2013,65,629.0,17,177.0,69.0,0.0,8,1.0,5.0,3,5,2,0.0,,,0,0.0,0.0,0,0,0.0
4107,78,PhD,En pareja ,46681.0,0.0,2,08-10-2013,52,269.0,15,69.0,15.0,19.0,38,2.0,4.0,6,4,5,0.0,,,0,0.0,0.0,0,0,0.0
7274,69,Graduation,Casado ,78618.0,0.0,0,28-09-2012,87,736.0,163,818.0,212.0,163.0,61,0.0,4.0,7,10,2,0.0,,,0,0.0,0.0,1,0,0.0
9336,57,PhD,Viudo ,62187.0,0.0,1,22-03-2014,38,512.0,0,83.0,0.0,0.0,41,3.0,6.0,2,10,4,0.0,,,0,0.0,0.0,0,0,0.0
2958,48,Graduation,Casado ,28442.0,2.0,0,24-02-2014,53,19.0,3,10.0,11.0,8.0,6,3.0,2.0,1,4,4,0.0,,,0,0.0,0.0,0,0,0.0
933,48,PhD,Casado ,37717.0,0.0,0,23-11-2012,31,9.0,0,6.0,4.0,1.0,5,1.0,1.0,0,2,9,0.0,,,0,0.0,0.0,0,0,0.0
5837,59,Graduation,Casado ,51479.0,1.0,1,28-12-2012,67,247.0,8,160.0,6.0,8.0,65,7.0,6.0,3,6,7,0.0,,,0,0.0,0.0,0,0,0.0
10704,57,Graduation,Soltero ,54803.0,0.0,1,21-08-2012,65,404.0,0,92.0,28.0,27.0,142,2.0,6.0,2,9,4,0.0,,,0,0.0,0.0,0,0,0.0
5125,66,Graduation,Casado ,79530.0,0.0,0,17-05-2013,64,333.0,0,815.0,129.0,42.0,29,0.0,4.0,10,11,2,0.0,,,0,0.0,0.0,0,0,0.0
4432,50,Graduation,Divorciado ,31615.0,0.0,0,16-03-2013,82,2.0,3,20.0,6.0,11.0,9,0.0,2.0,0,3,7,0.0,,,0,0.0,0.0,0,0,0.0
5955,64,Graduation,En pareja ,72025.0,0.0,0,17-11-2012,27,833.0,33,0.0,0.0,0.0,233,0.0,4.0,3,8,3,0.0,,,0,0.0,0.0,0,0,0.0
2928,51,PhD,Soltero ,52614.0,0.0,1,01-12-2012,63,789.0,0,142.0,12.0,9.0,38,2.0,2.0,4,8,8,0.0,,,0,0.0,0.0,0,0,0.0
5680,42,2n Cycle,Casado ,35684.0,1.0,0,22-04-2014,66,10.0,4,7.0,0.0,6.0,3,1.0,1.0,0,3,6,0.0,,,0,0.0,0.0,0,0,0.0
10313,51,Graduation,Casado ,48178.0,0.0,1,28-10-2012,69,159.0,4,45.0,6.0,2.0,38,6.0,5.0,1,4,8,0.0,,,0,0.0,0.0,0,0,0.0
2557,56,Master,Soltero ,29548.0,1.0,0,29-08-2013,52,7.0,1,6.0,3.0,1.0,11,1.0,1.0,1,2,4,0.0,,,0,0.0,1.0,0,0,0.0
1245,60,Graduation,Soltero ,63810.0,0.0,1,11-11-2012,45,977.0,12,253.0,16.0,12.0,101,4.0,4.0,3,12,8,0.0,,,0,0.0,0.0,1,0,0.0
1519,54,PhD,Soltero ,38578.0,0.0,1,22-06-2013,2,38.0,4,22.0,3.0,3.0,3,3.0,3.0,0,3,8,0.0,,,0,0.0,0.0,0,0,1.0
10703,51,Master,Soltero ,46098.0,1.0,1,18-08-2012,86,57.0,0,27.0,0.0,0.0,36,4.0,3.0,2,2,8,0.0,,,0,0.0,0.0,0,0,0.0
1726,56,Graduation,Soltero ,22585.0,0.0,0,18-03-2013,23,3.0,9,15.0,13.0,2.0,39,1.0,1.0,1,2,9,0.0,,,0,0.0,1.0,0,0,1.0
4459,37,Graduation,Soltero ,30279.0,0.0,0,30-12-2012,13,10.0,4,14.0,4.0,4.0,1,1.0,1.0,0,3,8,0.0,,,0,0.0,0.0,0,0,0.0
1729,65,PhD,En pareja ,66426.0,0.0,1,02-10-2013,14,1043.0,24,97.0,32.0,24.0,157,2.0,3.0,5,10,6,0.0,,,0,0.0,0.0,0,0,0.0
1517,57,Graduation,Soltero ,30822.0,1.0,0,14-06-2013,92,3.0,9,13.0,2.0,12.0,12,1.0,1.0,0,3,7,0.0,,,0,0.0,0.0,0,0,0.0
2098,57,PhD,Casado ,33581.0,0.0,0,08-01-2013,38,11.0,0,5.0,0.0,0.0,1,1.0,1.0,0,2,8,0.0,,,0,0.0,0.0,0,0,0.0
9543,41,Graduation,Casado ,19986.0,0.0,0,14-11-2013,74,3.0,6,5.0,0.0,2.0,6,1.0,0.0,0,3,7,0.0,,,0,0.0,0.0,0,0,0.0
6878,72,Graduation,Viudo ,27421.0,0.0,0,12-12-2012,14,43.0,12,96.0,78.0,40.0,55,3.0,4.0,1,6,7,0.0,,,0,0.0,0.0,0,0,0.0
3310,53,2n Cycle,Casado ,35688.0,0.0,1,22-08-2012,94,73.0,3,90.0,12.0,1.0,32,0.0,4.0,1,4,8,0.0,,,0,0.0,0.0,0,0,0.0
2724,45,Master,Soltero ,36143.0,1.0,0,30-03-2014,33,12.0,0,1.0,0.0,0.0,6,1.0,0.0,1,2,3,0.0,,,0,0.0,0.0,0,0,0.0
948,55,Graduation,Soltero ,10245.0,1.0,0,15-05-2013,32,4.0,7,7.0,6.0,4.0,13,3.0,1.0,2,2,5,0.0,,,0,0.0,0.0,0,0,0.0
6720,58,Master,En pareja ,43795.0,0.0,1,16-10-2013,11,314.0,11,53.0,4.0,3.0,107,3.0,7.0,3,4,7,0.0,,,0,0.0,0.0,1,0,1.0
6202,66,Graduation,En pareja ,63381.0,0.0,1,05-10-2012,78,571.0,50,142.0,33.0,50.0,159,4.0,4.0,5,13,2,0.0,,,0,0.0,0.0,0,0,0.0
2066,77,Graduation,En pareja ,38823.0,0.0,1,30-08-2012,56,70.0,0,11.0,2.0,8.0,23,1.0,2.0,1,3,6,0.0,,,0,0.0,0.0,0,0,0.0
9799,58,PhD,Divorciado ,83664.0,1.0,1,08-05-2013,57,866.0,21,151.0,28.0,21.0,86,3.0,2.0,2,12,5,0.0,,,0,0.0,0.0,0,0,0.0
8318,47,Graduation,En pareja ,90300.0,0.0,0,03-01-2014,7,594.0,134,786.0,33.0,134.0,57,0.0,5.0,6,8,1,0.0,,,0,0.0,0.0,0,1,0.0
5642,47,Master,En pareja ,62499.0,1.0,0,09-12-2013,0,140.0,4,61.0,0.0,13.0,4,2.0,3.0,1,6,4,0.0,,,0,0.0,0.0,0,0,0.0
2669,33,Graduation,Soltero ,74293.0,0.0,0,04-05-2014,66,1451.0,152,335.0,93.0,91.0,81,1.0,5.0,4,6,2,0.0,,,0,0.0,0.0,0,0,0.0
455,80,PhD,Casado ,51012.0,0.0,0,18-04-2013,86,102.0,9,63.0,2.0,9.0,24,1.0,4.0,1,4,6,0.0,,,0,0.0,0.0,0,0,0.0
7683,58,Master,Casado ,70777.0,0.0,1,25-02-2014,80,554.0,35,113.0,0.0,7.0,78,3.0,5.0,3,12,3,0.0,,,0,0.0,0.0,0,0,0.0
3428,35,PhD,En pareja ,68682.0,0.0,0,06-10-2013,56,919.0,0,505.0,99.0,30.0,45,1.0,4.0,9,10,2,0.0,,,0,0.0,0.0,0,0,0.0
7414,55,Graduation,Casado ,43824.0,1.0,1,15-09-2012,18,96.0,1,42.0,12.0,3.0,32,4.0,3.0,1,4,8,0.0,,,0,0.0,0.0,0,0,0.0
6354,42,Graduation,En pareja ,15345.0,1.0,0,31-08-2012,51,5.0,2,16.0,3.0,2.0,19,2.0,1.0,1,2,8,0.0,,,0,0.0,0.0,0,0,1.0
798,39,Graduation,Soltero ,23442.0,0.0,0,24-12-2012,71,2.0,0,6.0,8.0,6.0,5,1.0,1.0,0,3,7,0.0,,,0,0.0,0.0,0,0,0.0
8213,46,2n Cycle,En pareja ,14515.0,1.0,0,09-11-2012,71,6.0,4,9.0,6.0,36.0,35,4.0,2.0,2,3,7,0.0,,,0,0.0,0.0,0,0,1.0
2488,70,2n Cycle,Divorciado ,31395.0,1.0,1,23-03-2013,80,23.0,1,25.0,0.0,8.0,7,4.0,2.0,1,3,6,0.0,,,0,0.0,0.0,0,0,0.0
9999,61,Graduation,En pareja ,75276.0,0.0,0,27-09-2012,2,610.0,105,125.0,137.0,42.0,21,1.0,9.0,4,9,5,0.0,,,0,0.0,0.0,0,0,0.0
7617,52,Graduation,Soltero ,42373.0,0.0,1,15-08-2013,83,67.0,5,61.0,3.0,8.0,19,5.0,2.0,1,5,5,0.0,,,0,0.0,0.0,0,0,0.0
615,66,Graduation,En pareja ,30507.0,0.0,0,11-03-2013,29,65.0,36,74.0,38.0,20.0,110,1.0,5.0,1,4,7,0.0,,,0,0.0,0.0,0,0,0.0
2552,71,PhD,Soltero ,55521.0,1.0,2,22-10-2013,11,416.0,0,26.0,0.0,0.0,4,9.0,6.0,3,6,7,0.0,,,0,0.0,0.0,1,0,1.0
194,61,Graduation,Casado ,48006.0,0.0,1,09-06-2014,55,23.0,0,11.0,3.0,2.0,2,1.0,1.0,0,3,6,0.0,,,0,0.0,0.0,0,0,0.0
3645,54,PhD,Soltero ,27213.0,0.0,0,30-08-2012,19,19.0,3,26.0,10.0,9.0,3,0.0,2.0,0,4,8,0.0,,,0,0.0,0.0,0,0,1.0
8890,55,PhD,Divorciado ,65808.0,1.0,1,30-05-2014,1,155.0,7,80.0,13.0,7.0,10,3.0,5.0,1,5,6,0.0,,,0,0.0,0.0,0,0,0.0
5049,52,PhD,En pareja ,30351.0,0.0,0,06-06-2013,19,14.0,0,24.0,3.0,3.0,2,0.0,3.0,0,2,9,0.0,,,0,0.0,0.0,0,0,0.0
9973,63,Graduation,Casado ,50437.0,0.0,2,17-10-2012,28,370.0,9,92.0,6.0,9.0,4,0.0,7.0,1,8,7,0.0,,,0,0.0,0.0,0,0,0.0
7301,44,2n Cycle,Soltero ,23616.0,0.0,0,17-11-2012,76,4.0,22,11.0,3.0,7.0,32,0.0,3.0,0,3,8,0.0,,,0,0.0,0.0,0,0,1.0
10882,50,Graduation,Casado ,53858.0,0.0,1,09-11-2012,50,407.0,53,221.0,58.0,150.0,26,4.0,4.0,3,6,4,0.0,,,0,0.0,0.0,0,0,0.0
7030,71,PhD,Casado ,66465.0,0.0,1,30-03-2013,1,1200.0,0,204.0,38.0,29.0,14,3.0,11.0,9,12,6,0.0,,,1,0.0,0.0,0,0,0.0
7422,39,Graduation,Soltero ,46923.0,0.0,0,22-08-2012,90,85.0,44,54.0,102.0,78.0,6,3.0,5.0,1,7,7,0.0,,,0,0.0,0.0,0,0,0.0
3523,64,Graduation,En pareja ,75072.0,0.0,1,23-01-2013,83,583.0,34,309.0,0.0,22.0,125,0.0,5.0,4,8,3,0.0,,,0,0.0,0.0,0,0,0.0
7106,83,PhD,Casado ,75865.0,0.0,0,31-03-2014,73,483.0,0,591.0,156.0,0.0,12,1.0,3.0,5,10,1,0.0,,,0,0.0,0.0,0,0,0.0
6504,51,2n Cycle,En pareja ,19789.0,0.0,0,20-11-2013,24,2.0,5,9.0,28.0,6.0,28,3.0,2.0,1,3,5,0.0,,,0,0.0,1.0,0,0,0.0
5067,32,Graduation,En pareja ,80134.0,0.0,0,14-02-2014,11,966.0,26,282.0,52.0,26.0,26,1.0,2.0,7,11,5,0.0,,,1,1.0,0.0,1,1,0.0
4216,45,Graduation,Soltero ,91065.0,0.0,0,22-02-2013,33,822.0,114,108.0,179.0,137.0,114,1.0,7.0,9,9,3,0.0,,,1,0.0,0.0,0,1,1.0
8581,55,Master,Casado ,49505.0,1.0,1,05-03-2013,4,604.0,0,100.0,19.0,0.0,28,9.0,10.0,2,8,8,0.0,,,0,0.0,0.0,0,0,0.0
5929,53,PhD,Casado ,37401.0,0.0,0,06-05-2014,14,19.0,3,19.0,3.0,1.0,3,0.0,2.0,0,3,7,0.0,,,0,0.0,0.0,0,0,0.0
3129,43,Graduation,Casado ,30096.0,1.0,0,22-05-2014,30,5.0,3,11.0,12.0,5.0,9,1.0,2.0,0,3,6,0.0,,,0,0.0,0.0,0,0,0.0
6528,44,Master,En pareja ,18492.0,0.0,0,05-06-2014,75,2.0,2,2.0,2.0,1.0,1,0.0,1.0,0,2,8,0.0,,,0,0.0,0.0,0,0,0.0
1361,52,Master,Casado ,82584.0,0.0,0,04-06-2013,26,1076.0,68,103.0,29.0,91.0,68,1.0,3.0,4,8,1,0.0,,,0,0.0,0.0,1,1,1.0
6932,85,PhD,Casado ,93027.0,0.0,0,13-04-2013,77,1285.0,42,716.0,55.0,0.0,21,0.0,7.0,10,5,2,0.0,,,0,0.0,0.0,0,1,0.0
7284,73,Graduation,Casado ,48686.0,0.0,2,04-12-2013,8,10.0,0,7.0,2.0,0.0,1,1.0,1.0,0,2,8,0.0,,,0,0.0,0.0,0,0,0.0
1340,40,Graduation,Casado ,92910.0,0.0,0,24-04-2014,42,551.0,137,792.0,179.0,103.0,33,1.0,6.0,7,13,1,0.0,,,1,0.0,0.0,1,1,0.0
8746,37,Graduation,Casado ,75433.0,0.0,0,05-04-2014,28,800.0,0,297.0,0.0,34.0,57,2.0,2.0,5,10,6,0.0,,,1,0.0,0.0,1,0,0.0
5987,37,2n Cycle,En pareja ,10404.0,0.0,0,04-05-2014,52,2.0,2,11.0,10.0,6.0,12,2.0,1.0,0,4,5,0.0,,,0,0.0,0.0,0,0,0.0
3767,58,Graduation,Casado ,61314.0,0.0,1,25-04-2013,1,378.0,0,189.0,97.0,172.0,172,2.0,5.0,5,12,3,0.0,,,0,0.0,0.0,0,0,0.0
3725,65,PhD,Soltero ,84865.0,0.0,0,09-05-2013,1,1248.0,16,349.0,43.0,16.0,16,0.0,2.0,4,9,4,0.0,,,1,0.0,0.0,1,1,1.0
4324,37,Graduation,Casado ,42387.0,1.0,0,29-10-2012,42,235.0,0,235.0,19.0,4.0,191,5.0,8.0,1,7,8,0.0,,,0,0.0,0.0,0,0,0.0
238,59,2n Cycle,En pareja ,67309.0,0.0,1,23-01-2013,76,515.0,47,181.0,149.0,0.0,95,0.0,9.0,6,9,7,0.0,,,0,0.0,0.0,0,0,0.0
6694,62,Graduation,Casado ,75236.0,0.0,1,25-11-2013,27,438.0,66,400.0,12.0,38.0,114,0.0,8.0,3,13,4,0.0,,,0,0.0,0.0,0,0,0.0
498,56,Graduation,Soltero ,30015.0,1.0,0,02-02-2014,28,25.0,0,22.0,2.0,3.0,5,2.0,1.0,0,4,5,0.0,,,0,0.0,0.0,0,0,0.0
9347,70,Master,En pareja ,50943.0,0.0,1,21-06-2013,49,31.0,0,7.0,2.0,0.0,6,0.0,1.0,0,3,5,0.0,,,0,0.0,0.0,0,0,0.0
9699,60,Graduation,Divorciado ,67272.0,0.0,1,21-12-2013,12,357.0,35,271.0,28.0,28.0,14,3.0,6.0,2,12,5,0.0,,,0,0.0,0.0,0,0,0.0
10664,77,Master,Viudo ,51529.0,0.0,1,07-09-2013,14,400.0,4,35.0,6.0,0.0,22,2.0,9.0,1,5,8,0.0,,,0,0.0,0.0,0,0,0.0
5455,55,PhD,Casado ,32011.0,0.0,0,22-08-2013,89,99.0,0,15.0,2.0,1.0,5,0.0,2.0,1,4,7,0.0,,,0,0.0,0.0,0,0,0.0
456,40,2n Cycle,Casado ,7500.0,0.0,0,07-02-2013,96,1.0,11,5.0,4.0,6.0,9,2.0,2.0,0,3,8,0.0,,,0,0.0,0.0,0,0,0.0
5012,37,Graduation,Casado ,28691.0,0.0,0,04-07-2013,56,5.0,4,13.0,8.0,0.0,4,0.0,1.0,0,3,8,0.0,,,0,0.0,0.0,0,0,0.0
7495,78,PhD,Casado ,56223.0,0.0,1,20-12-2013,72,77.0,28,31.0,16.0,0.0,4,2.0,2.0,1,5,4,0.0,,,0,0.0,0.0,0,0,0.0
5029,80,Graduation,Casado ,18100.0,0.0,0,06-08-2013,14,3.0,1,2.0,4.0,3.0,1,1.0,0.0,0,3,5,0.0,,,0,0.0,0.0,0,0,0.0
10642,37,Graduation,Soltero ,30279.0,1.0,0,30-12-2012,13,10.0,4,14.0,4.0,4.0,1,1.0,1.0,0,3,8,0.0,,,0,0.0,0.0,0,0,0.0
2106,52,2n Cycle,Casado ,20130.0,0.0,0,17-03-2014,99,0.0,6,3.0,7.0,6.0,12,1.0,1.0,0,3,8,0.0,,,0,0.0,0.0,0,0,0.0
10364,67,Graduation,Divorciado ,23295.0,0.0,0,13-07-2013,72,0.0,0,1.0,2.0,12.0,5,0.0,1.0,0,2,8,0.0,,,0,0.0,0.0,0,0,0.0
5954,54,Master,Divorciado ,42618.0,1.0,0,09-10-2013,92,76.0,14,74.0,13.0,5.0,10,2.0,5.0,0,4,8,0.0,,,0,0.0,0.0,0,0,0.0
1137,62,Graduation,Soltero ,81246.0,0.0,0,29-12-2013,87,398.0,190,537.0,61.0,156.0,37,1.0,4.0,5,7,1,0.0,,,1,0.0,1.0,0,0,0.0
2541,50,Graduation,Casado ,24027.0,1.0,0,09-06-2013,7,14.0,7,11.0,11.0,0.0,5,2.0,2.0,0,3,8,0.0,,,0,0.0,0.0,0,0,0.0
1142,73,PhD,Casado ,55707.0,0.0,1,22-12-2013,91,208.0,7,82.0,30.0,66.0,35,2.0,3.0,2,9,3,0.0,,,0,0.0,0.0,0,0,0.0
2276,71,Graduation,Soltero ,57959.0,0.0,1,02-05-2013,71,430.0,16,322.0,43.0,24.0,33,0.0,4.0,7,11,3,0.0,,,0,0.0,0.0,0,0,0.0
2807,57,Graduation,Casado ,56796.0,0.0,1,16-02-2013,24,656.0,38,161.0,62.0,47.0,37,3.0,8.0,9,7,7,0.0,,,0,0.0,0.0,0,0,0.0
6471,55,Master,Soltero ,36230.0,1.0,0,17-10-2013,17,14.0,2,30.0,8.0,2.0,3,1.0,2.0,0,4,5,0.0,,,0,0.0,0.0,0,0,0.0
6131,46,2n Cycle,Casado ,70829.0,0.0,1,01-12-2013,87,141.0,70,106.0,72.0,19.0,23,2.0,4.0,2,8,3,0.0,,,0,0.0,0.0,0,0,0.0
6233,50,Graduation,Casado ,65991.0,0.0,1,07-09-2012,21,507.0,19,364.0,25.0,47.0,9,3.0,9.0,5,10,7,0.0,,,0,0.0,0.0,0,0,0.0
4148,54,Graduation,Casado ,38988.0,1.0,2,20-08-2012,90,164.0,24,103.0,12.0,3.0,42,7.0,5.0,1,6,8,0.0,,,0,0.0,0.0,0,0,0.0
4947,60,2n Cycle,Soltero ,89572.0,0.0,0,15-09-2012,44,606.0,24,974.0,197.0,194.0,64,1.0,7.0,7,9,4,0.0,,,1,0.0,0.0,1,0,1.0
3225,42,Master,Casado ,42207.0,0.0,0,01-04-2013,71,116.0,11,72.0,3.0,17.0,46,0.0,4.0,1,5,6,0.0,,,0,0.0,0.0,0,0,1.0
7540,74,Graduation,Casado ,50300.0,0.0,1,25-05-2014,52,143.0,15,60.0,24.0,23.0,5,2.0,2.0,1,8,2,0.0,,,0,0.0,0.0,0,0,0.0
10648,44,2n Cycle,En pareja ,66664.0,0.0,0,25-09-2012,78,398.0,96,447.0,220.0,96.0,32,1.0,5.0,7,6,3,0.0,,,0,0.0,0.0,0,0,0.0
1992,62,Graduation,Casado ,60597.0,0.0,1,01-01-2014,2,522.0,0,257.0,32.0,16.0,66,4.0,2.0,2,8,7,0.0,,,1,0.0,0.0,0,0,1.0
7851,77,Graduation,Viudo ,70165.0,0.0,0,22-09-2013,60,161.0,0,253.0,199.0,191.0,122,0.0,3.0,7,11,1,0.0,,,0,0.0,0.0,0,0,0.0
8594,68,PhD,Viudo ,50520.0,0.0,1,28-01-2014,25,112.0,0,6.0,2.0,1.0,14,2.0,3.0,1,3,6,0.0,,,0,0.0,0.0,0,0,0.0
7059,63,Graduation,Casado ,80124.0,0.0,0,26-06-2014,47,483.0,84,398.0,205.0,84.0,241,0.0,3.0,7,8,1,0.0,,,0,0.0,0.0,0,0,0.0
2815,51,Graduation,Casado ,33183.0,0.0,0,24-02-2014,46,7.0,5,39.0,17.0,15.0,37,2.0,4.0,0,3,7,0.0,,,0,0.0,0.0,0,0,0.0
2416,57,PhD,Soltero ,66582.0,0.0,0,03-03-2014,83,789.0,25,420.0,16.0,38.0,0,1.0,2.0,8,9,1,0.0,,,0,0.0,0.0,0,0,0.0
7999,71,PhD,En pareja ,75261.0,0.0,0,23-04-2013,17,1239.0,17,413.0,23.0,34.0,17,1.0,5.0,6,5,2,0.0,,,0,0.0,0.0,1,1,1.0
9213,56,Graduation,Viudo ,31880.0,1.0,0,31-10-2012,13,4.0,1,5.0,2.0,0.0,3,1.0,1.0,0,2,8,0.0,,,0,0.0,0.0,0,0,0.0
9697,75,Graduation,Casado ,53790.0,0.0,2,06-03-2014,86,335.0,42,127.0,28.0,5.0,5,3.0,7.0,2,8,6,0.0,,,0,0.0,0.0,0,0,0.0
3916,55,PhD,En pareja ,49269.0,1.0,0,15-08-2012,92,639.0,8,166.0,11.0,8.0,58,3.0,7.0,3,12,7,0.0,,,0,0.0,0.0,0,0,0.0
2021,51,Graduation,Casado ,61456.0,0.0,1,27-03-2013,47,563.0,76,384.0,84.0,192.0,89,4.0,6.0,10,13,4,0.0,,,0,0.0,0.0,0,0,0.0
1581,46,Graduation,Casado ,37406.0,0.0,0,10-10-2013,18,2.0,0,8.0,2.0,2.0,3,0.0,1.0,0,2,8,0.0,,,0,0.0,0.0,0,0,1.0
564,45,PhD,En pareja ,56937.0,0.0,0,04-08-2012,279,746.0,8,125.0,11.0,8.0,8,0.0,8.0,6,9,6,0.0,,,0,0.0,0.0,1,0,1.0
6619,48,Graduation,Casado ,38415.0,1.0,1,02-01-2013,91,22.0,1,13.0,4.0,0.0,4,2.0,1.0,0,3,7,0.0,,,0,0.0,0.0,0,0,0.0
9081,38,Graduation,Soltero ,20518.0,1.0,0,18-05-2014,58,4.0,1,6.0,4.0,1.0,9,1.0,1.0,1,2,5,0.0,,,0,0.0,0.0,0,0,0.0
178,70,Graduation,Casado ,62503.0,0.0,1,18-02-2013,40,478.0,0,193.0,110.0,75.0,117,4.0,8.0,3,11,5,0.0,,,0,0.0,0.0,0,0,0.0
916,54,PhD,Soltero ,41644.0,1.0,1,09-05-2014,67,20.0,3,4.0,2.0,0.0,2,2.0,1.0,0,3,3,0.0,,,0,0.0,0.0,0,0,0.0
5512,49,Master,Casado ,55842.0,0.0,1,23-05-2014,19,451.0,0,39.0,0.0,4.0,24,1.0,7.0,1,8,5,0.0,,,0,0.0,0.0,0,0,0.0
8970,54,PhD,Casado ,62010.0,0.0,1,23-10-2012,93,371.0,22,39.0,6.0,0.0,92,0.0,6.0,2,7,5,0.0,,,0,0.0,0.0,0,0,0.0
10581,49,Graduation,Casado ,41124.0,0.0,0,31-10-2012,41,281.0,7,84.0,15.0,0.0,119,0.0,7.0,3,4,8,0.0,,,0,0.0,0.0,0,0,0.0
5300,53,Master,Casado ,38961.0,0.0,0,30-12-2013,60,19.0,7,0.0,0.0,0.0,24,0.0,2.0,1,2,7,0.0,,,0,0.0,0.0,0,0,0.0
5154,54,Master,Divorciado ,37760.0,0.0,0,11-08-2013,54,26.0,3,13.0,2.0,10.0,0,1.0,2.0,0,3,6,0.0,,,0,0.0,0.0,0,0,0.0
8346,52,Graduation,Soltero ,32233.0,0.0,0,19-08-2012,26,138.0,15,0.0,0.0,0.0,72,0.0,6.0,2,2,9,0.0,,,0,0.0,0.0,0,0,0.0
1676,51,Graduation,Casado ,43057.0,0.0,1,30-10-2013,30,213.0,2,44.0,0.0,2.0,5,4.0,4.0,2,5,5,0.0,,,0,0.0,0.0,0,0,0.0
9286,66,Master,En pareja ,83151.0,0.0,0,10-10-2012,93,407.0,28,100.0,120.0,74.0,18,1.0,5.0,9,4,3,0.0,,,0,0.0,0.0,0,0,0.0
2426,62,PhD,Divorciado ,78825.0,0.0,0,14-09-2012,35,483.0,74,114.0,169.0,37.0,18,1.0,5.0,10,13,3,0.0,,,0,0.0,0.0,0,0,1.0
5172,50,Master,En pareja ,65104.0,0.0,1,14-11-2013,4,738.0,0,232.0,13.0,20.0,50,0.0,3.0,5,7,7,0.0,,,0,0.0,0.0,0,0,0.0
5562,52,Graduation,Casado ,60093.0,0.0,1,26-06-2013,92,502.0,12,109.0,16.0,6.0,90,2.0,7.0,2,10,6,0.0,,,0,0.0,0.0,0,0,0.0
3436,57,Graduation,Casado ,14045.0,1.0,0,26-01-2014,24,11.0,0,5.0,2.0,1.0,1,1.0,1.0,0,3,7,0.0,,,0,0.0,0.0,0,0,0.0
3921,74,2n Cycle,Viudo ,28457.0,0.0,0,28-10-2012,96,24.0,1,108.0,29.0,29.0,14,1.0,4.0,1,4,8,0.0,,,0,0.0,0.0,0,0,0.0
3403,68,PhD,En pareja ,78952.0,0.0,1,24-09-2012,11,1170.0,19,594.0,99.0,76.0,134,2.0,2.0,5,12,6,0.0,,,0,0.0,0.0,0,0,0.0
22,50,Graduation,Divorciado ,46310.0,1.0,0,03-12-2012,99,185.0,2,88.0,15.0,5.0,14,2.0,6.0,1,5,8,0.0,,,0,0.0,0.0,0,0,0.0
10965,71,Graduation,En pareja ,76005.0,0.0,0,22-02-2013,72,983.0,20,389.0,240.0,50.0,40,1.0,3.0,5,13,6,0.0,,,1,0.0,0.0,0,0,0.0
9426,62,Master,Soltero ,58308.0,0.0,1,12-01-2013,77,691.0,0,69.0,10.0,0.0,130,4.0,2.0,6,3,8,0.0,,,0,0.0,0.0,0,0,0.0
6605,82,PhD,Divorciado ,55614.0,0.0,0,27-11-2013,85,504.0,13,131.0,8.0,0.0,26,0.0,9.0,4,6,7,0.0,,,0,0.0,0.0,1,0,0.0
3136,64,Master,Divorciado ,59432.0,0.0,1,13-04-2013,88,317.0,25,265.0,25.0,19.0,12,0.0,5.0,3,11,5,0.0,,,0,0.0,0.0,0,0,0.0
8737,48,Graduation,Divorciado ,55563.0,0.0,1,05-04-2014,22,29.0,1,9.0,2.0,0.0,2,1.0,2.0,0,3,3,0.0,,,0,0.0,0.0,0,0,0.0
11088,55,PhD,En pareja ,78642.0,0.0,1,21-04-2013,83,1396.0,0,322.0,46.0,35.0,17,1.0,4.0,9,4,6,0.0,,,0,0.0,0.0,0,0,0.0
716,77,PhD,En pareja ,67911.0,0.0,1,22-05-2014,63,529.0,0,356.0,63.0,28.0,0,3.0,6.0,7,11,3,0.0,,,0,0.0,0.0,0,0,0.0
466,82,Graduation,Casado ,65275.0,0.0,0,03-04-2013,9,388.0,14,218.0,91.0,14.0,21,1.0,4.0,3,13,2,0.0,,,0,0.0,0.0,0,0,0.0
9135,76,Graduation,En pareja ,27203.0,0.0,1,06-08-2012,92,13.0,2,21.0,4.0,0.0,24,2.0,1.0,1,2,8,0.0,,,0,0.0,0.0,0,0,0.0
10623,65,Master,En pareja ,48330.0,0.0,1,15-11-2013,2,28.0,0,4.0,0.0,0.0,0,1.0,1.0,0,3,5,0.0,,,0,0.0,0.0,0,0,0.0
8151,36,Basic,Casado ,24279.0,0.0,0,29-12-2012,6,16.0,36,21.0,20.0,62.0,108,1.0,4.0,1,3,8,0.0,,,0,0.0,0.0,0,0,0.0
5140,41,PhD,Casado ,64355.0,1.0,0,24-08-2012,66,1047.0,0,140.0,67.0,38.0,153,2.0,4.0,3,12,8,0.0,,,0,0.0,0.0,0,0,0.0
10160,70,Master,En pareja ,50943.0,0.0,1,21-06-2013,49,1513.0,0,7.0,2.0,0.0,6,1.0,1.0,0,3,5,0.0,,,0,0.0,0.0,0,0,0.0
4945,73,Graduation,Viudo ,53653.0,0.0,0,07-11-2012,29,815.0,10,239.0,28.0,10.0,108,2.0,10.0,4,12,6,0.0,,,0,0.0,0.0,0,0,0.0
10584,50,Graduation,Casado ,65665.0,0.0,1,02-12-2013,77,225.0,162,387.0,106.0,36.0,29,1.0,5.0,10,8,3,0.0,,,0,0.0,0.0,0,0,0.0
6071,37,Graduation,Soltero ,81217.0,0.0,0,19-07-2013,77,493.0,70,324.0,146.0,40.0,84,0.0,3.0,7,11,1,0.0,,,0,0.0,0.0,0,0,0.0
3386,34,Graduation,Casado ,34935.0,0.0,0,21-06-2013,71,34.0,4,66.0,3.0,10.0,20,0.0,2.0,1,4,7,0.0,,,0,0.0,0.0,0,0,0.0
8939,67,Graduation,Divorciado ,61250.0,0.0,1,16-12-2012,49,382.0,138,65.0,60.0,26.0,59,6.0,5.0,2,12,5,0.0,,,0,0.0,0.0,0,0,0.0
9925,45,PhD,En pareja ,39665.0,1.0,0,25-05-2013,97,127.0,1,56.0,0.0,1.0,31,3.0,4.0,2,3,7,0.0,,,0,0.0,1.0,0,0,0.0
4320,47,Graduation,Soltero ,60152.0,0.0,1,28-03-2013,6,325.0,83,300.0,86.0,58.0,91,1.0,6.0,4,12,3,0.0,,,0,0.0,0.0,0,0,0.0
5389,62,Graduation,Casado ,48920.0,0.0,2,20-10-2013,93,238.0,17,68.0,8.0,10.0,6,3.0,6.0,2,5,7,0.0,,,0,0.0,0.0,1,0,0.0
6036,67,Master,En pareja ,89120.0,0.0,0,17-03-2014,257,1168.0,92,408.0,72.0,129.0,55,1.0,5.0,6,7,1,0.0,,,0,0.0,0.0,0,1,0.0
182,80,PhD,En pareja ,44124.0,0.0,1,11-05-2013,62,284.0,0,55.0,0.0,6.0,52,4.0,6.0,2,5,8,0.0,,,0,0.0,0.0,0,0,0.0
203,51,Master,Soltero ,81169.0,0.0,0,14-04-2013,47,1288.0,20,613.0,80.0,61.0,27,1.0,5.0,7,9,2,0.0,,,0,0.0,0.0,0,0,0.0
11025,65,Graduation,Casado ,36443.0,1.0,1,03-02-2013,9,65.0,0,46.0,4.0,3.0,20,4.0,3.0,1,3,8,0.0,,,0,0.0,0.0,0,0,0.0
10203,36,Graduation,Soltero ,26095.0,1.0,0,30-06-2013,77,11.0,7,9.0,3.0,1.0,11,1.0,1.0,0,3,7,0.0,,,0,0.0,0.0,0,0,0.0
4607,67,Graduation,En pareja ,71367.0,0.0,0,23-08-2013,24,227.0,23,389.0,42.0,21.0,75,1.0,4.0,5,7,2,0.0,,,0,0.0,0.0,0,0,0.0
3711,82,Master,Casado ,80184.0,0.0,0,01-03-2014,19,1035.0,134,0.0,0.0,0.0,0,0.0,6.0,3,10,3,0.0,,,1,0.0,0.0,0,1,0.0
3696,61,Graduation,Divorciado ,30630.0,0.0,1,27-01-2014,67,27.0,1,12.0,2.0,0.0,10,2.0,2.0,0,3,7,0.0,,,0,0.0,0.0,0,0,0.0
2532,39,Master,Soltero ,73454.0,0.0,0,01-03-2014,95,1477.0,73,351.0,56.0,14.0,175,1.0,2.0,4,6,5,0.0,,,0,0.0,1.0,0,0,0.0
9214,35,Graduation,Casado ,42691.0,0.0,0,16-08-2013,48,179.0,2,64.0,38.0,17.0,58,1.0,5.0,1,6,5,0.0,,,0,0.0,0.0,0,0,0.0
4943,73,Graduation,Casado ,70503.0,0.0,0,30-09-2012,73,1379.0,33,216.0,0.0,33.0,66,1.0,2.0,4,9,6,0.0,,,0,0.0,0.0,1,1,0.0
35,39,Graduation,Casado ,25545.0,1.0,0,08-09-2012,35,32.0,1,64.0,16.0,12.0,85,3.0,2.0,2,3,6,0.0,,,0,0.0,0.0,0,0,1.0
2258,40,Graduation,Casado ,32880.0,1.0,0,04-12-2012,76,8.0,4,15.0,7.0,6.0,2,1.0,1.0,0,3,8,0.0,,,0,0.0,0.0,0,0,0.0
4322,68,PhD,En pareja ,77863.0,0.0,0,27-11-2013,20,881.0,38,319.0,16.0,25.0,12,1.0,4.0,5,10,2,0.0,,,0,0.0,0.0,0,0,0.0
713,49,Master,Casado ,50353.0,0.0,0,08-06-2014,72,141.0,15,153.0,67.0,0.0,35,0.0,4.0,4,6,3,0.0,,,0,0.0,0.0,0,0,0.0
4702,62,Graduation,Soltero ,61839.0,0.0,0,12-08-2012,20,1000.0,155,379.0,224.0,17.0,120,0.0,4.0,8,4,8,0.0,,,0,0.0,0.0,0,0,0.0
3281,66,PhD,Casado ,49154.0,0.0,1,03-11-2013,69,206.0,10,67.0,30.0,27.0,71,0.0,4.0,1,8,6,0.0,,,0,0.0,0.0,0,0,0.0
702,51,2n Cycle,Viudo ,47682.0,0.0,1,15-02-2013,80,162.0,61,83.0,97.0,57.0,61,4.0,4.0,3,8,5,0.0,,,0,0.0,0.0,0,0,0.0
2004,57,Graduation,Soltero ,72679.0,0.0,1,18-09-2013,65,619.0,54,260.0,127.0,54.0,54,1.0,4.0,7,5,1,0.0,,,0,0.0,0.0,0,0,0.0
4769,49,Master,En pareja ,57954.0,0.0,1,18-06-2014,52,456.0,4,24.0,0.0,0.0,9,7.0,8.0,2,6,7,0.0,,,0,0.0,0.0,1,0,0.0
4437,64,Graduation,Casado ,65316.0,1.0,1,24-04-2013,65,112.0,6,92.0,3.0,9.0,38,2.0,3.0,2,5,4,0.0,,,0,0.0,0.0,0,0,0.0
8724,44,Graduation,Soltero ,28567.0,0.0,0,17-06-2013,57,11.0,3,22.0,2.0,2.0,6,2.0,2.0,0,3,6,0.0,,,0,0.0,0.0,0,0,0.0
10741,75,Master,En pareja ,47352.0,0.0,1,11-04-2013,70,172.0,12,112.0,8.0,0.0,15,0.0,6.0,1,5,7,0.0,,,0,0.0,0.0,0,0,0.0
1991,59,Graduation,En pareja ,44931.0,0.0,1,18-01-2014,0,78.0,0,11.0,0.0,0.0,7,1.0,2.0,1,3,5,0.0,,,0,0.0,0.0,0,0,0.0
6931,59,Graduation,Divorciado ,76982.0,0.0,0,15-02-2014,19,464.0,151,292.0,65.0,60.0,30,1.0,8.0,3,4,4,0.0,,,0,0.0,0.0,0,1,1.0
11096,74,2n Cycle,En pareja ,57247.0,0.0,1,08-08-2013,50,99.0,4,32.0,37.0,54.0,6,0.0,2.0,1,7,2,0.0,,,0,0.0,0.0,0,0,0.0
304,45,Master,Soltero ,22944.0,1.0,0,23-12-2013,67,19.0,3,19.0,4.0,5.0,26,3.0,3.0,0,3,7,0.0,,,0,0.0,0.0,0,0,0.0
3665,49,2n Cycle,En pareja ,25315.0,1.0,0,07-11-2013,46,1.0,9,8.0,11.0,3.0,22,3.0,3.0,0,3,8,0.0,,,0,0.0,0.0,0,0,0.0
10591,57,Graduation,Viudo ,43638.0,0.0,1,06-08-2012,37,63.0,10,83.0,7.0,19.0,19,2.0,4.0,1,4,7,0.0,,,0,0.0,0.0,0,0,0.0
5036,42,PhD,Soltero ,42710.0,1.0,0,28-11-2012,38,252.0,3,42.0,4.0,3.0,102,2.0,4.0,5,3,6,0.0,,,0,0.0,0.0,0,0,0.0
5547,44,PhD,Casado ,84169.0,0.0,0,07-08-2013,9,1478.0,19,403.0,0.0,19.0,0,0.0,7.0,6,6,3,0.0,,,0,0.0,0.0,1,1,1.0
7822,50,Graduation,En pareja ,54058.0,0.0,1,04-06-2013,56,198.0,18,252.0,32.0,108.0,54,2.0,4.0,6,8,3,0.0,,,0,0.0,0.0,0,0,0.0
8541,36,2n Cycle,Casado ,24683.0,1.0,0,08-03-2014,98,8.0,4,10.0,6.0,7.0,6,2.0,2.0,0,4,5,0.0,,,0,0.0,0.0,0,0,0.0
10955,62,Graduation,Viudo ,85620.0,0.0,0,07-01-2014,68,416.0,46,925.0,60.0,107.0,46,1.0,3.0,6,4,1,0.0,,,0,0.0,0.0,0,0,1.0
4368,46,Graduation,Casado ,47850.0,1.0,0,03-12-2013,72,42.0,7,43.0,20.0,12.0,10,1.0,3.0,0,4,6,0.0,,,0,0.0,0.0,0,0,0.0
9671,58,Graduation,Casado ,19514.0,0.0,1,26-01-2014,47,14.0,3,0.0,0.0,0.0,28,0.0,3.0,1,2,8,0.0,,,0,0.0,0.0,0,0,1.0
2256,53,Master,Casado ,27159.0,1.0,1,29-03-2014,33,17.0,0,3.0,0.0,0.0,1,2.0,1.0,0,3,6,0.0,,,0,0.0,0.0,0,0,0.0
4279,63,2n Cycle,Soltero ,39548.0,1.0,1,31-03-2014,87,15.0,4,10.0,3.0,4.0,18,2.0,1.0,1,3,3,0.0,,,0,0.0,0.0,0,0,0.0
5371,37,Graduation,Soltero ,21474.0,0.0,0,08-04-2014,0,6.0,16,24.0,11.0,0.0,34,2.0,3.0,1,2,7,0.0,,,0,0.0,1.0,0,0,1.0
9240,55,PhD,Soltero ,60504.0,0.0,1,07-02-2014,73,458.0,0,24.0,6.0,4.0,34,0.0,6.0,2,8,6,0.0,,,0,0.0,0.0,0,0,0.0
9460,63,Graduation,Casado ,22419.0,0.0,0,18-04-2013,74,30.0,3,47.0,19.0,21.0,42,1.0,3.0,2,2,8,0.0,,,0,0.0,0.0,0,0,0.0
9504,77,Master,Casado ,81698.0,0.0,0,06-11-2013,4,179.0,28,520.0,111.0,123.0,47,0.0,3.0,8,13,1,0.0,,,0,0.0,0.0,0,0,1.0
8692,74,Graduation,En pareja ,43462.0,0.0,1,12-09-2012,50,90.0,17,97.0,15.0,6.0,15,6.0,4.0,1,5,8,0.0,,,0,0.0,0.0,0,0,0.0
448,48,PhD,Soltero ,54880.0,0.0,0,01-03-2013,57,308.0,85,137.0,102.0,45.0,118,2.0,6.0,2,11,5,0.0,,,0,0.0,0.0,0,0,0.0
8314,44,Graduation,Casado ,79908.0,0.0,0,05-04-2013,30,557.0,129,761.0,29.0,185.0,111,1.0,5.0,6,7,2,0.0,,,0,0.0,0.0,0,1,0.0
8420,56,2n Cycle,Casado ,15315.0,0.0,0,03-08-2013,27,7.0,4,13.0,15.0,8.0,17,2.0,2.0,0,4,5,0.0,,,0,0.0,0.0,0,0,0.0
3174,67,Graduation,En pareja ,87771.0,0.0,1,22-05-2013,61,1492.0,38,287.0,50.0,57.0,33,1.0,5.0,10,4,6,0.0,,,1,1.0,0.0,1,1,1.0
7685,48,Graduation,Casado ,33039.0,0.0,0,09-09-2013,4,30.0,8,12.0,8.0,8.0,12,1.0,2.0,0,4,5,0.0,,,0,0.0,0.0,0,0,0.0
3179,46,Graduation,Soltero ,81741.0,0.0,0,16-06-2013,75,249.0,153,662.0,58.0,134.0,38,0.0,6.0,6,7,2,0.0,,,0,0.0,0.0,0,0,0.0
9780,55,Master,En pareja ,71499.0,0.0,1,25-06-2013,12,465.0,25,132.0,136.0,0.0,37,2.0,8.0,3,13,4,0.0,,,0,0.0,0.0,0,0,0.0
10681,56,2n Cycle,Casado ,62466.0,0.0,1,15-01-2014,13,129.0,129,259.0,168.0,121.0,83,5.0,6.0,3,12,4,0.0,,,0,0.0,0.0,0,0,0.0
10232,63,PhD,Divorciado ,48799.0,0.0,1,05-11-2013,9,174.0,18,0.0,0.0,0.0,24,0.0,3.0,2,7,3,0.0,,,0,0.0,0.0,0,0,0.0
4184,76,PhD,En pareja ,52157.0,0.0,1,07-06-2014,48,189.0,2,29.0,3.0,2.0,40,2.0,3.0,2,5,4,0.0,,,0,0.0,0.0,0,0,0.0
9120,64,Graduation,Soltero ,66565.0,0.0,1,05-12-2012,80,747.0,10,161.0,65.0,40.0,42,4.0,4.0,2,9,8,0.0,,,0,0.0,0.0,0,0,0.0
891,75,Master,En pareja ,29298.0,0.0,1,07-09-2013,60,6.0,0,2.0,2.0,0.0,1,1.0,1.0,0,2,5,0.0,,,0,0.0,0.0,0,0,0.0
10381,47,Graduation,Soltero ,47691.0,0.0,1,05-07-2013,43,14.0,0,3.0,0.0,0.0,4,1.0,1.0,0,2,6,0.0,,,0,0.0,0.0,0,0,0.0
3525,56,Graduation,En pareja ,38200.0,1.0,1,07-12-2012,19,12.0,0,4.0,0.0,0.0,1,1.0,1.0,0,2,7,0.0,,,0,0.0,0.0,0,0,0.0
6818,52,Graduation,Casado ,44989.0,0.0,1,12-09-2012,26,98.0,0,106.0,49.0,10.0,106,5.0,5.0,1,5,6,0.0,,,0,0.0,0.0,0,0,0.0
3526,58,PhD,Casado ,38443.0,0.0,1,27-01-2014,58,32.0,0,5.0,0.0,0.0,1,2.0,1.0,0,3,7,0.0,,,0,0.0,0.0,0,0,0.0
8181,48,2n Cycle,Soltero ,38593.0,0.0,0,13-09-2013,42,51.0,12,49.0,17.0,24.0,24,3.0,4.0,1,3,8,0.0,,,0,0.0,0.0,0,0,0.0
1029,56,PhD,En pareja ,64413.0,0.0,1,01-08-2013,27,200.0,5,44.0,0.0,10.0,20,1.0,5.0,1,5,5,0.0,,,0,0.0,0.0,0,0,0.0
7369,45,Master,Casado ,36959.0,1.0,0,02-10-2013,56,25.0,6,25.0,6.0,0.0,0,2.0,2.0,0,3,8,0.0,,,0,0.0,0.0,0,0,0.0
2574,49,PhD,Casado ,61996.0,0.0,1,31-01-2013,27,1050.0,12,144.0,0.0,0.0,24,3.0,6.0,4,8,5,0.0,,,1,1.0,0.0,1,0,1.0
8159,58,Graduation,Casado ,51287.0,0.0,1,01-04-2014,10,117.0,0,22.0,13.0,0.0,30,3.0,4.0,1,3,7,0.0,,,0,0.0,0.0,0,0,0.0
1160,56,Graduation,Casado ,13260.0,1.0,1,23-08-2013,48,9.0,4,17.0,10.0,2.0,7,4.0,3.0,0,3,8,0.0,,,0,0.0,0.0,0,0,0.0
10242,60,PhD,En pareja ,47472.0,1.0,1,16-09-2013,39,56.0,0,11.0,0.0,0.0,8,2.0,2.0,0,4,5,0.0,,,0,0.0,0.0,0,0,0.0
5253,70,Master,En pareja ,54603.0,0.0,1,09-07-2013,85,145.0,13,46.0,17.0,2.0,4,6.0,4.0,2,4,7,0.0,,,0,0.0,0.0,0,0,0.0
5966,52,PhD,Casado ,45207.0,1.0,1,10-11-2012,64,203.0,0,10.0,0.0,0.0,2,5.0,3.0,1,6,6,0.0,,,0,0.0,0.0,1,0,0.0
5314,75,Graduation,En pareja ,40689.0,0.0,1,18-03-2013,69,270.0,3,0.0,0.0,0.0,99,0.0,7.0,1,5,8,0.0,,,0,0.0,0.0,0,0,0.0
5081,59,2n Cycle,En pareja ,47821.0,0.0,1,20-10-2013,54,9.0,0,16.0,6.0,6.0,10,0.0,1.0,0,3,8,0.0,,,0,0.0,0.0,0,0,0.0
5123,75,Master,Casado ,27450.0,0.0,0,15-04-2013,57,37.0,12,23.0,8.0,11.0,52,1.0,2.0,1,3,7,0.0,,,0,0.0,0.0,0,0,0.0
5756,43,Graduation,En pareja ,39453.0,0.0,0,03-04-2014,64,46.0,0,7.0,0.0,0.0,2,2.0,2.0,0,3,6,0.0,,,0,0.0,0.0,0,0,0.0
8036,55,2n Cycle,En pareja ,26850.0,0.0,1,18-04-2014,10,31.0,1,13.0,7.0,2.0,9,4.0,2.0,1,4,4,0.0,,,0,0.0,0.0,0,0,0.0
9058,71,Graduation,Viudo ,79800.0,0.0,0,23-09-2012,65,1060.0,21,530.0,32.0,0.0,224,1.0,5.0,11,5,3,0.0,,,1,0.0,1.0,0,1,1.0
5057,65,Master,Casado ,61794.0,0.0,1,14-09-2013,74,264.0,47,188.0,54.0,47.0,11,2.0,4.0,4,10,2,0.0,,,0,0.0,0.0,0,0,0.0
254,71,Graduation,En pareja ,53863.0,0.0,1,17-05-2014,4,399.0,4,30.0,6.0,4.0,30,3.0,7.0,1,7,7,0.0,,,0,0.0,0.0,1,0,0.0
4179,67,Graduation,En pareja ,24221.0,0.0,0,20-08-2013,94,8.0,9,9.0,2.0,5.0,22,1.0,1.0,1,3,4,0.0,,,0,0.0,0.0,0,0,0.0
3710,42,PhD,Soltero ,39684.0,0.0,0,12-10-2012,41,19.0,0,35.0,6.0,4.0,17,2.0,2.0,1,2,7,0.0,,,0,0.0,0.0,0,0,1.0
7627,51,Master,Casado ,92163.0,0.0,0,12-12-2012,25,817.0,183,797.0,106.0,163.0,20,0.0,5.0,11,5,2,0.0,,,1,0.0,0.0,0,1,1.0
4501,61,Master,Soltero ,69882.0,0.0,0,10-11-2013,94,292.0,127,635.0,132.0,127.0,165,1.0,3.0,7,9,1,0.0,,,0,0.0,0.0,0,0,0.0
6424,49,Graduation,En pareja ,33178.0,0.0,0,30-01-2014,9,12.0,6,2.0,11.0,2.0,16,1.0,1.0,0,3,4,0.0,,,0,0.0,0.0,0,0,0.0
3075,54,PhD,Casado ,59973.0,0.0,0,11-09-2013,47,130.0,30,168.0,20.0,34.0,0,1.0,3.0,4,7,1,0.0,,,0,0.0,0.0,0,0,0.0
4992,51,Master,En pareja ,17459.0,1.0,0,19-09-2013,12,6.0,4,16.0,3.0,10.0,30,3.0,3.0,1,2,7,0.0,,,0,0.0,0.0,0,0,1.0
5252,57,Graduation,Divorciado ,23910.0,0.0,0,26-10-2012,249,16.0,12,18.0,7.0,1.0,13,1.0,2.0,0,3,7,0.0,,,0,0.0,0.0,0,0,0.0
7444,57,Master,Casado ,42169.0,1.0,1,19-10-2013,20,19.0,0,9.0,0.0,0.0,2,2.0,1.0,0,3,8,0.0,,,0,0.0,0.0,0,0,0.0
6919,48,2n Cycle,Casado ,26224.0,0.0,0,04-06-2013,39,4.0,7,15.0,13.0,9.0,15,3.0,2.0,1,3,6,0.0,,,0,0.0,0.0,0,0,0.0
3537,45,Graduation,En pareja ,31089.0,0.0,0,17-08-2012,57,31.0,3,31.0,2.0,8.0,4,0.0,3.0,0,4,8,0.0,,,0,0.0,0.0,0,0,0.0
10277,65,Graduation,Soltero ,30081.0,0.0,1,21-02-2013,27,36.0,0,2.0,0.0,0.0,4,1.0,1.0,0,3,7,0.0,,,0,0.0,0.0,0,0,0.0
2453,66,Graduation,En pareja ,62807.0,0.0,1,31-08-2012,83,526.0,28,135.0,10.0,21.0,99,3.0,5.0,3,12,5,0.0,,,0,0.0,0.0,0,0,0.0
7972,71,Graduation,Soltero ,72906.0,0.0,0,17-09-2013,79,400.0,32,519.0,71.0,75.0,54,0.0,3.0,4,9,1,0.0,,,0,0.0,0.0,0,0,0.0
895,78,PhD,Casado ,61467.0,0.0,2,09-12-2012,69,410.0,16,114.0,0.0,5.0,49,3.0,5.0,2,10,5,0.0,,,0,0.0,0.0,0,0,0.0
1177,60,Master,En pareja ,49618.0,1.0,1,26-01-2013,77,80.0,3,26.0,4.0,2.0,14,4.0,3.0,1,3,7,0.0,,,0,0.0,0.0,0,0,0.0
7141,40,Master,Soltero ,21888.0,0.0,0,29-12-2012,15,88.0,10,46.0,2.0,3.0,64,0.0,5.0,1,2,10,0.0,,,0,0.0,0.0,0,0,1.0
7232,53,Graduation,Viudo ,42429.0,0.0,1,11-02-2014,99,55.0,0,6.0,2.0,0.0,4,2.0,1.0,1,3,5,0.0,,,0,0.0,0.0,0,0,0.0
8477,70,Graduation,Divorciado ,26150.0,0.0,1,11-03-2013,61,5.0,1,13.0,3.0,5.0,1,1.0,1.0,0,3,7,0.0,,,0,0.0,0.0,0,0,0.0
2457,51,Basic,Casado ,30801.0,0.0,1,26-10-2012,23,8.0,4,5.0,15.0,2.0,11,2.0,1.0,0,3,7,0.0,,,0,0.0,0.0,0,0,0.0
988,61,Graduation,Casado ,81168.0,0.0,0,07-05-2014,84,410.0,0,592.0,147.0,22.0,22,1.0,6.0,4,7,3,0.0,,,1,0.0,0.0,0,0,0.0
7930,57,Master,Soltero ,26877.0,0.0,0,19-08-2013,74,101.0,13,76.0,20.0,18.0,40,2.0,3.0,1,6,6,0.0,,,0,0.0,0.0,0,0,0.0
4587,82,Master,Viudo ,45006.0,0.0,0,18-07-2013,90,162.0,25,53.0,16.0,0.0,10,0.0,3.0,1,7,3,0.0,,,0,0.0,0.0,0,0,0.0
6682,53,Basic,Casado ,18978.0,1.0,0,11-12-2012,41,2.0,8,1.0,4.0,7.0,15,1.0,1.0,0,3,8,0.0,,,0,0.0,0.0,0,0,0.0
6222,59,Graduation,Casado ,22574.0,0.0,1,28-10-2013,28,25.0,0,8.0,2.0,0.0,2,2.0,2.0,0,3,7,0.0,,,0,0.0,0.0,0,0,0.0
10299,57,PhD,Soltero ,48240.0,0.0,0,09-11-2012,73,389.0,91,248.0,64.0,49.0,41,3.0,6.0,3,13,5,0.0,,,0,0.0,0.0,0,0,1.0
3083,52,Graduation,Casado ,45837.0,1.0,1,26-07-2013,88,215.0,13,87.0,17.0,17.0,24,5.0,6.0,2,5,7,0.0,,,0,0.0,0.0,0,0,0.0
8953,61,Master,Soltero ,35791.0,2.0,1,06-05-2013,94,27.0,0,5.0,0.0,0.0,3,2.0,1.0,0,3,8,0.0,,,0,0.0,0.0,0,0,0.0
1503,50,PhD,En pareja ,162397.0,0.0,1,03-06-2013,31,85.0,1,16.0,2.0,1.0,2,0.0,0.0,0,1,1,0.0,,,0,0.0,0.0,0,0,0.0
8650,48,Graduation,Viudo ,54162.0,0.0,1,18-03-2013,31,5.0,6,10.0,6.0,5.0,10,1.0,1.0,0,3,4,0.0,,,0,0.0,0.0,0,0,0.0
10862,66,Master,Casado ,30522.0,0.0,1,17-08-2012,6,179.0,8,83.0,19.0,11.0,26,5.0,1.0,2,9,2,0.0,,,0,0.0,0.0,0,0,0.0
2782,65,PhD,Casado ,54456.0,0.0,1,11-07-2013,23,352.0,0,27.0,10.0,0.0,15,0.0,6.0,1,7,6,0.0,,,0,0.0,0.0,0,0,0.0
6941,55,Graduation,Soltero ,31632.0,0.0,0,14-07-2013,92,17.0,8,12.0,11.0,15.0,32,1.0,2.0,1,2,7,0.0,,,0,0.0,0.0,0,0,0.0
10972,77,Graduation,Viudo ,72298.0,0.0,0,10-03-2014,52,625.0,35,169.0,58.0,17.0,35,1.0,4.0,3,6,1,0.0,,,0,0.0,0.0,1,1,0.0
10708,48,2n Cycle,Soltero ,36975.0,1.0,0,28-12-2013,50,10.0,6,11.0,0.0,4.0,2,1.0,1.0,0,3,7,0.0,,,0,0.0,0.0,0,0,0.0
6583,71,2n Cycle,Casado ,72635.0,0.0,0,03-06-2013,54,390.0,22,323.0,104.0,35.0,107,1.0,6.0,8,6,3,0.0,,,1,0.0,0.0,0,0,0.0
3641,50,Graduation,Casado ,13624.0,1.0,0,20-01-2013,93,10.0,2,15.0,2.0,1.0,6,2.0,2.0,0,3,6,0.0,,,0,0.0,0.0,0,0,0.0
10156,51,Graduation,Soltero ,84196.0,0.0,1,03-06-2013,56,215.0,63,507.0,231.0,31.0,190,1.0,8.0,4,7,3,0.0,,,0,0.0,0.0,0,0,0.0
4299,66,Graduation,En pareja ,70971.0,0.0,1,21-09-2012,28,1001.0,17,572.0,93.0,125.0,17,7.0,11.0,11,5,7,0.0,,,0,0.0,0.0,0,0,1.0
3469,49,PhD,Divorciado ,34487.0,0.0,1,06-09-2012,94,19.0,18,33.0,24.0,1.0,8,3.0,3.0,0,3,9,0.0,,,0,0.0,0.0,0,0,0.0
5063,49,Graduation,Soltero ,28769.0,0.0,0,18-12-2012,76,41.0,5,0.0,0.0,0.0,3,0.0,4.0,1,4,9,0.0,,,0,0.0,0.0,0,0,0.0
10727,56,PhD,Casado ,69084.0,0.0,0,19-11-2013,43,1181.0,107,199.0,39.0,30.0,30,2.0,7.0,3,13,8,0.0,,,0,0.0,0.0,0,0,0.0
9624,68,PhD,En pareja ,65488.0,0.0,0,13-06-2014,46,603.0,45,207.0,36.0,18.0,54,1.0,3.0,4,6,1,0.0,,,0,0.0,0.0,0,0,0.0
5156,56,2n Cycle,Casado ,62466.0,0.0,1,15-01-2014,13,129.0,129,259.0,168.0,121.0,83,5.0,6.0,3,12,4,0.0,,,0,0.0,0.0,0,0,0.0
4376,66,2n Cycle,Soltero ,32218.0,0.0,0,15-02-2014,27,10.0,24,15.0,13.0,1.0,30,1.0,2.0,1,3,7,0.0,,,0,0.0,1.0,0,0,1.0
8923,53,Graduation,Soltero ,83917.0,0.0,0,18-04-2013,12,514.0,22,732.0,42.0,198.0,79,1.0,6.0,7,7,3,0.0,,,0,0.0,0.0,0,0,1.0
8461,64,Graduation,Divorciado ,46102.0,2.0,1,10-03-2014,3,14.0,0,1.0,0.0,0.0,1,1.0,1.0,0,2,7,0.0,,,0,0.0,0.0,0,0,0.0
6945,74,Graduation,Soltero ,84574.0,0.0,0,04-06-2013,72,387.0,20,713.0,38.0,54.0,163,0.0,9.0,11,11,5,0.0,,,0,0.0,0.0,0,0,0.0
944,64,Graduation,Casado ,56181.0,0.0,1,08-01-2013,6,121.0,103,69.0,8.0,44.0,48,1.0,4.0,2,7,4,0.0,,,0,0.0,0.0,0,0,0.0
1907,76,Master,Divorciado ,63120.0,0.0,1,28-09-2012,53,965.0,69,279.0,54.0,41.0,69,5.0,8.0,4,9,7,0.0,,,0,0.0,0.0,0,0,1.0
701,55,Graduation,Casado ,73691.0,0.0,1,06-11-2013,58,707.0,21,250.0,85.0,43.0,73,2.0,6.0,2,8,2,0.0,,,0,0.0,1.0,0,0,0.0
3856,66,Graduation,En pareja ,63381.0,0.0,1,05-10-2012,78,571.0,50,142.0,33.0,50.0,159,4.0,4.0,5,13,2,0.0,,,0,0.0,0.0,0,0,0.0
4149,78,PhD,En pareja ,76140.0,0.0,0,13-05-2014,57,586.0,66,653.0,17.0,0.0,26,1.0,5.0,9,6,2,0.0,,,0,0.0,0.0,0,0,0.0
2131,67,PhD,Divorciado ,62859.0,0.0,1,30-12-2012,37,1063.0,89,102.0,16.0,12.0,25,4.0,9.0,4,6,6,0.0,,,0,0.0,0.0,0,0,0.0
2942,62,Graduation,Soltero ,45906.0,0.0,1,07-05-2013,20,305.0,3,27.0,4.0,3.0,144,2.0,5.0,4,4,5,0.0,,,0,0.0,0.0,0,0,0.0
1173,79,Master,En pareja ,77632.0,0.0,0,10-03-2013,73,1200.0,105,758.0,0.0,42.0,147,1.0,4.0,2,6,2,0.0,,,0,0.0,0.0,1,1,1.0
4381,55,PhD,Casado ,46463.0,1.0,1,18-08-2013,56,163.0,2,40.0,8.0,11.0,11,7.0,3.0,1,6,6,0.0,,,0,0.0,0.0,0,0,0.0
4611,56,Graduation,En pareja ,105471.0,0.0,0,21-01-2013,36,1009.0,181,104.0,202.0,21.0,207,0.0,9.0,8,13,3,0.0,,,1,0.0,0.0,0,1,1.0
3376,56,Master,Divorciado ,55282.0,0.0,0,13-12-2013,9,125.0,6,73.0,8.0,4.0,19,1.0,3.0,1,6,4,0.0,,,0,0.0,0.0,0,0,0.0
4679,49,Master,Casado ,78710.0,0.0,1,23-05-2014,42,721.0,0,152.0,119.0,50.0,50,3.0,7.0,6,12,4,0.0,,,0,0.0,0.0,0,0,0.0
10928,68,Graduation,En pareja ,66886.0,0.0,1,16-09-2013,28,315.0,4,62.0,41.0,31.0,146,0.0,7.0,1,7,5,0.0,,,0,0.0,0.0,0,0,0.0
4248,66,Master,Soltero ,98777.0,0.0,0,17-02-2014,23,1000.0,19,711.0,125.0,115.0,38,0.0,4.0,6,9,1,0.0,,,0,0.0,0.0,1,0,0.0
6728,41,Graduation,En pareja ,29103.0,0.0,0,27-08-2012,38,16.0,0,17.0,6.0,3.0,6,0.0,1.0,0,3,9,0.0,,,0,0.0,0.0,0,0,0.0
6661,52,Graduation,Casado ,67445.0,0.0,1,12-08-2012,63,757.0,80,217.0,29.0,80.0,11,5.0,9.0,6,12,6,0.0,,,0,0.0,0.0,0,0,0.0
4725,76,PhD,En pareja ,50616.0,0.0,1,13-04-2014,71,30.0,2,25.0,0.0,1.0,9,1.0,1.0,1,4,2,0.0,,,0,0.0,0.0,0,0,0.0
3277,71,Graduation,Divorciado ,49431.0,0.0,1,03-08-2012,9,219.0,3,100.0,26.0,0.0,17,2.0,7.0,1,5,8,0.0,,,0,0.0,0.0,0,0,0.0
5555,51,Graduation,Divorciado ,153924.0,0.0,0,07-02-2014,81,1.0,1,1.0,1.0,1.0,1,0.0,0.0,0,0,0,0.0,,,0,0.0,0.0,0,0,0.0
2564,73,Graduation,En pareja ,61278.0,0.0,1,04-01-2014,87,111.0,3,28.0,2.0,6.0,15,2.0,3.0,1,4,6,0.0,,,0,0.0,0.0,0,0,0.0
946,68,2n Cycle,En pareja ,26490.0,0.0,0,22-09-2012,92,45.0,47,52.0,21.0,20.0,25,2.0,3.0,1,5,6,0.0,,,0,0.0,0.0,0,0,0.0
3867,79,PhD,En pareja ,73059.0,0.0,1,31-08-2013,36,410.0,112,420.0,0.0,82.0,71,1.0,9.0,3,13,4,0.0,,,0,0.0,0.0,0,0,0.0
6940,60,PhD,Soltero ,46734.0,1.0,2,21-10-2013,86,100.0,1,39.0,6.0,1.0,76,4.0,3.0,2,3,6,0.0,,,0,0.0,1.0,0,0,0.0
55,63,Graduation,En pareja ,56253.0,0.0,1,07-12-2012,83,509.0,0,65.0,7.0,11.0,5,4.0,7.0,2,9,6,0.0,,,0,0.0,0.0,0,0,0.0
7093,41,Graduation,Casado ,19986.0,1.0,0,14-11-2013,74,3.0,6,5.0,0.0,2.0,6,1.0,0.0,0,3,7,0.0,,,0,0.0,0.0,0,0,0.0
5084,51,Graduation,Viudo ,58330.0,0.0,1,25-12-2013,87,445.0,53,213.0,104.0,98.0,151,1.0,6.0,4,13,4,0.0,,,0,0.0,0.0,0,0,0.0
1777,46,Basic,Casado ,25965.0,0.0,0,07-09-2012,29,2.0,2,11.0,41.0,7.0,11,1.0,2.0,0,3,8,0.0,,,0,0.0,0.0,0,0,0.0
8162,70,Master,En pareja ,14661.0,0.0,0,01-01-2013,88,4.0,1,11.0,6.0,2.0,2,1.0,1.0,0,3,6,0.0,,,0,0.0,0.0,0,0,0.0
10826,67,Graduation,Casado ,18690.0,0.0,0,28-12-2012,77,6.0,1,7.0,23.0,4.0,19,1.0,1.0,1,2,8,0.0,,,0,0.0,0.0,0,0,0.0
8754,52,PhD,En pareja ,45068.0,0.0,1,16-05-2013,25,14.0,0,3.0,0.0,0.0,3,1.0,1.0,0,2,7,0.0,,,0,0.0,0.0,0,0,0.0
1987,39,Basic,Soltero ,21063.0,1.0,0,25-09-2013,34,1.0,10,11.0,19.0,3.0,15,2.0,2.0,0,3,6,0.0,,,0,0.0,0.0,0,0,0.0
11007,58,PhD,Casado ,29187.0,0.0,0,09-05-2013,43,26.0,0,6.0,0.0,0.0,2,1.0,1.0,0,3,8,0.0,,,0,0.0,0.0,0,0,0.0
7426,55,2n Cycle,Casado ,54690.0,0.0,1,07-11-2013,76,111.0,16,37.0,7.0,9.0,18,3.0,3.0,1,5,3,0.0,,,0,0.0,0.0,0,0,0.0
9153,62,PhD,Casado ,59304.0,0.0,1,29-07-2013,81,418.0,61,428.0,80.0,51.0,10,3.0,7.0,8,10,5,0.0,,,0,0.0,0.0,0,0,0.0
10379,64,Master,Soltero ,59247.0,0.0,2,08-11-2013,87,327.0,9,122.0,19.0,14.0,83,5.0,5.0,2,9,6,0.0,,,0,0.0,0.0,0,0,0.0
9204,56,Graduation,Viudo ,66731.0,0.0,1,12-09-2012,33,371.0,159,194.0,58.0,106.0,141,4.0,4.0,3,6,3,0.0,,,0,0.0,0.0,0,0,0.0
3197,46,Graduation,Casado ,77353.0,0.0,1,16-12-2013,38,275.0,59,107.0,69.0,101.0,59,2.0,6.0,4,8,4,0.0,,,0,0.0,0.0,0,0,0.0
2920,51,PhD,Soltero ,52614.0,0.0,1,01-12-2012,63,789.0,0,142.0,12.0,9.0,38,2.0,2.0,4,8,8,0.0,,,0,0.0,0.0,0,0,0.0
6961,52,Graduation,Casado ,26751.0,2.0,0,22-05-2014,26,1.0,1,5.0,0.0,3.0,1,1.0,1.0,0,2,8,0.0,,,0,0.0,0.0,0,0,0.0
4673,63,PhD,Casado ,81300.0,0.0,1,30-10-2012,17,1004.0,12,145.0,32.0,12.0,36,3.0,10.0,3,5,5,0.0,,,1,0.0,0.0,0,0,1.0
9937,47,Graduation,Soltero ,70337.0,0.0,0,02-01-2014,75,187.0,81,149.0,25.0,43.0,91,1.0,2.0,2,12,1,0.0,,,0,0.0,0.0,0,0,0.0
8779,41,2n Cycle,Casado ,36145.0,0.0,0,16-06-2013,13,56.0,4,76.0,17.0,1.0,18,4.0,4.0,1,3,9,0.0,,,0,0.0,1.0,0,0,1.0
9596,46,PhD,Soltero ,65295.0,0.0,0,23-12-2013,19,365.0,32,117.0,34.0,110.0,6,0.0,3.0,3,13,2,0.0,,,0,0.0,0.0,0,0,0.0
2891,63,Graduation,Divorciado ,68118.0,0.0,1,18-10-2013,51,595.0,23,123.0,10.0,23.0,154,0.0,8.0,9,4,6,0.0,,,0,0.0,0.0,0,0,0.0
4910,59,Graduation,Divorciado ,68743.0,0.0,0,30-08-2012,81,1132.0,134,384.0,175.0,134.0,115,1.0,11.0,5,13,7,0.0,,,0,0.0,0.0,0,0,0.0
75,44,2n Cycle,En pareja ,41039.0,0.0,0,25-07-2013,32,34.0,11,137.0,179.0,61.0,45,1.0,8.0,1,5,8,0.0,,,0,0.0,0.0,0,0,0.0
10120,71,Graduation,En pareja ,38946.0,0.0,1,24-10-2013,84,116.0,6,82.0,6.0,6.0,41,2.0,3.0,1,6,5,0.0,,,0,0.0,0.0,0,0,0.0
6327,59,Graduation,En pareja ,65777.0,0.0,0,19-12-2013,87,565.0,32,435.0,28.0,32.0,54,1.0,2.0,8,6,1,0.0,,,0,0.0,0.0,0,0,0.0
10142,50,PhD,Divorciado ,66476.0,0.0,1,07-03-2013,99,372.0,18,126.0,47.0,48.0,78,2.0,5.0,2,11,4,0.0,,,0,0.0,0.0,0,0,0.0
9826,54,PhD,Soltero ,86857.0,0.0,0,12-09-2012,96,899.0,102,838.0,133.0,102.0,40,0.0,5.0,6,10,2,0.0,,,0,0.0,0.0,0,0,1.0
1501,44,PhD,Casado ,160803.0,0.0,0,04-08-2012,21,55.0,16,1622.0,17.0,3.0,4,15.0,0.0,28,1,0,0.0,,,0,0.0,0.0,0,0,0.0
10767,37,PhD,En pareja ,77845.0,0.0,0,16-05-2014,40,760.0,40,480.0,0.0,40.0,26,1.0,3.0,5,12,1,0.0,,,1,0.0,0.0,0,1,0.0
7279,57,PhD,En pareja ,69476.0,0.0,0,30-09-2013,3,260.0,86,559.0,63.0,9.0,67,1.0,4.0,6,4,2,0.0,,,0,0.0,0.0,0,0,0.0
7230,66,PhD,Divorciado ,50611.0,0.0,1,04-10-2012,98,459.0,0,24.0,6.0,0.0,4,6.0,4.0,5,7,6,0.0,,,0,0.0,0.0,1,0,1.0
143,56,Graduation,Soltero ,61209.0,0.0,0,25-08-2013,73,466.0,0,224.0,119.0,49.0,99,1.0,5.0,3,4,2,0.0,,,0,0.0,0.0,0,0,0.0
450,68,Master,En pareja ,42315.0,0.0,1,12-07-2013,90,67.0,15,80.0,17.0,11.0,80,3.0,1.0,4,4,3,0.0,,,0,0.0,0.0,0,0,0.0
9316,74,Basic,En pareja ,13084.0,0.0,0,02-11-2013,29,2.0,0,7.0,3.0,7.0,10,1.0,1.0,0,3,6,0.0,,,0,0.0,0.0,0,0,0.0
6379,77,Master,Viudo ,47570.0,0.0,1,29-05-2013,3,67.0,1,20.0,0.0,2.0,31,3.0,2.0,2,2,7,0.0,,,0,0.0,0.0,0,0,1.0
9239,65,Master,Casado ,61923.0,0.0,2,26-07-2013,94,92.0,4,18.0,3.0,3.0,6,1.0,2.0,1,4,3,0.0,,,0,0.0,0.0,0,0,0.0
8315,31,Graduation,Soltero ,34824.0,0.0,0,26-03-2014,65,4.0,2,11.0,2.0,0.0,4,1.0,1.0,0,2,6,0.0,,,0,0.0,0.0,0,0,0.0
2868,77,PhD,Soltero ,26518.0,1.0,1,08-04-2013,33,20.0,1,28.0,3.0,3.0,2,3.0,2.0,0,3,8,0.0,,,0,0.0,0.0,0,0,1.0
10888,65,Graduation,Soltero ,45938.0,0.0,0,03-11-2013,46,273.0,11,178.0,62.0,83.0,29,2.0,8.0,4,6,6,0.0,,,0,0.0,0.0,0,0,0.0
1277,66,Graduation,En pareja ,78468.0,0.0,0,09-04-2014,29,434.0,22,388.0,104.0,22.0,34,1.0,10.0,7,10,4,0.0,,,1,0.0,0.0,0,0,0.0
9977,53,Graduation,Divorciado ,78901.0,0.0,1,17-09-2013,99,321.0,11,309.0,33.0,26.0,34,3.0,9.0,3,5,4,0.0,,,0,0.0,0.0,0,0,0.0
10196,48,Graduation,Casado ,71427.0,0.0,0,12-03-2014,26,212.0,123,177.0,15.0,64.0,23,2.0,8.0,2,8,4,0.0,,,0,0.0,0.0,0,0,0.0
6384,48,Graduation,Divorciado ,71022.0,0.0,1,11-02-2014,30,909.0,12,278.0,0.0,12.0,242,3.0,5.0,2,11,8,0.0,,,0,0.0,1.0,0,0,0.0
8029,38,Master,Soltero ,90247.0,0.0,0,29-04-2014,27,1184.0,32,352.0,21.0,16.0,16,1.0,3.0,4,7,1,0.0,,,1,0.0,0.0,1,1,1.0
968,58,Master,Divorciado ,41335.0,0.0,0,26-12-2013,24,112.0,19,21.0,16.0,14.0,5,3.0,4.0,1,4,7,0.0,,,0,0.0,0.0,0,0,0.0
6988,40,Graduation,Casado ,71952.0,0.0,0,10-01-2013,93,656.0,80,455.0,52.0,107.0,93,0.0,8.0,4,8,4,0.0,,,0,0.0,0.0,0,1,0.0
4472,56,PhD,Divorciado ,35682.0,0.0,0,27-06-2014,34,23.0,0,8.0,6.0,2.0,18,1.0,1.0,1,3,2,0.0,,,0,0.0,0.0,0,0,0.0
6991,75,Graduation,Divorciado ,43185.0,0.0,1,10-04-2013,88,537.0,6,0.0,16.0,0.0,30,0.0,9.0,3,6,8,0.0,,,0,0.0,0.0,0,0,0.0
3336,78,PhD,En pareja ,66375.0,0.0,1,21-11-2013,96,712.0,0,45.0,0.0,0.0,191,3.0,2.0,4,5,7,0.0,,,0,0.0,1.0,0,0,0.0
4301,55,Master,Casado ,35178.0,1.0,0,10-01-2013,10,23.0,1,13.0,2.0,2.0,18,1.0,1.0,1,2,7,0.0,,,0,0.0,1.0,0,0,1.0
1940,40,Graduation,Casado ,25252.0,0.0,0,12-07-2013,26,1.0,3,4.0,2.0,2.0,6,1.0,1.0,0,2,8,0.0,,,0,0.0,0.0,0,0,0.0
1272,61,Master,Soltero ,55250.0,0.0,1,21-10-2012,49,664.0,58,83.0,32.0,0.0,66,4.0,7.0,5,10,5,0.0,,,0,0.0,0.0,0,0,0.0
1388,51,Graduation,Soltero ,33249.0,0.0,0,20-02-2013,11,6.0,10,21.0,19.0,14.0,42,2.0,2.0,1,3,6,0.0,,,0,0.0,0.0,0,0,0.0
1044,73,Graduation,En pareja ,58398.0,0.0,0,14-05-2013,44,299.0,5,201.0,21.0,21.0,49,3.0,5.0,4,8,4,0.0,,,0,0.0,0.0,0,0,0.0
6969,44,Graduation,En pareja ,50272.0,1.0,0,07-08-2013,75,99.0,13,66.0,43.0,8.0,4,3.0,4.0,1,5,7,0.0,,,0,0.0,0.0,0,0,0.0
10479,51,PhD,Casado ,76618.0,0.0,0,07-12-2012,64,749.0,40,294.0,121.0,160.0,147,1.0,3.0,2,5,1,0.0,,,0,0.0,0.0,0,0,0.0
3619,66,2n Cycle,Divorciado ,87305.0,0.0,0,23-09-2012,19,345.0,25,501.0,63.0,138.0,80,1.0,5.0,3,8,2,0.0,,,0,0.0,0.0,0,1,1.0
1715,48,Graduation,En pareja ,25851.0,1.0,0,11-02-2013,45,9.0,4,18.0,7.0,5.0,5,2.0,2.0,0,3,7,0.0,,,0,0.0,0.0,0,0,0.0
10159,56,Graduation,Divorciado ,58710.0,0.0,1,31-03-2013,77,440.0,81,368.0,0.0,122.0,174,6.0,11.0,5,9,6,0.0,,,0,0.0,0.0,0,0,0.0
1463,68,Graduation,Soltero ,45160.0,0.0,1,29-03-2014,9,8.0,2,5.0,3.0,0.0,3,0.0,1.0,0,2,7,0.0,,,0,0.0,0.0,0,0,0.0
5114,61,Master,Casado ,74806.0,0.0,1,19-12-2012,1,670.0,9,249.0,0.0,28.0,9,2.0,5.0,4,5,4,0.0,,,0,0.0,0.0,0,0,0.0
4990,72,Graduation,Casado ,59111.0,0.0,0,02-05-2013,90,524.0,0,134.0,28.0,28.0,155,1.0,11.0,1,8,7,0.0,,,0,0.0,0.0,0,0,0.0
4329,42,PhD,Casado ,18988.0,0.0,0,23-05-2014,43,6.0,0,6.0,2.0,1.0,1,2.0,1.0,0,3,7,0.0,,,0,0.0,0.0,0,0,0.0
10936,61,Graduation,Casado ,72190.0,0.0,0,13-02-2013,79,597.0,166,597.0,172.0,166.0,249,1.0,5.0,6,4,3,0.0,,,0,0.0,0.0,0,0,0.0
4692,50,Graduation,Casado ,7500.0,1.0,0,01-08-2012,19,7.0,0,12.0,13.0,7.0,32,5.0,4.0,1,2,9,0.0,,,0,0.0,1.0,0,0,1.0
7212,60,Graduation,Casado ,44794.0,0.0,1,08-06-2014,99,54.0,0,7.0,0.0,0.0,4,1.0,2.0,0,3,6,0.0,,,0,0.0,0.0,0,0,0.0
6086,71,Graduation,Casado ,80395.0,0.0,0,23-11-2013,62,445.0,25,706.0,80.0,76.0,48,1.0,6.0,5,12,2,0.0,,,1,0.0,0.0,0,0,0.0
437,50,Master,Divorciado ,75012.0,0.0,0,25-01-2014,41,294.0,142,218.0,164.0,58.0,151,1.0,3.0,8,11,1,0.0,,,0,0.0,0.0,0,0,0.0
11171,61,Master,Casado ,56962.0,2.0,1,11-10-2013,60,292.0,3,77.0,10.0,3.0,26,7.0,6.0,3,5,7,0.0,,,0,0.0,0.0,0,0,0.0
11101,35,Graduation,En pareja ,89891.0,0.0,0,15-04-2013,17,412.0,22,132.0,59.0,28.0,183,1.0,11.0,6,8,4,0.0,,,0,0.0,0.0,0,1,0.0
5329,77,PhD,Divorciado ,35946.0,0.0,1,27-09-2013,24,8.0,0,3.0,0.0,0.0,0,1.0,0.0,0,3,5,0.0,,,0,0.0,0.0,0,0,0.0
610,73,PhD,En pareja ,53593.0,1.0,1,07-08-2012,60,349.0,4,78.0,6.0,0.0,43,8.0,7.0,2,6,8,0.0,,,0,0.0,0.0,0,0,0.0
9384,48,Graduation,Casado ,66373.0,1.0,1,12-06-2013,57,328.0,9,124.0,12.0,24.0,109,7.0,4.0,2,10,3,0.0,,,0,0.0,0.0,0,0,0.0
5956,78,PhD,Divorciado ,45072.0,0.0,2,16-10-2013,74,144.0,2,99.0,7.0,2.0,30,5.0,6.0,1,4,8,0.0,,,0,0.0,0.0,0,0,0.0
10430,53,Graduation,Divorciado ,89694.0,1.0,1,09-10-2013,22,1126.0,28,211.0,37.0,28.0,42,3.0,4.0,3,4,5,0.0,,,1,0.0,0.0,1,1,0.0
7875,77,Graduation,Casado ,72025.0,0.0,0,29-04-2014,46,967.0,0,617.0,43.0,50.0,0,1.0,4.0,8,13,2,0.0,,,1,0.0,0.0,1,1,1.0
7072,53,Graduation,Casado ,67432.0,0.0,1,29-03-2013,69,432.0,79,341.0,177.0,136.0,170,0.0,8.0,5,4,4,0.0,,,0,0.0,0.0,0,0,0.0
6255,74,Master,En pareja ,70545.0,0.0,1,03-06-2014,29,138.0,39,63.0,55.0,18.0,21,1.0,4.0,1,7,2,0.0,,,0,0.0,0.0,0,0,0.0
6516,37,Basic,Casado ,17487.0,1.0,0,18-03-2013,37,0.0,0,1.0,7.0,4.0,6,1.0,1.0,0,2,7,0.0,,,0,0.0,0.0,0,0,0.0
5564,57,Graduation,En pareja ,62882.0,0.0,1,09-08-2012,26,509.0,133,497.0,78.0,24.0,97,2.0,7.0,5,6,4,0.0,,,0,0.0,0.0,0,0,0.0
5682,73,PhD,Soltero ,64108.0,0.0,1,23-03-2013,8,948.0,10,86.0,13.0,21.0,21,4.0,6.0,9,11,5,0.0,,,0,0.0,0.0,0,0,0.0
7458,70,Master,En pareja ,34941.0,0.0,1,06-03-2013,26,39.0,2,25.0,4.0,3.0,24,2.0,3.0,0,3,8,0.0,,,0,0.0,0.0,0,0,0.0
5237,76,PhD,Soltero ,48767.0,0.0,2,01-01-2014,79,28.0,1,21.0,3.0,0.0,10,3.0,2.0,1,3,5,0.0,,,0,0.0,0.0,0,0,0.0
7761,48,2n Cycle,En pareja ,38702.0,0.0,0,01-08-2013,71,13.0,11,24.0,13.0,8.0,40,2.0,3.0,0,4,6,0.0,,,0,0.0,0.0,0,0,0.0
5278,62,Graduation,Casado ,82224.0,0.0,0,25-01-2014,83,307.0,26,360.0,138.0,31.0,40,1.0,6.0,9,5,3,0.0,,,1,0.0,0.0,0,0,0.0
3560,74,Graduation,En pareja ,83844.0,0.0,0,12-05-2013,57,901.0,31,345.0,75.0,31.0,191,1.0,4.0,4,11,1,0.0,,,0,0.0,0.0,0,1,0.0
7235,51,2n Cycle,Casado ,17003.0,0.0,0,09-12-2013,37,2.0,5,12.0,4.0,8.0,7,3.0,2.0,0,4,5,0.0,,,0,0.0,0.0,0,0,0.0
10548,31,Graduation,Soltero ,71163.0,0.0,0,09-03-2014,30,283.0,17,372.0,138.0,106.0,44,1.0,3.0,8,12,1,0.0,,,0,0.0,0.0,0,0,0.0
2281,56,Graduation,Soltero ,33697.0,0.0,0,15-09-2013,34,4.0,3,7.0,0.0,3.0,11,1.0,1.0,0,2,7,0.0,,,0,0.0,1.0,0,0,0.0
4073,72,2n Cycle,Casado ,63564.0,0.0,0,29-01-2014,0,769.0,80,252.0,15.0,34.0,65,1.0,10.0,10,7,6,0.0,,,0,0.0,1.0,0,0,1.0
6974,54,PhD,En pareja ,83443.0,0.0,0,31-12-2013,89,518.0,42,742.0,55.0,56.0,84,1.0,6.0,10,5,2,0.0,,,0,0.0,0.0,0,0,0.0
7938,68,PhD,En pareja ,51518.0,0.0,1,03-10-2013,92,350.0,8,66.0,17.0,4.0,4,2.0,3.0,2,10,3,0.0,,,0,0.0,0.0,0,0,0.0
7094,51,Graduation,Viudo ,58330.0,0.0,1,25-12-2013,87,445.0,53,213.0,104.0,98.0,151,1.0,6.0,4,13,4,0.0,,,0,0.0,0.0,0,0,0.0
3667,57,Graduation,Casado ,80952.0,0.0,0,28-02-2013,20,778.0,178,689.0,41.0,27.0,44,1.0,8.0,5,11,8,0.0,,,1,0.0,0.0,1,1,1.0
7723,47,Graduation,En pareja ,75507.0,0.0,0,02-05-2014,56,709.0,93,374.0,104.0,80.0,80,1.0,8.0,6,6,3,0.0,,,0,0.0,0.0,0,0,0.0
3870,48,2n Cycle,En pareja ,64452.0,0.0,0,09-02-2013,28,359.0,35,314.0,93.0,116.0,89,1.0,7.0,3,13,4,0.0,,,0,0.0,0.0,0,0,0.0
4012,54,PhD,En pareja ,62220.0,0.0,1,11-08-2012,55,799.0,12,375.0,16.0,12.0,12,0.0,7.0,6,5,6,0.0,,,0,0.0,0.0,0,0,1.0
5909,62,Graduation,Casado ,58512.0,0.0,1,19-09-2013,25,895.0,10,101.0,13.0,0.0,152,5.0,3.0,4,8,8,0.0,,,0,0.0,0.0,0,0,0.0
10470,47,Master,Casado ,40662.0,1.0,0,15-03-2013,0,40.0,2,23.0,0.0,4.0,23,2.0,2.0,1,3,4,0.0,,,0,0.0,0.0,0,0,0.0
6488,67,PhD,Casado ,38829.0,0.0,1,06-04-2014,86,76.0,0,7.0,0.0,0.0,16,1.0,3.0,2,2,5,0.0,,,0,0.0,0.0,0,0,0.0
10270,45,2n Cycle,Casado ,35523.0,1.0,0,03-10-2013,8,11.0,5,22.0,12.0,5.0,11,2.0,3.0,0,3,7,0.0,,,0,0.0,0.0,0,0,0.0
6887,59,Graduation,Soltero ,79146.0,1.0,1,24-04-2014,33,245.0,16,223.0,21.0,43.0,16,2.0,8.0,1,8,6,0.0,,,0,0.0,0.0,0,0,0.0
6406,38,Master,Casado ,78285.0,0.0,0,28-10-2013,13,647.0,107,391.0,175.0,67.0,40,1.0,6.0,4,10,3,0.0,,,0,0.0,0.0,0,0,0.0
7573,48,PhD,Soltero ,31626.0,1.0,0,10-05-2013,12,39.0,1,9.0,2.0,1.0,34,1.0,2.0,1,2,7,0.0,,,0,0.0,1.0,0,0,1.0
4508,74,Graduation,Soltero ,75127.0,0.0,0,22-05-2014,92,203.0,35,305.0,46.0,17.0,227,1.0,2.0,11,5,1,0.0,,,0,0.0,0.0,0,0,0.0
221,71,Graduation,Casado ,48726.0,0.0,1,27-04-2013,90,138.0,3,38.0,4.0,0.0,59,0.0,3.0,2,4,6,0.0,,,0,0.0,0.0,0,0,0.0
5331,49,Graduation,Casado ,74985.0,0.0,0,11-09-2012,8,587.0,51,898.0,247.0,0.0,86,1.0,3.0,6,7,2,0.0,,,0,0.0,0.0,0,0,0.0
1911,39,Graduation,En pareja ,67430.0,0.0,0,05-09-2012,6,595.0,97,291.0,127.0,133.0,121,0.0,11.0,5,12,6,0.0,,,0,0.0,0.0,0,0,0.0
20,61,2n Cycle,Casado ,46891.0,0.0,1,01-09-2013,91,43.0,12,23.0,29.0,15.0,61,1.0,2.0,1,4,4,0.0,,,0,0.0,0.0,0,0,0.0
8786,70,Master,Casado ,62058.0,0.0,1,26-05-2013,52,301.0,7,74.0,10.0,0.0,58,4.0,6.0,1,7,6,0.0,,,0,0.0,0.0,0,0,0.0
10582,47,Graduation,Casado ,72063.0,0.0,1,03-07-2013,3,180.0,32,348.0,76.0,32.0,90,2.0,5.0,2,12,2,0.0,,,0,0.0,0.0,0,0,0.0
1915,75,PhD,Casado ,78939.0,0.0,0,12-12-2013,57,794.0,115,243.0,150.0,0.0,205,1.0,8.0,5,6,3,0.0,,,0,0.0,0.0,0,0,0.0
8897,61,Graduation,Soltero ,42720.0,0.0,1,24-04-2013,9,392.0,5,91.0,28.0,26.0,112,0.0,7.0,3,7,8,0.0,,,0,0.0,0.0,0,0,1.0
2371,54,Graduation,Casado ,33622.0,1.0,1,13-04-2013,22,39.0,1,22.0,3.0,4.0,12,3.0,2.0,0,4,7,0.0,,,0,0.0,0.0,0,0,0.0
4303,69,PhD,En pareja ,6835.0,0.0,1,08-12-2012,76,107.0,2,12.0,2.0,2.0,12,0.0,0.0,0,1,20,0.0,,,0,0.0,0.0,0,0,0.0
6825,73,Graduation,En pareja ,41452.0,1.0,1,06-03-2013,86,13.0,0,3.0,0.0,0.0,0,1.0,1.0,0,2,7,0.0,,,0,0.0,0.0,0,0,0.0
1072,61,PhD,Soltero ,40760.0,0.0,1,30-08-2013,64,70.0,0,17.0,0.0,0.0,6,2.0,2.0,1,3,6,0.0,,,0,0.0,0.0,0,0,0.0
4964,68,PhD,En pareja ,74250.0,0.0,0,26-01-2014,90,680.0,11,392.0,75.0,0.0,0,1.0,2.0,11,4,1,0.0,,,0,0.0,0.0,0,0,0.0
2461,71,Master,Soltero ,51124.0,1.0,1,18-12-2013,79,26.0,1,11.0,0.0,1.0,4,2.0,1.0,0,3,3,0.0,,,0,0.0,0.0,0,0,0.0
10736,55,Graduation,Soltero ,72258.0,0.0,1,12-09-2013,28,522.0,0,522.0,227.0,120.0,134,2.0,6.0,9,5,2,0.0,,,0,0.0,0.0,0,0,0.0
3194,52,PhD,Soltero ,71466.0,0.0,0,05-04-2014,86,412.0,12,546.0,78.0,182.0,0,1.0,4.0,4,10,1,0.0,,,0,0.0,0.0,0,0,0.0
10839,50,Graduation,En pareja ,36283.0,0.0,1,14-04-2014,42,6.0,5,5.0,8.0,0.0,5,2.0,1.0,0,3,4,0.0,,,0,0.0,0.0,0,0,0.0
49,56,Graduation,Soltero ,20587.0,0.0,0,11-05-2014,39,2.0,3,6.0,4.0,1.0,9,1.0,1.0,1,2,7,0.0,,,0,0.0,0.0,0,0,0.0
4290,54,Graduation,Casado ,30467.0,1.0,0,19-03-2014,8,1.0,3,8.0,2.0,5.0,5,1.0,1.0,0,2,7,0.0,,,0,0.0,0.0,0,0,0.0
10219,54,Graduation,En pareja ,31590.0,1.0,0,18-06-2013,40,6.0,2,15.0,6.0,6.0,3,1.0,1.0,0,3,8,0.0,,,0,0.0,0.0,0,0,0.0
4211,40,Basic,Casado ,20425.0,0.0,0,29-10-2012,5,4.0,12,0.0,0.0,0.0,17,0.0,2.0,0,3,7,0.0,,,0,0.0,0.0,0,0,0.0
1135,66,Master,En pareja ,17144.0,0.0,1,15-02-2014,96,18.0,2,19.0,0.0,2.0,6,0.0,3.0,0,4,7,0.0,,,0,0.0,0.0,0,0,0.0
6299,58,PhD,Divorciado ,42564.0,0.0,1,02-01-2013,28,324.0,48,0.0,0.0,0.0,198,0.0,6.0,8,4,7,0.0,,,0,0.0,0.0,0,0,0.0
10846,48,Master,Casado ,43783.0,0.0,0,29-05-2014,22,327.0,9,125.0,25.0,4.0,139,6.0,7.0,1,8,7,0.0,,,0,0.0,1.0,0,0,0.0
347,50,Graduation,Divorciado ,40780.0,0.0,1,08-09-2012,30,229.0,27,71.0,13.0,3.0,34,4.0,7.0,1,5,9,0.0,,,0,0.0,0.0,0,0,0.0
6543,81,Master,En pareja ,62847.0,0.0,0,15-01-2013,45,521.0,168,706.0,80.0,76.0,61,1.0,3.0,6,4,2,0.0,,,0,0.0,0.0,0,0,0.0
10446,69,PhD,Casado ,82017.0,0.0,0,07-11-2012,58,184.0,23,446.0,30.0,23.0,23,1.0,5.0,4,7,2,0.0,,,1,0.0,0.0,1,1,1.0
3479,76,Graduation,Soltero ,16813.0,0.0,0,19-07-2013,49,4.0,8,11.0,12.0,2.0,13,1.0,2.0,0,3,7,0.0,,,0,0.0,1.0,0,0,0.0
11075,48,Graduation,Casado ,51267.0,1.0,1,29-10-2013,37,183.0,2,64.0,7.0,2.0,12,4.0,3.0,3,5,4,0.0,,,0,0.0,0.0,0,0,0.0
4442,65,Graduation,Soltero ,46524.0,0.0,1,05-04-2013,70,31.0,19,35.0,26.0,14.0,52,2.0,1.0,1,5,3,0.0,,,0,0.0,0.0,0,0,0.0
199,64,Master,Soltero ,45183.0,0.0,0,20-01-2013,33,219.0,3,60.0,12.0,9.0,12,1.0,4.0,1,7,7,0.0,,,0,0.0,0.0,1,0,0.0
6722,72,PhD,Casado ,70421.0,0.0,1,28-06-2014,98,479.0,28,136.0,75.0,14.0,35,3.0,10.0,3,7,6,0.0,,,0,0.0,0.0,0,0,0.0
796,61,2n Cycle,Divorciado ,60161.0,0.0,1,23-10-2012,17,584.0,44,212.0,46.0,8.0,177,3.0,11.0,4,8,8,0.0,,,0,0.0,0.0,0,0,0.0
3749,53,Graduation,En pareja ,73926.0,0.0,0,02-03-2013,54,627.0,91,597.0,159.0,91.0,15,1.0,6.0,5,12,3,0.0,,,0,0.0,0.0,0,0,0.0
8523,58,Graduation,Casado ,19329.0,1.0,0,14-12-2013,39,24.0,1,16.0,12.0,2.0,5,3.0,4.0,0,3,8,0.0,,,0,0.0,0.0,0,0,0.0
310,56,Master,Casado ,61872.0,0.0,1,13-12-2013,81,330.0,5,159.0,36.0,27.0,16,4.0,4.0,4,9,4,0.0,,,0,0.0,0.0,0,0,0.0
8629,70,Graduation,Viudo ,46984.0,1.0,1,26-03-2013,71,19.0,1,10.0,2.0,1.0,8,1.0,1.0,0,3,5,0.0,,,0,0.0,0.0,0,0,0.0
236,75,Graduation,Casado ,34838.0,0.0,1,19-01-2013,62,28.0,23,29.0,29.0,14.0,47,3.0,2.0,1,4,6,0.0,,,0,0.0,0.0,0,0,0.0
9930,82,PhD,Soltero ,82716.0,0.0,0,05-11-2013,8,606.0,148,228.0,15.0,148.0,22,1.0,6.0,8,13,2,0.0,,,0,0.0,0.0,0,0,0.0
3483,68,Graduation,Casado ,48192.0,0.0,0,06-04-2013,76,1039.0,43,204.0,153.0,58.0,29,3.0,2.0,8,12,8,0.0,,,1,1.0,0.0,1,0,1.0
4599,50,Master,Casado ,49681.0,0.0,2,04-11-2013,66,411.0,0,26.0,0.0,0.0,21,6.0,7.0,1,7,7,0.0,,,0,0.0,0.0,0,0,0.0
7326,55,Master,Casado ,56850.0,0.0,1,23-03-2014,83,34.0,1,19.0,2.0,7.0,0,1.0,1.0,1,3,2,0.0,,,0,0.0,0.0,0,0,0.0
7352,69,Graduation,Casado ,55267.0,0.0,1,21-10-2013,28,161.0,28,0.0,0.0,0.0,45,0.0,3.0,4,6,3,0.0,,,0,0.0,0.0,0,0,0.0
2350,54,Graduation,Casado ,59666.0,0.0,1,22-03-2013,87,623.0,53,178.0,23.0,17.0,133,7.0,3.0,2,8,8,0.0,,,0,0.0,0.0,1,0,0.0
9145,54,Graduation,Soltero ,72504.0,0.0,1,06-04-2013,43,604.0,26,0.0,0.0,0.0,94,0.0,5.0,9,6,2,0.0,,,0,0.0,0.0,0,0,0.0
2964,45,Graduation,Casado ,26872.0,0.0,0,16-10-2013,0,3.0,10,8.0,3.0,16.0,32,0.0,1.0,1,2,6,0.0,,,0,0.0,0.0,0,0,0.0
5585,54,Graduation,Soltero ,21359.0,1.0,0,20-04-2013,1,12.0,2,17.0,6.0,1.0,10,2.0,2.0,0,3,8,0.0,,,0,0.0,0.0,0,0,1.0
9687,51,Graduation,Soltero ,73170.0,0.0,0,31-05-2014,1,184.0,174,0.0,50.0,0.0,32,0.0,5.0,4,6,2,0.0,,,0,0.0,0.0,0,0,0.0
3732,71,Master,Casado ,52750.0,0.0,1,04-02-2013,72,393.0,0,239.0,90.0,69.0,69,6.0,5.0,7,9,4,0.0,,,0,0.0,0.0,0,0,0.0
6303,40,PhD,En pareja ,91820.0,0.0,0,23-11-2013,72,410.0,73,747.0,76.0,161.0,30,0.0,5.0,5,12,1,0.0,,,0,0.0,0.0,0,0,0.0
11176,56,PhD,En pareja ,65968.0,0.0,1,12-05-2014,12,376.0,9,83.0,19.0,4.0,4,2.0,5.0,4,7,3,0.0,,,0,0.0,0.0,0,0,0.0
2986,50,Graduation,Casado ,30772.0,0.0,1,12-03-2014,89,7.0,2,4.0,2.0,1.0,4,1.0,1.0,0,2,6,0.0,,,0,0.0,0.0,0,0,0.0
7462,72,Graduation,Soltero ,22507.0,0.0,0,24-11-2012,67,68.0,0,226.0,51.0,157.0,68,3.0,10.0,2,4,9,0.0,,,0,0.0,0.0,0,0,0.0
3900,54,Graduation,Casado ,65685.0,0.0,1,29-03-2014,54,642.0,14,49.0,0.0,7.0,57,1.0,9.0,2,9,5,0.0,,,0,0.0,0.0,0,0,0.0
7034,48,2n Cycle,Casado ,25804.0,0.0,0,01-09-2013,34,8.0,7,9.0,13.0,6.0,12,2.0,2.0,0,3,8,0.0,,,0,0.0,0.0,0,0,0.0
9493,46,PhD,Soltero ,76412.0,0.0,0,05-05-2013,15,840.0,53,804.0,23.0,71.0,17,1.0,5.0,4,8,3,0.0,,,1,0.0,0.0,0,1,1.0
1143,54,Graduation,Casado ,22063.0,1.0,0,08-08-2013,43,7.0,10,13.0,3.0,11.0,11,2.0,2.0,0,3,7,0.0,,,0,0.0,0.0,0,0,0.0
1,65,Graduation,Soltero ,57091.0,0.0,0,15-06-2014,0,464.0,5,64.0,7.0,0.0,37,1.0,7.0,3,7,5,0.0,,,0,1.0,0.0,0,0,1.0
3855,63,Graduation,Casado ,22419.0,0.0,0,18-04-2013,74,30.0,3,47.0,19.0,21.0,42,1.0,3.0,2,2,8,0.0,,,0,0.0,0.0,0,0,0.0
5536,67,Graduation,En pareja ,87771.0,0.0,1,22-05-2013,61,1492.0,38,287.0,50.0,57.0,33,1.0,5.0,10,4,6,0.0,,,1,1.0,0.0,1,1,1.0
5989,67,2n Cycle,Divorciado ,78353.0,0.0,1,16-04-2013,51,752.0,122,476.0,39.0,153.0,34,1.0,10.0,2,11,8,0.0,,,0,0.0,0.0,0,0,0.0
9499,72,Graduation,Casado ,93404.0,1.0,2,07-05-2013,97,1279.0,15,287.0,20.0,0.0,15,3.0,3.0,4,7,5,0.0,,,0,0.0,0.0,1,1,0.0
6768,64,Graduation,Divorciado ,37859.0,1.0,2,12-01-2013,75,22.0,1,8.0,2.0,1.0,2,2.0,1.0,0,3,8,0.0,,,0,0.0,0.0,0,0,0.0
2150,68,PhD,Viudo ,80995.0,0.0,1,11-05-2013,83,860.0,28,409.0,73.0,56.0,56,1.0,8.0,9,4,4,0.0,,,0,0.0,0.0,0,0,0.0
6646,42,Graduation,En pareja ,16529.0,0.0,0,01-03-2014,23,3.0,0,0.0,0.0,0.0,1,0.0,1.0,0,3,6,0.0,,,0,0.0,0.0,0,0,0.0
4887,50,PhD,Divorciado ,55412.0,1.0,1,22-11-2013,65,10.0,5,28.0,11.0,1.0,8,1.0,2.0,0,3,5,0.0,,,0,0.0,0.0,0,0,0.0
8560,34,Graduation,Soltero ,48789.0,0.0,0,10-09-2012,94,351.0,16,156.0,7.0,5.0,145,1.0,6.0,4,7,6,0.0,,,0,0.0,0.0,0,0,0.0
3321,59,PhD,En pareja ,56575.0,0.0,2,05-05-2013,42,421.0,5,90.0,0.0,16.0,10,3.0,7.0,3,7,5,0.0,,,0,0.0,0.0,0,0,0.0
11003,46,2n Cycle,En pareja ,25130.0,1.0,0,02-10-2013,10,2.0,5,7.0,0.0,18.0,18,2.0,2.0,0,3,7,0.0,,,0,0.0,0.0,0,0,0.0
10402,59,Graduation,Casado ,35441.0,0.0,1,14-02-2013,94,25.0,1,9.0,2.0,1.0,1,0.0,1.0,0,3,8,0.0,,,0,0.0,0.0,0,0,0.0
9904,70,Graduation,Casado ,71391.0,0.0,1,29-03-2013,50,336.0,123,274.0,46.0,123.0,141,5.0,6.0,5,12,3,0.0,,,0,0.0,0.0,0,0,0.0
6141,54,Master,Soltero ,49494.0,0.0,0,25-04-2013,46,191.0,9,97.0,0.0,6.0,82,0.0,6.0,1,5,7,0.0,,,0,0.0,0.0,0,0,0.0
5687,46,Graduation,Divorciado ,81702.0,0.0,0,23-09-2012,98,563.0,50,774.0,28.0,31.0,187,1.0,7.0,7,12,3,0.0,,,0,0.0,0.0,0,0,0.0
10856,46,2n Cycle,Soltero ,45889.0,0.0,1,02-07-2013,42,31.0,0,6.0,0.0,1.0,8,1.0,1.0,0,3,6,0.0,,,0,0.0,0.0,0,0,0.0
5121,49,Graduation,Soltero ,56628.0,0.0,1,21-03-2014,30,479.0,5,82.0,7.0,17.0,171,2.0,7.0,6,5,5,0.0,,,0,0.0,0.0,0,0,0.0
4186,76,Graduation,En pareja ,34026.0,0.0,1,05-08-2013,11,18.0,6,15.0,12.0,8.0,17,3.0,2.0,1,3,5,0.0,,,0,0.0,0.0,0,0,0.0
368,52,Graduation,Casado ,40049.0,0.0,1,29-11-2012,61,91.0,65,52.0,10.0,44.0,28,3.0,3.0,2,6,5,0.0,,,0,0.0,0.0,0,0,0.0
3312,38,Graduation,Soltero ,34176.0,1.0,0,12-05-2014,12,5.0,7,24.0,19.0,14.0,20,4.0,3.0,0,4,6,0.0,,,0,0.0,0.0,0,0,0.0
11121,45,Graduation,Casado ,19419.0,1.0,0,10-11-2012,76,2.0,14,28.0,16.0,3.0,7,4.0,4.0,0,3,9,0.0,,,0,0.0,0.0,0,0,0.0
5332,66,2n Cycle,Casado ,82504.0,0.0,0,27-07-2013,2,362.0,50,431.0,134.0,35.0,54,1.0,3.0,6,7,1,0.0,,,0,0.0,0.0,0,0,0.0
5848,56,Graduation,En pareja ,81205.0,0.0,0,13-01-2014,43,724.0,74,929.0,97.0,55.0,130,1.0,5.0,6,7,2,0.0,,,0,1.0,1.0,0,1,1.0
10343,35,2n Cycle,Soltero ,61618.0,0.0,0,29-09-2012,27,605.0,91,399.0,0.0,45.0,205,2.0,3.0,6,8,3,0.0,,,0,0.0,0.0,0,0,0.0
5935,70,Master,Soltero ,55284.0,0.0,1,24-12-2012,60,547.0,7,140.0,0.0,7.0,63,3.0,7.0,5,8,5,0.0,,,0,0.0,0.0,0,0,0.0
2895,63,Graduation,Soltero ,49980.0,0.0,1,23-10-2013,79,104.0,1,54.0,13.0,9.0,14,2.0,3.0,1,5,5,0.0,,,0,0.0,0.0,0,0,0.0
10262,46,Graduation,Casado ,15072.0,0.0,0,10-05-2013,96,8.0,2,15.0,0.0,10.0,18,4.0,3.0,1,3,5,0.0,,,0,0.0,0.0,0,0,0.0
7848,52,Graduation,Soltero ,49166.0,0.0,1,13-06-2013,17,224.0,2,25.0,7.0,0.0,110,2.0,5.0,3,3,6,0.0,,,0,0.0,0.0,0,0,0.0
9477,72,PhD,Casado ,65324.0,0.0,1,11-01-2014,0,384.0,0,102.0,21.0,32.0,5,3.0,6.0,2,9,4,0.0,,,0,0.0,0.0,0,0,0.0
4856,69,2n Cycle,Casado ,82347.0,0.0,0,06-11-2012,38,556.0,54,845.0,202.0,133.0,63,1.0,7.0,7,10,3,0.0,,,1,0.0,1.0,0,0,0.0
7186,60,PhD,En pareja ,30843.0,1.0,1,26-05-2014,43,24.0,0,2.0,0.0,0.0,9,2.0,1.0,1,2,5,0.0,,,0,0.0,1.0,0,0,0.0
5794,52,PhD,Casado ,46374.0,0.0,1,17-03-2014,1,408.0,0,21.0,0.0,0.0,17,3.0,7.0,1,7,8,0.0,,,1,0.0,0.0,1,0,1.0
1456,47,Graduation,Soltero ,60474.0,0.0,1,01-04-2013,25,265.0,199,303.0,234.0,9.0,170,7.0,10.0,2,12,7,0.0,,,0,0.0,0.0,0,0,0.0
4877,53,Master,Casado ,38576.0,0.0,1,04-03-2014,2,34.0,0,7.0,0.0,0.0,0,1.0,1.0,0,3,7,0.0,,,0,0.0,0.0,0,0,0.0
425,41,Graduation,Casado ,55357.0,0.0,0,19-02-2013,66,374.0,64,116.0,84.0,25.0,64,3.0,6.0,2,11,5,0.0,,,0,0.0,0.0,0,0,0.0
3007,60,Graduation,En pareja ,37758.0,1.0,1,04-10-2012,49,27.0,2,10.0,0.0,0.0,1,2.0,1.0,0,3,8,0.0,,,0,0.0,0.0,0,0,0.0
1031,37,2n Cycle,Casado ,85710.0,0.0,0,05-05-2013,5,600.0,20,350.0,29.0,30.0,33,1.0,6.0,9,10,2,0.0,,,0,0.0,0.0,0,1,0.0
4297,57,Graduation,En pareja ,23228.0,1.0,0,26-01-2014,71,13.0,2,18.0,6.0,1.0,0,2.0,2.0,0,3,8,0.0,,,0,0.0,0.0,0,0,0.0
807,57,Master,En pareja ,44602.0,0.0,1,15-02-2014,35,167.0,2,89.0,0.0,0.0,34,6.0,6.0,1,4,8,0.0,,,0,0.0,0.0,0,0,0.0
9553,39,Graduation,Casado ,7500.0,0.0,0,09-01-2013,94,0.0,2,3.0,4.0,1.0,5,1.0,0.0,0,3,6,0.0,,,0,0.0,0.0,0,0,0.0
4271,37,2n Cycle,En pareja ,38683.0,1.0,0,04-10-2012,80,46.0,35,69.0,84.0,41.0,66,6.0,4.0,1,6,7,0.0,,,0,0.0,0.0,0,0,0.0
4120,51,2n Cycle,Soltero ,49514.0,1.0,0,17-12-2013,61,88.0,39,78.0,58.0,13.0,93,2.0,6.0,1,4,7,0.0,,,0,0.0,0.0,0,0,0.0
2036,53,PhD,En pareja ,57906.0,0.0,1,11-06-2013,29,243.0,11,119.0,10.0,3.0,15,3.0,4.0,2,8,4,0.0,,,0,0.0,0.0,0,0,0.0
115,60,Master,Soltero ,43456.0,0.0,1,26-03-2013,0,275.0,11,68.0,25.0,7.0,7,3.0,5.0,1,8,5,0.0,,,0,0.0,0.0,0,0,0.0
4259,40,Master,Soltero ,19485.0,0.0,0,24-09-2013,80,6.0,0,4.0,0.0,0.0,0,1.0,1.0,0,2,7,0.0,,,0,0.0,0.0,0,0,0.0
8687,48,Graduation,En pareja ,53172.0,0.0,1,06-05-2013,54,121.0,62,90.0,68.0,20.0,125,3.0,2.0,3,8,3,0.0,,,0,0.0,0.0,0,0,0.0
2447,47,Graduation,En pareja ,30545.0,0.0,0,17-10-2012,71,4.0,12,15.0,19.0,7.0,12,0.0,2.0,0,3,7,0.0,,,0,0.0,0.0,0,0,0.0
10140,43,PhD,En pareja ,70123.0,0.0,0,28-09-2013,27,1308.0,0,396.0,23.0,0.0,0,1.0,5.0,7,4,3,0.0,,,0,1.0,0.0,1,0,0.0
9353,67,Graduation,Soltero ,62450.0,0.0,1,06-01-2014,61,515.0,47,267.0,62.0,66.0,38,2.0,5.0,5,4,3,0.0,,,0,0.0,0.0,1,0,0.0
3623,50,Graduation,En pareja ,21675.0,1.0,0,11-06-2014,55,4.0,0,16.0,17.0,4.0,4,3.0,4.0,0,3,7,0.0,,,0,0.0,0.0,0,0,0.0
738,45,2n Cycle,Soltero ,42395.0,0.0,1,04-04-2014,35,48.0,13,57.0,24.0,15.0,25,4.0,3.0,1,4,7,0.0,,,0,0.0,0.0,0,0,0.0
7631,48,Master,En pareja ,61346.0,0.0,0,06-10-2013,34,562.0,58,168.0,43.0,16.0,142,1.0,5.0,7,10,3,0.0,,,0,0.0,0.0,0,0,0.0
4789,73,Graduation,En pareja ,80812.0,0.0,0,17-09-2013,95,769.0,22,500.0,210.0,143.0,33,1.0,4.0,8,5,2,0.0,,,1,0.0,1.0,0,1,0.0
773,55,Master,Divorciado ,42835.0,1.0,1,30-06-2013,64,379.0,4,93.0,12.0,9.0,98,7.0,6.0,6,4,6,0.0,,,0,0.0,0.0,0,0,0.0
10602,43,Graduation,Casado ,39922.0,1.0,0,14-02-2013,30,29.0,12,59.0,19.0,1.0,36,2.0,3.0,0,4,8,0.0,,,0,0.0,0.0,0,0,0.0
1446,70,Master,Soltero ,86424.0,0.0,0,05-04-2014,12,387.0,68,569.0,89.0,45.0,68,1.0,6.0,9,12,1,0.0,,,0,0.0,0.0,0,0,0.0
3270,48,2n Cycle,En pareja ,17117.0,0.0,0,17-01-2013,96,12.0,23,38.0,30.0,18.0,7,4.0,3.0,1,3,9,0.0,,,0,0.0,0.0,0,0,0.0
8443,54,Graduation,Soltero ,24762.0,1.0,0,10-02-2014,16,6.0,10,12.0,3.0,15.0,40,3.0,3.0,1,2,8,0.0,,,0,0.0,1.0,0,0,1.0
9653,51,Graduation,Casado ,35797.0,0.0,1,16-10-2012,16,27.0,1,14.0,4.0,1.0,21,2.0,2.0,0,3,8,0.0,,,0,0.0,0.0,0,0,0.0
8916,51,Graduation,Divorciado ,36627.0,2.0,0,23-07-2013,78,9.0,1,5.0,0.0,0.0,1,1.0,0.0,0,3,5,0.0,,,0,0.0,0.0,0,0,0.0
8017,45,2n Cycle,Casado ,51111.0,1.0,1,19-06-2014,83,22.0,0,19.0,6.0,5.0,3,2.0,2.0,0,3,6,0.0,,,0,0.0,0.0,0,0,0.0
5830,54,PhD,Soltero ,86857.0,0.0,0,12-09-2012,96,899.0,102,838.0,133.0,102.0,40,1.0,5.0,6,10,2,0.0,,,0,0.0,0.0,0,0,1.0
4597,56,PhD,En pareja ,82072.0,0.0,0,02-07-2013,67,889.0,55,685.0,168.0,92.0,129,1.0,3.0,2,13,1,0.0,,,0,0.0,0.0,0,0,0.0
7023,73,PhD,Soltero ,46231.0,0.0,1,26-11-2012,87,189.0,2,55.0,0.0,5.0,12,0.0,6.0,1,4,9,0.0,,,0,0.0,0.0,0,0,0.0
8086,67,Graduation,Casado ,42243.0,1.0,1,11-12-2013,34,48.0,0,2.0,0.0,0.0,5,2.0,2.0,0,3,7,0.0,,,0,0.0,0.0,0,0,0.0
8825,64,Graduation,En pareja ,51195.0,0.0,1,01-04-2013,46,230.0,14,156.0,82.0,24.0,58,8.0,9.0,2,5,8,0.0,,,0,0.0,0.0,0,0,0.0
2930,48,Master,Soltero ,68092.0,0.0,0,16-12-2013,7,852.0,60,207.0,78.0,36.0,48,2.0,2.0,6,10,5,0.0,,,0,0.0,0.0,0,0,0.0
1928,53,Graduation,Casado ,31814.0,1.0,0,09-02-2013,73,35.0,3,20.0,4.0,1.0,20,2.0,2.0,0,3,9,0.0,,,0,0.0,1.0,0,0,0.0
7108,61,Master,Viudo ,51390.0,0.0,1,08-09-2012,54,205.0,20,47.0,23.0,2.0,56,0.0,5.0,2,5,5,0.0,,,0,0.0,0.0,0,0,0.0
10925,43,Graduation,Casado ,76630.0,0.0,0,14-01-2014,93,255.0,31,446.0,40.0,56.0,175,1.0,3.0,10,11,1,0.0,,,0,0.0,0.0,0,0,0.0
9960,35,Basic,Soltero ,26868.0,0.0,0,30-04-2014,52,0.0,0,1.0,8.0,3.0,2,1.0,1.0,0,2,7,0.0,,,0,0.0,0.0,0,0,0.0
8800,83,PhD,Divorciado ,48948.0,0.0,0,01-02-2013,53,437.0,8,206.0,160.0,49.0,42,2.0,7.0,10,5,6,0.0,,,0,0.0,1.0,0,0,1.0
9224,54,PhD,Soltero ,55260.0,0.0,1,12-12-2012,81,825.0,8,53.0,11.0,0.0,242,2.0,8.0,10,5,6,0.0,,,0,0.0,0.0,0,0,0.0
5519,70,Graduation,En pareja ,64090.0,0.0,1,07-08-2013,8,316.0,58,161.0,76.0,51.0,135,1.0,6.0,9,4,5,0.0,,,0,0.0,0.0,0,0,1.0
5046,68,Graduation,Divorciado ,78331.0,0.0,1,23-01-2014,97,756.0,138,354.0,160.0,169.0,61,2.0,10.0,6,7,4,0.0,,,0,0.0,0.0,0,0,0.0
7037,52,PhD,Casado ,37087.0,1.0,0,11-08-2013,50,194.0,55,134.0,15.0,0.0,3,3.0,4.0,2,8,6,0.0,,,0,0.0,0.0,0,0,0.0
905,40,Graduation,Divorciado ,21846.0,1.0,0,22-10-2013,38,7.0,17,18.0,6.0,10.0,26,4.0,4.0,0,3,8,0.0,,,0,0.0,0.0,0,0,0.0
8624,68,Graduation,Casado ,81320.0,0.0,0,06-02-2013,61,183.0,33,493.0,59.0,103.0,57,1.0,4.0,3,10,2,0.0,,,0,0.0,0.0,0,0,0.0
8945,56,Graduation,Divorciado ,54137.0,0.0,1,16-08-2013,46,171.0,0,11.0,0.0,1.0,20,2.0,4.0,1,4,6,0.0,,,0,0.0,0.0,0,0,0.0
6445,59,Graduation,En pareja ,66825.0,0.0,0,14-07-2013,73,243.0,101,405.0,29.0,40.0,40,1.0,4.0,5,6,2,0.0,,,0,0.0,0.0,0,0,0.0
2727,53,Graduation,En pareja ,57100.0,0.0,0,04-12-2013,19,181.0,21,69.0,39.0,3.0,96,1.0,3.0,3,6,3,0.0,,,0,0.0,0.0,0,0,0.0
6404,57,Graduation,En pareja ,58917.0,0.0,2,24-03-2013,10,151.0,7,89.0,0.0,7.0,28,5.0,4.0,1,6,5,0.0,,,0,0.0,0.0,0,0,0.0
11074,49,Graduation,Soltero ,85072.0,0.0,0,09-04-2014,94,494.0,92,391.0,194.0,11.0,241,1.0,3.0,4,10,0,0.0,,,0,0.0,0.0,0,0,0.0
10150,65,Graduation,Soltero ,86429.0,0.0,0,21-11-2013,10,464.0,28,873.0,29.0,18.0,37,0.0,7.0,4,7,2,0.0,,,1,0.0,0.0,0,0,1.0
1968,55,Graduation,Viudo ,45684.0,0.0,0,02-12-2013,37,5.0,1,5.0,10.0,0.0,7,1.0,1.0,0,2,7,0.0,,,0,0.0,0.0,0,0,0.0
6534,52,Graduation,En pareja ,47889.0,1.0,0,04-01-2014,94,29.0,0,29.0,0.0,5.0,4,1.0,2.0,0,3,5,0.0,,,0,0.0,0.0,0,0,0.0
9485,40,PhD,Casado ,45921.0,0.0,0,10-03-2014,23,102.0,9,49.0,24.0,3.0,12,1.0,2.0,1,6,4,0.0,,,0,0.0,0.0,0,0,0.0
7053,60,PhD,Soltero ,78420.0,0.0,0,29-06-2013,75,604.0,28,674.0,91.0,28.0,28,1.0,3.0,10,8,1,0.0,,,0,0.0,0.0,0,0,0.0
4654,34,Graduation,En pareja ,75114.0,0.0,0,07-11-2013,40,571.0,12,523.0,63.0,60.0,24,1.0,3.0,10,5,2,0.0,,,0,0.0,0.0,0,0,0.0
9760,63,PhD,Viudo ,52278.0,0.0,1,25-01-2013,24,953.0,0,71.0,0.0,0.0,174,6.0,10.0,5,10,8,0.0,,,0,0.0,0.0,0,0,1.0
1048,54,Master,Casado ,35641.0,1.0,0,14-07-2013,11,63.0,3,67.0,8.0,9.0,28,2.0,3.0,1,4,7,0.0,,,0,0.0,0.0,0,0,1.0
10619,32,Graduation,Soltero ,95529.0,0.0,0,03-12-2012,29,770.0,29,890.0,250.0,27.0,24,1.0,7.0,3,7,3,0.0,,,0,0.0,0.0,0,1,1.0
9308,72,Graduation,Casado ,62820.0,0.0,0,11-05-2013,51,398.0,61,265.0,138.0,61.0,53,1.0,3.0,4,6,1,0.0,,,0,0.0,0.0,0,0,0.0
10505,66,Master,En pareja ,73113.0,0.0,0,26-12-2013,86,741.0,19,0.0,0.0,0.0,28,0.0,3.0,4,7,2,0.0,,,0,0.0,0.0,0,0,0.0
8362,44,PhD,Casado ,84169.0,0.0,0,07-08-2013,9,1478.0,19,403.0,0.0,19.0,0,1.0,7.0,6,6,3,0.0,,,0,0.0,0.0,1,1,1.0
2625,72,2n Cycle,Soltero ,42607.0,0.0,1,17-11-2013,30,156.0,29,56.0,30.0,32.0,47,2.0,3.0,2,7,3,0.0,,,0,0.0,0.0,0,0,0.0
4637,72,PhD,Soltero ,74637.0,0.0,0,18-05-2013,73,960.0,64,464.0,146.0,0.0,16,1.0,6.0,9,9,3,0.0,,,1,0.0,0.0,0,0,0.0
9972,71,PhD,En pareja ,46015.0,1.0,1,13-04-2014,25,38.0,0,2.0,0.0,0.0,6,1.0,1.0,0,3,7,0.0,,,0,1.0,1.0,0,0,0.0
4483,33,Graduation,Soltero ,72354.0,0.0,0,17-04-2013,67,315.0,26,473.0,220.0,12.0,182,1.0,2.0,10,6,1,0.0,,,0,0.0,0.0,0,0,0.0
4487,57,Master,Soltero ,39858.0,1.0,0,24-01-2013,67,15.0,20,25.0,2.0,7.0,26,1.0,2.0,0,4,6,0.0,,,0,0.0,0.0,0,0,1.0
4988,78,PhD,Casado ,34469.0,0.0,1,04-05-2014,58,19.0,6,20.0,0.0,5.0,12,0.0,1.0,1,4,4,0.0,,,0,0.0,0.0,0,0,0.0
8931,40,Graduation,En pareja ,83033.0,1.0,0,18-05-2014,82,812.0,99,431.0,237.0,149.0,33,1.0,11.0,4,10,5,0.0,,,1,0.0,0.0,0,0,0.0
5871,47,Master,En pareja ,24401.0,0.0,0,31-08-2012,98,73.0,28,217.0,10.0,24.0,115,0.0,6.0,1,6,8,0.0,,,0,0.0,0.0,0,0,0.0
2008,48,Graduation,Casado ,77583.0,0.0,0,10-02-2014,93,372.0,23,384.0,250.0,12.0,108,1.0,4.0,5,9,2,0.0,,,1,0.0,0.0,0,0,0.0
3139,44,2n Cycle,Soltero ,74116.0,0.0,0,30-12-2013,53,871.0,111,704.0,145.0,55.0,166,1.0,4.0,4,10,2,0.0,,,0,0.0,0.0,1,0,0.0
10037,33,Graduation,Soltero ,74293.0,0.0,0,04-05-2014,66,375.0,152,335.0,93.0,91.0,81,1.0,5.0,4,6,2,0.0,,,0,0.0,0.0,0,0,0.0
10673,50,PhD,Casado ,68397.0,0.0,1,17-11-2013,6,760.0,80,466.0,17.0,13.0,80,1.0,6.0,9,5,3,0.0,,,0,0.0,0.0,0,0,0.0
5303,52,PhD,En pareja ,79632.0,0.0,0,08-04-2014,42,471.0,0,510.0,99.0,21.0,12,0.0,6.0,4,9,2,0.0,,,0,0.0,0.0,0,0,0.0
538,37,Graduation,Soltero ,46107.0,0.0,0,10-02-2014,78,31.0,9,27.0,16.0,9.0,33,1.0,1.0,1,4,3,0.0,,,0,0.0,0.0,0,0,0.0
7922,75,PhD,Soltero ,64950.0,0.0,1,12-08-2012,29,819.0,0,72.0,12.0,0.0,63,2.0,11.0,2,10,7,0.0,,,0,0.0,0.0,1,0,0.0
5692,37,Basic,Casado ,25443.0,1.0,0,22-12-2012,82,1.0,4,3.0,8.0,9.0,7,1.0,1.0,0,3,8,0.0,,,0,0.0,0.0,0,0,0.0
4843,74,Graduation,Soltero ,75127.0,0.0,0,22-05-2014,92,203.0,35,305.0,46.0,17.0,227,1.0,2.0,11,5,1,0.0,,,0,0.0,0.0,0,0,0.0
6383,55,PhD,En pareja ,32892.0,1.0,0,25-05-2014,78,26.0,0,15.0,2.0,1.0,2,2.0,3.0,0,3,8,0.0,,,0,0.0,0.0,0,0,0.0
1628,55,Graduation,En pareja ,71796.0,0.0,0,24-10-2013,54,354.0,21,311.0,167.0,75.0,32,1.0,9.0,3,4,4,0.0,,,0,0.0,0.0,0,0,0.0
1204,56,PhD,Casado ,67536.0,0.0,1,22-05-2013,45,1253.0,0,447.0,23.0,71.0,35,0.0,11.0,5,11,8,0.0,,,1,0.0,0.0,0,0,0.0
3673,55,Graduation,Soltero ,55239.0,0.0,1,14-07-2013,59,371.0,17,238.0,23.0,24.0,106,3.0,7.0,5,11,5,0.0,,,0,0.0,0.0,0,0,0.0
760,51,PhD,Divorciado ,60554.0,0.0,0,09-08-2013,8,588.0,7,76.0,110.0,15.0,15,2.0,8.0,4,9,6,0.0,,,0,0.0,0.0,0,0,0.0
8957,74,2n Cycle,Soltero ,64831.0,0.0,1,10-06-2013,51,480.0,86,249.0,75.0,86.0,144,0.0,6.0,3,5,6,0.0,,,0,0.0,0.0,0,0,0.0
4128,64,PhD,En pareja ,56067.0,0.0,1,20-07-2013,51,517.0,12,54.0,16.0,6.0,120,2.0,7.0,4,7,5,0.0,,,0,0.0,0.0,0,0,0.0
6810,43,Graduation,Divorciado ,82025.0,0.0,0,28-05-2013,76,267.0,98,606.0,48.0,70.0,98,0.0,3.0,2,6,1,0.0,,,0,0.0,0.0,0,1,1.0
5386,73,Graduation,En pareja ,94384.0,0.0,0,04-03-2013,62,1111.0,24,790.0,160.0,45.0,172,0.0,5.0,8,5,2,0.0,,,1,0.0,0.0,1,1,1.0
8700,40,Basic,Soltero ,14906.0,0.0,0,22-12-2012,86,7.0,7,14.0,7.0,16.0,15,3.0,2.0,1,3,7,0.0,,,0,0.0,0.0,0,0,0.0
3202,39,PhD,Casado ,51563.0,0.0,0,01-10-2012,60,1166.0,0,48.0,0.0,0.0,36,1.0,4.0,4,10,8,0.0,,,0,0.0,0.0,1,1,0.0
1328,44,2n Cycle,Casado ,57937.0,0.0,1,16-02-2014,56,261.0,42,144.0,55.0,48.0,133,3.0,4.0,4,9,3,0.0,,,0,0.0,0.0,0,0,0.0
8405,47,Graduation,Divorciado ,68274.0,1.0,1,30-09-2013,83,135.0,25,51.0,23.0,25.0,46,2.0,4.0,2,5,3,0.0,,,0,0.0,0.0,0,0,0.0
6515,49,Graduation,En pareja ,39771.0,0.0,0,06-12-2013,92,6.0,2,18.0,2.0,8.0,14,0.0,2.0,0,3,4,0.0,,,0,0.0,0.0,0,0,0.0
2882,51,2n Cycle,Divorciado ,67893.0,0.0,1,01-10-2012,31,711.0,28,142.0,49.0,18.0,47,0.0,3.0,2,9,8,0.0,,,0,0.0,0.0,0,0,0.0
7574,47,PhD,En pareja ,27922.0,1.0,0,10-05-2014,80,11.0,0,13.0,2.0,4.0,11,1.0,2.0,0,3,4,0.0,,,0,0.0,0.0,0,0,0.0
6387,50,PhD,En pareja ,52190.0,0.0,1,08-05-2014,39,42.0,0,17.0,0.0,0.0,18,3.0,2.0,1,3,5,0.0,,,0,0.0,1.0,0,0,0.0
5320,53,Master,Divorciado ,44051.0,0.0,1,29-01-2013,20,79.0,7,58.0,6.0,3.0,18,4.0,3.0,1,4,6,0.0,,,0,0.0,0.0,0,0,1.0
5048,55,PhD,Soltero ,42767.0,2.0,0,11-05-2013,53,20.0,6,43.0,19.0,5.0,38,1.0,3.0,1,2,8,0.0,,,0,0.0,0.0,0,0,0.0
8146,50,Master,En pareja ,46106.0,1.0,1,11-05-2014,84,30.0,0,8.0,2.0,0.0,14,1.0,1.0,1,2,6,0.0,,,0,0.0,0.0,0,0,0.0
10031,50,PhD,Casado ,16927.0,1.0,1,10-02-2013,50,20.0,2,23.0,3.0,1.0,4,5.0,3.0,0,4,8,0.0,,,0,0.0,0.0,0,0,0.0
5748,61,Graduation,Casado ,59754.0,0.0,1,01-12-2012,96,115.0,27,44.0,4.0,146.0,139,3.0,5.0,2,6,5,0.0,,,0,0.0,0.0,0,0,1.0
2134,74,Graduation,Soltero ,53700.0,0.0,1,17-08-2012,94,263.0,5,233.0,69.0,41.0,83,4.0,5.0,5,8,5,0.0,,,0,0.0,0.0,0,0,0.0
1523,53,Graduation,Casado ,59041.0,1.0,1,07-05-2014,25,69.0,2,15.0,2.0,2.0,6,2.0,2.0,0,4,5,0.0,,,0,0.0,0.0,0,0,0.0
9665,69,PhD,Divorciado ,54237.0,0.0,1,27-04-2013,48,267.0,3,30.0,4.0,0.0,57,4.0,5.0,2,5,6,0.0,,,0,0.0,0.0,0,0,0.0
4640,59,Graduation,Divorciado ,70647.0,0.0,1,21-09-2012,65,561.0,85,171.0,25.0,123.0,114,2.0,4.0,7,13,2,0.0,,,0,0.0,0.0,0,0,0.0
3635,64,PhD,Soltero ,52597.0,0.0,1,07-05-2014,69,492.0,0,37.0,7.0,0.0,42,3.0,6.0,3,8,5,0.0,,,0,0.0,0.0,0,0,0.0
3547,57,Master,En pareja ,41021.0,0.0,0,30-12-2012,12,14.0,7,9.0,6.0,16.0,12,0.0,2.0,0,3,6,0.0,,,0,0.0,0.0,0,0,1.0
2456,51,PhD,Casado ,40233.0,0.0,1,14-10-2013,84,80.0,4,46.0,0.0,17.0,2,5.0,2.0,1,5,6,0.0,,,0,0.0,0.0,0,0,0.0
5633,46,Graduation,Casado ,50183.0,0.0,1,25-06-2014,47,97.0,12,84.0,13.0,10.0,15,7.0,3.0,1,6,5,0.0,,,0,0.0,0.0,0,0,0.0
7801,67,Graduation,En pareja ,54753.0,0.0,1,12-09-2013,87,197.0,107,227.0,7.0,59.0,131,0.0,5.0,2,11,4,0.0,,,0,0.0,0.0,0,0,0.0
10489,53,Graduation,Casado ,92955.0,0.0,0,19-08-2013,35,693.0,21,925.0,31.0,24.0,84,1.0,6.0,7,9,2,0.0,,,1,0.0,0.0,0,1,1.0
7011,53,Graduation,Casado ,33471.0,1.0,0,12-10-2012,47,43.0,2,27.0,0.0,9.0,12,3.0,3.0,0,4,7,0.0,,,0,0.0,0.0,0,0,0.0
2620,52,PhD,Casado ,34596.0,1.0,0,13-04-2013,48,14.0,0,2.0,0.0,0.0,7,1.0,1.0,0,2,8,0.0,,,0,0.0,0.0,0,0,1.0
3933,46,Graduation,En pareja ,44010.0,1.0,0,13-10-2012,46,186.0,36,234.0,86.0,72.0,48,6.0,10.0,2,6,9,0.0,,,0,0.0,0.0,0,0,0.0
10981,38,Graduation,Casado ,84219.0,0.0,0,02-02-2014,27,434.0,137,400.0,45.0,137.0,45,1.0,3.0,4,10,1,0.0,,,0,0.0,0.0,0,0,0.0
1734,58,PhD,En pareja ,40706.0,2.0,1,17-01-2013,37,59.0,0,11.0,4.0,2.0,5,4.0,3.0,0,4,7,0.0,,,0,0.0,0.0,0,0,0.0
10995,38,2n Cycle,Casado ,15716.0,1.0,0,12-11-2012,8,16.0,5,30.0,8.0,7.0,26,3.0,3.0,0,4,8,1.0,,,0,0.0,0.0,0,0,0.0
6357,67,2n Cycle,Divorciado ,59052.0,0.0,1,17-11-2013,29,230.0,35,75.0,63.0,57.0,31,3.0,7.0,1,7,5,0.0,,,0,0.0,0.0,0,0,0.0
9209,55,Master,En pareja ,80573.0,0.0,0,14-10-2012,85,829.0,138,0.0,0.0,0.0,15,0.0,4.0,6,13,2,0.0,,,0,0.0,0.0,0,0,0.0
10286,64,Graduation,Casado ,83715.0,0.0,0,03-02-2014,2,318.0,8,407.0,150.0,35.0,8,1.0,2.0,8,13,0,0.0,,,0,0.0,0.0,0,0,0.0
2611,67,Master,En pareja ,82576.0,0.0,0,01-08-2012,66,1206.0,55,0.0,0.0,0.0,18,0.0,2.0,4,12,1,0.0,,,0,0.0,0.0,0,1,0.0
1600,61,Master,Casado ,56962.0,2.0,1,11-10-2013,60,292.0,3,77.0,10.0,3.0,26,7.0,6.0,3,5,7,0.0,,,0,0.0,0.0,0,0,0.0
3308,74,Graduation,Casado ,35704.0,0.0,1,03-01-2014,54,30.0,9,12.0,2.0,11.0,30,3.0,2.0,0,4,4,0.0,,,0,0.0,0.0,0,0,0.0
5407,72,Graduation,En pareja ,53103.0,0.0,1,12-09-2013,70,729.0,17,133.0,11.0,0.0,195,5.0,10.0,6,7,7,0.0,,,0,0.0,1.0,0,0,0.0
2166,66,2n Cycle,Viudo ,46779.0,1.0,1,12-07-2013,55,12.0,1,3.0,0.0,0.0,7,1.0,0.0,1,2,4,0.0,,,0,0.0,0.0,0,0,0.0
3955,61,Graduation,Divorciado ,4861.0,0.0,0,22-06-2014,20,2.0,1,1.0,1.0,0.0,1,0.0,0.0,0,0,14,0.0,,,0,0.0,0.0,0,0,0.0
6634,47,Master,Divorciado ,33462.0,1.0,0,07-08-2013,78,22.0,3,18.0,0.0,0.0,11,1.0,2.0,0,3,7,0.0,,,0,0.0,0.0,0,0,0.0
3056,48,Graduation,Divorciado ,63693.0,0.0,1,14-10-2013,63,587.0,43,337.0,42.0,87.0,54,3.0,11.0,6,9,6,0.0,,,0,0.0,0.0,0,0,0.0
5718,76,Graduation,Casado ,80763.0,0.0,0,15-08-2013,17,674.0,168,108.0,192.0,42.0,231,1.0,5.0,11,6,3,0.0,,,1,0.0,0.0,0,1,1.0
6872,52,PhD,Casado ,65352.0,0.0,1,21-08-2013,43,284.0,3,84.0,4.0,7.0,23,2.0,4.0,2,8,4,0.0,,,0,0.0,0.0,0,0,0.0
8164,48,PhD,Casado ,82170.0,0.0,0,25-11-2013,13,1023.0,93,651.0,49.0,55.0,37,1.0,5.0,6,7,2,0.0,,,0,0.0,0.0,0,0,0.0
4580,57,Graduation,Casado ,75759.0,0.0,0,25-10-2013,46,1394.0,22,708.0,89.0,91.0,182,1.0,9.0,7,9,5,0.0,,,1,0.0,1.0,0,1,1.0
9305,50,2n Cycle,Soltero ,79689.0,0.0,0,12-05-2013,65,311.0,26,640.0,180.0,37.0,121,1.0,4.0,9,13,2,0.0,,,0,0.0,0.0,0,0,0.0
453,70,PhD,Viudo ,35340.0,1.0,1,29-06-2014,1,27.0,0,12.0,0.0,1.0,5,2.0,2.0,0,3,5,0.0,,,0,0.0,0.0,0,0,0.0
8545,72,Graduation,Divorciado ,85683.0,0.0,0,21-03-2014,6,1296.0,17,311.0,45.0,69.0,51,1.0,2.0,4,10,1,0.0,,,1,1.0,0.0,1,1,1.0
9850,54,2n Cycle,Casado ,24884.0,1.0,0,29-11-2012,32,3.0,6,7.0,0.0,0.0,3,1.0,0.0,0,3,7,0.0,,,0,0.0,0.0,0,0,0.0
7378,45,Master,En pareja ,42021.0,1.0,0,31-08-2012,34,393.0,5,136.0,7.0,5.0,27,5.0,10.0,1,6,9,0.0,,,0,0.0,1.0,0,0,0.0
7646,37,Graduation,Soltero ,64449.0,0.0,0,18-02-2014,70,218.0,63,282.0,137.0,35.0,70,4.0,66.0,3,12,4,0.0,,,0,0.0,0.0,0,0,0.0
1640,72,Graduation,Divorciado ,64587.0,0.0,1,22-06-2014,49,66.0,0,16.0,0.0,6.0,20,2.0,1.0,1,4,3,0.0,,,0,0.0,0.0,0,0,0.0
5184,31,Graduation,Soltero ,34824.0,0.0,0,26-03-2014,65,4.0,2,11.0,2.0,0.0,4,1.0,1.0,0,2,6,0.0,,,0,0.0,0.0,0,0,0.0
8492,48,Graduation,En pareja ,75437.0,0.0,0,09-11-2013,25,795.0,0,545.0,95.0,58.0,0,1.0,8.0,4,10,6,0.0,,,1,0.0,0.0,0,0,0.0
11188,69,Graduation,En pareja ,26091.0,0.0,1,25-02-2014,84,15.0,10,19.0,8.0,17.0,20,3.0,2.0,1,3,5,0.0,,,0,0.0,0.0,0,0,0.0
1212,53,Graduation,Casado ,52845.0,0.0,0,13-08-2013,7,384.0,25,292.0,130.0,41.0,64,3.0,8.0,8,6,6,0.0,,,0,0.0,1.0,0,0,0.0
9097,70,Graduation,Divorciado ,46086.0,0.0,1,03-11-2013,34,244.0,8,32.0,7.0,2.0,50,4.0,3.0,1,8,4,0.0,,,0,0.0,0.0,0,0,0.0
10473,70,PhD,Viudo ,78028.0,0.0,1,10-09-2012,38,158.0,19,288.0,25.0,0.0,38,1.0,6.0,4,9,7,0.0,,,0,0.0,0.0,1,1,1.0
7962,39,PhD,Soltero ,95169.0,0.0,0,09-10-2013,1,1285.0,21,449.0,106.0,20.0,20,0.0,4.0,3,4,1,0.0,,,1,0.0,0.0,0,1,1.0
9984,45,2n Cycle,Casado ,56337.0,1.0,1,27-03-2013,25,349.0,16,144.0,28.0,5.0,182,5.0,8.0,5,4,8,0.0,,,1,0.0,1.0,0,0,1.0
5527,39,Graduation,En pareja ,22434.0,1.0,0,13-02-2013,25,4.0,12,11.0,3.0,13.0,15,2.0,2.0,0,3,8,0.0,,,0,0.0,0.0,0,0,0.0
6374,72,PhD,Casado ,36930.0,0.0,1,17-05-2013,50,223.0,2,31.0,0.0,2.0,39,5.0,5.0,2,4,8,0.0,,,0,0.0,0.0,0,0,0.0
7453,72,Graduation,Soltero ,36130.0,0.0,1,02-02-2013,46,157.0,43,127.0,68.0,56.0,37,6.0,3.0,8,4,4,0.0,,,0,0.0,1.0,0,0,1.0
8952,73,Master,Casado ,65569.0,0.0,1,05-11-2012,96,397.0,46,288.0,20.0,38.0,70,2.0,6.0,5,10,3,0.0,,,0,0.0,0.0,0,0,0.0
241,74,Graduation,En pareja ,83844.0,0.0,0,12-05-2013,57,901.0,31,345.0,75.0,31.0,191,1.0,4.0,4,11,1,0.0,,,0,0.0,0.0,0,1,0.0
8975,58,Graduation,Casado ,19514.0,1.0,1,26-01-2014,47,14.0,3,21.0,2.0,1.0,28,4.0,3.0,1,2,8,0.0,,,0,0.0,1.0,0,0,0.0
6119,63,PhD,Soltero ,36736.0,0.0,1,10-05-2013,52,10.0,0,3.0,0.0,0.0,4,1.0,1.0,0,2,6,0.0,,,0,0.0,0.0,0,0,0.0
5236,47,Graduation,En pareja ,77568.0,0.0,1,25-08-2012,30,1230.0,0,396.0,232.0,178.0,158,0.0,10.0,2,8,5,0.0,,,1,0.0,0.0,1,1,0.0
5723,50,PhD,En pareja ,49187.0,0.0,1,11-01-2014,63,81.0,1,31.0,2.0,1.0,0,1.0,1.0,1,5,2,0.0,,,0,0.0,0.0,0,0,0.0
1710,48,Graduation,Soltero ,30168.0,1.0,0,07-03-2013,51,154.0,20,66.0,0.0,12.0,27,7.0,6.0,1,4,9,0.0,,,0,0.0,0.0,0,0,0.0
1970,58,Master,En pareja ,34053.0,0.0,1,10-09-2012,14,63.0,0,21.0,7.0,0.0,12,1.0,3.0,0,3,8,0.0,,,0,0.0,0.0,0,0,0.0
5313,55,Master,Casado ,38196.0,1.0,1,18-04-2014,20,30.0,0,11.0,0.0,0.0,3,3.0,2.0,0,4,5,0.0,,,0,0.0,0.0,0,0,0.0
10634,75,Master,Casado ,59412.0,0.0,0,19-04-2014,56,90.0,67,165.0,30.0,43.0,11,1.0,4.0,2,8,3,0.0,,,0,0.0,0.0,0,0,0.0
7010,61,2n Cycle,Casado ,70924.0,0.0,0,07-04-2014,41,635.0,114,254.0,132.0,152.0,76,1.0,6.0,6,7,3,0.0,,,0,0.0,0.0,0,1,0.0
8562,57,Graduation,En pareja ,54165.0,0.0,0,28-05-2013,72,127.0,4,73.0,15.0,6.0,11,0.0,2.0,1,7,2,0.0,,,0,0.0,0.0,0,0,0.0
3158,53,Graduation,Casado ,32300.0,0.0,0,03-01-2013,1,13.0,3,6.0,6.0,5.0,6,1.0,1.0,0,3,8,0.0,,,0,0.0,0.0,0,0,0.0
4436,50,Graduation,Soltero ,20180.0,0.0,0,20-02-2013,27,18.0,42,24.0,15.0,20.0,18,1.0,2.0,1,4,7,0.0,,,0,0.0,0.0,0,0,0.0
5287,53,Graduation,Casado ,34961.0,1.0,0,19-06-2014,77,45.0,2,26.0,4.0,1.0,1,3.0,3.0,1,3,7,0.0,,,0,0.0,0.0,0,0,0.0
2445,52,PhD,En pareja ,28440.0,1.0,0,07-07-2013,87,38.0,1,24.0,0.0,0.0,0,1.0,2.0,0,3,8,0.0,,,0,0.0,0.0,0,0,0.0
6059,73,PhD,En pareja ,64504.0,0.0,2,04-03-2013,81,986.0,36,168.0,16.0,0.0,108,0.0,11.0,3,4,7,0.0,,,0,0.0,0.0,0,0,1.0
4550,60,Master,En pareja ,33564.0,0.0,1,24-06-2014,51,61.0,0,3.0,0.0,0.0,7,1.0,1.0,1,3,5,0.0,,,0,0.0,0.0,0,0,0.0
4240,48,Graduation,Casado ,17345.0,1.0,0,03-11-2012,79,4.0,9,16.0,17.0,0.0,12,2.0,2.0,1,2,8,0.0,,,0,0.0,0.0,0,0,0.0
8911,59,PhD,Casado ,56320.0,0.0,1,08-04-2013,11,201.0,53,172.0,116.0,77.0,83,3.0,5.0,4,9,4,0.0,,,0,0.0,0.0,0,0,0.0
3706,48,Graduation,Soltero ,28647.0,1.0,0,21-08-2013,54,19.0,8,29.0,0.0,12.0,26,1.0,2.0,2,2,7,0.0,,,0,0.0,1.0,0,0,1.0
3628,39,Basic,Soltero ,15038.0,0.0,0,29-01-2013,93,4.0,8,11.0,19.0,12.0,26,0.0,2.0,1,2,9,0.0,,,0,0.0,0.0,0,0,0.0
10175,68,PhD,Divorciado ,32173.0,0.0,1,01-08-2013,0,18.0,0,2.0,0.0,0.0,2,1.0,1.0,0,3,4,0.0,,,0,0.0,0.0,0,0,0.0
8985,62,2n Cycle,En pareja ,68316.0,0.0,1,04-11-2012,54,806.0,80,161.0,120.0,11.0,33,5.0,10.0,7,10,6,0.0,,,0,0.0,0.0,0,0,0.0
5204,55,Graduation,En pareja ,74538.0,0.0,0,29-06-2013,21,380.0,98,733.0,110.0,112.0,28,1.0,8.0,8,5,3,0.0,,,0,0.0,0.0,0,1,1.0
9220,55,Graduation,Soltero ,91700.0,0.0,0,17-01-2013,58,576.0,172,961.0,125.0,115.0,19,1.0,8.0,6,5,3,0.0,,,0,0.0,0.0,0,0,1.0
9888,57,Graduation,En pareja ,68695.0,0.0,0,25-06-2014,3,458.0,81,356.0,106.0,50.0,40,1.0,4.0,4,7,2,0.0,,,0,0.0,0.0,0,0,0.0
5263,49,2n Cycle,Casado ,31056.0,0.0,0,22-01-2013,99,5.0,10,13.0,3.0,0.0,16,0.0,1.0,0,3,8,0.0,,,0,0.0,0.0,0,0,0.0
1020,53,Graduation,Casado ,79593.0,0.0,0,12-05-2014,70,350.0,60,568.0,110.0,133.0,145,1.0,5.0,6,7,2,0.0,,,0,0.0,0.0,0,1,0.0
9503,46,Graduation,Soltero ,28071.0,0.0,0,29-08-2012,65,39.0,33,130.0,41.0,26.0,44,2.0,5.0,1,5,8,0.0,,,0,0.0,0.0,0,0,0.0
10613,68,PhD,En pareja ,37334.0,0.0,1,26-02-2014,44,26.0,1,16.0,2.0,2.0,15,4.0,3.0,0,4,4,0.0,,,0,0.0,0.0,0,0,0.0
67,54,Master,Soltero ,46423.0,0.0,1,18-09-2013,6,68.0,0,16.0,0.0,0.0,8,3.0,2.0,0,4,7,0.0,,,0,0.0,0.0,0,0,0.0
6019,55,PhD,Casado ,37126.0,1.0,0,30-03-2014,9,45.0,3,9.0,4.0,4.0,7,1.0,1.0,2,2,6,0.0,,,0,0.0,1.0,0,0,1.0
5863,73,Graduation,Casado ,47703.0,0.0,1,29-05-2013,95,359.0,0,134.0,13.0,26.0,123,4.0,6.0,3,8,5,0.0,,,0,0.0,0.0,0,0,0.0
3717,67,Graduation,Casado ,61180.0,0.0,1,23-04-2014,70,403.0,24,29.0,6.0,24.0,218,2.0,5.0,5,6,3,0.0,,,0,0.0,1.0,0,0,0.0
6730,72,Graduation,Casado ,38998.0,0.0,1,03-11-2012,92,34.0,1,14.0,0.0,0.0,5,3.0,2.0,0,3,8,0.0,,,0,0.0,0.0,0,0,0.0
10749,35,Graduation,Soltero ,8028.0,0.0,0,18-09-2012,62,73.0,18,66.0,7.0,12.0,2,15.0,0.0,1,0,19,0.0,,,0,0.0,0.0,0,0,0.0
4998,64,Graduation,En pareja ,76081.0,0.0,0,23-05-2014,85,292.0,30,703.0,63.0,33.0,200,1.0,4.0,5,4,2,0.0,,,1,0.0,0.0,0,0,0.0
6287,40,Graduation,En pareja ,34728.0,0.0,0,30-07-2013,2,14.0,0,16.0,0.0,0.0,6,0.0,1.0,1,2,6,0.0,,,0,0.0,0.0,0,0,1.0
5985,61,Master,Soltero ,33168.0,0.0,1,13-10-2012,0,80.0,1,37.0,0.0,1.0,3,3.0,2.0,1,4,7,0.0,,,0,0.0,0.0,0,0,0.0
4754,60,Master,Casado ,33585.0,0.0,1,25-09-2013,91,30.0,11,33.0,13.0,6.0,29,1.0,2.0,0,4,4,0.0,,,0,0.0,0.0,0,0,0.0
4002,66,PhD,Casado ,77037.0,0.0,1,13-10-2013,3,463.0,96,333.0,168.0,53.0,10,1.0,7.0,7,12,3,0.0,,,0,0.0,0.0,0,0,0.0
8870,42,Graduation,En pareja ,35196.0,1.0,0,13-11-2012,68,75.0,12,141.0,43.0,39.0,187,6.0,6.0,1,5,8,0.0,,,0,0.0,0.0,0,0,1.0
966,60,Graduation,Casado ,44529.0,0.0,1,05-07-2013,98,538.0,13,91.0,17.0,6.0,26,6.0,6.0,2,11,5,0.0,,,0,0.0,0.0,1,0,0.0
4767,61,2n Cycle,Casado ,70924.0,0.0,0,07-04-2014,41,635.0,114,254.0,132.0,152.0,76,0.0,6.0,6,7,3,0.0,,,0,0.0,0.0,0,1,0.0
9725,60,PhD,En pareja ,28764.0,1.0,1,05-06-2014,16,8.0,0,3.0,0.0,0.0,1,1.0,1.0,0,2,8,0.0,,,0,0.0,1.0,0,0,0.0
4475,77,PhD,Casado ,69098.0,0.0,0,16-02-2013,82,1315.0,22,780.0,145.0,0.0,178,1.0,7.0,8,9,5,0.0,,,0,0.0,0.0,0,0,0.0
5740,56,2n Cycle,Divorciado ,25959.0,0.0,1,14-02-2013,1,4.0,2,12.0,7.0,5.0,26,2.0,1.0,2,2,6,0.0,,,0,0.0,0.0,0,0,1.0
5731,43,Master,Casado ,27100.0,0.0,0,05-04-2013,64,12.0,0,13.0,2.0,0.0,10,1.0,1.0,0,3,7,0.0,,,0,0.0,0.0,0,0,0.0
7290,41,Graduation,Soltero ,70596.0,0.0,0,05-10-2012,68,347.0,44,534.0,17.0,0.0,26,1.0,3.0,5,12,2,0.0,,,0,0.0,0.0,0,0,0.0
3846,52,Graduation,Casado ,42557.0,0.0,1,29-08-2012,98,192.0,5,53.0,0.0,5.0,15,4.0,6.0,1,4,8,0.0,,,0,0.0,0.0,0,0,0.0
8104,75,PhD,Casado ,53312.0,0.0,0,09-08-2013,32,241.0,0,12.0,0.0,0.0,25,1.0,5.0,1,5,7,0.0,,,0,0.0,0.0,0,0,0.0
4507,74,Graduation,Soltero ,72228.0,0.0,0,27-11-2012,87,631.0,28,491.0,30.0,14.0,56,1.0,6.0,7,8,3,0.0,,,0,0.0,0.0,0,0,0.0
11013,39,Graduation,En pareja ,67605.0,0.0,0,31-03-2013,84,336.0,28,282.0,184.0,54.0,54,1.0,2.0,8,6,1,0.0,,,0,0.0,0.0,0,0,0.0
4491,77,Master,Casado ,62845.0,1.0,1,01-10-2012,3,1099.0,0,45.0,0.0,0.0,34,11.0,3.0,4,10,8,0.0,,,0,0.0,0.0,1,0,0.0
3759,68,Graduation,En pareja ,65196.0,0.0,2,25-07-2013,34,743.0,19,0.0,0.0,0.0,200,0.0,7.0,6,11,5,0.0,,,0,0.0,0.0,0,0,0.0
1162,39,PhD,Soltero ,42000.0,0.0,0,10-01-2013,23,124.0,83,267.0,85.0,59.0,35,2.0,5.0,2,11,5,0.0,,,0,0.0,0.0,0,0,1.0
2055,53,PhD,Divorciado ,35860.0,1.0,1,19-05-2014,37,15.0,0,8.0,4.0,2.0,20,2.0,1.0,1,2,5,0.0,,,0,0.0,1.0,0,0,0.0
10766,62,PhD,Casado ,65526.0,0.0,1,11-04-2014,22,397.0,19,69.0,12.0,0.0,9,1.0,4.0,4,8,2,0.0,,,0,0.0,0.0,0,0,0.0
4415,65,Graduation,Casado ,16860.0,1.0,1,12-09-2012,19,10.0,4,4.0,3.0,3.0,14,3.0,1.0,1,3,7,0.0,,,0,0.0,0.0,0,0,0.0
3005,34,Graduation,Soltero ,83528.0,0.0,0,01-05-2014,7,530.0,117,678.0,134.0,44.0,147,1.0,4.0,10,8,1,0.0,,,1,0.0,1.0,0,0,1.0
2223,61,2n Cycle,Divorciado ,64176.0,0.0,1,03-08-2012,52,1215.0,33,249.0,64.0,116.0,149,8.0,8.0,9,8,6,0.0,,,0,0.0,0.0,0,0,0.0
4817,70,Graduation,Divorciado ,22304.0,0.0,0,04-08-2012,91,3.0,2,7.0,0.0,4.0,2,1.0,1.0,0,2,8,0.0,,,0,0.0,0.0,0,0,0.0
2875,48,Graduation,Casado ,67023.0,0.0,0,04-03-2014,93,444.0,44,382.0,11.0,8.0,17,1.0,3.0,7,13,2,1.0,,,0,0.0,0.0,0,0,0.0
10536,55,PhD,En pareja ,32892.0,1.0,0,25-05-2014,78,26.0,0,15.0,2.0,1.0,2,2.0,3.0,0,3,8,0.0,,,0,0.0,0.0,0,0,0.0
11112,60,Graduation,En pareja ,70713.0,0.0,1,03-12-2012,23,736.0,114,279.0,82.0,76.0,190,6.0,5.0,6,8,3,0.0,,,0,0.0,0.0,0,0,0.0
3807,71,Graduation,En pareja ,59925.0,0.0,1,30-11-2012,83,473.0,21,176.0,19.0,21.0,56,3.0,9.0,2,9,6,0.0,,,0,0.0,0.0,0,0,0.0
9197,73,Graduation,Casado ,39722.0,0.0,1,24-02-2014,92,32.0,0,5.0,2.0,0.0,8,0.0,2.0,0,3,5,0.0,,,0,0.0,0.0,0,0,0.0
10832,68,Graduation,En pareja ,46610.0,0.0,0,18-07-2013,4,288.0,10,30.0,4.0,10.0,125,1.0,6.0,1,6,6,0.0,,,0,0.0,0.0,0,0,0.0
6421,65,Graduation,En pareja ,88347.0,0.0,0,03-07-2013,32,1050.0,178,555.0,77.0,138.0,118,1.0,4.0,7,9,1,0.0,,,1,0.0,0.0,0,0,0.0
4207,45,PhD,Casado ,87171.0,0.0,0,01-05-2013,27,1001.0,44,107.0,58.0,44.0,44,1.0,6.0,7,11,2,0.0,,,0,0.0,1.0,0,1,0.0
577,50,2n Cycle,En pareja ,26907.0,1.0,1,20-08-2013,10,9.0,1,7.0,0.0,3.0,2,2.0,1.0,0,3,7,0.0,,,0,0.0,0.0,0,0,0.0
10855,58,Master,Soltero ,50014.0,0.0,0,22-01-2014,9,234.0,14,77.0,19.0,10.0,42,2.0,4.0,1,8,5,0.0,,,0,0.0,0.0,0,0,0.0
3081,48,PhD,Casado ,41014.0,1.0,0,22-04-2013,65,7.0,2,6.0,2.0,0.0,3,1.0,1.0,0,2,7,0.0,,,0,0.0,0.0,0,0,0.0
3535,61,Graduation,Soltero ,66294.0,0.0,0,17-03-2014,68,251.0,108,334.0,65.0,92.0,117,1.0,4.0,3,5,2,0.0,,,0,0.0,0.0,0,0,0.0
247,55,Graduation,Casado ,36715.0,1.0,0,17-11-2012,16,172.0,10,125.0,21.0,13.0,16,6.0,7.0,2,4,9,0.0,,,0,0.0,0.0,0,0,1.0
8707,70,Graduation,Casado ,79456.0,0.0,0,22-08-2012,12,565.0,42,548.0,64.0,83.0,99,1.0,5.0,6,4,3,0.0,,,0,0.0,0.0,0,0,1.0
9523,44,Graduation,En pareja ,40479.0,0.0,0,17-08-2013,95,5.0,0,8.0,2.0,0.0,0,1.0,0.0,0,3,4,0.0,,,0,0.0,0.0,0,0,0.0
6072,56,Master,Soltero ,75345.0,0.0,0,02-02-2013,16,918.0,57,0.0,99.0,0.0,133,0.0,5.0,8,6,3,0.0,,,1,0.0,0.0,0,0,1.0
6295,49,Graduation,Casado ,54233.0,0.0,1,04-02-2013,46,652.0,8,0.0,0.0,0.0,142,0.0,11.0,6,5,8,0.0,,,0,0.0,0.0,0,0,0.0
10914,56,Graduation,Soltero ,24163.0,0.0,1,12-10-2013,3,4.0,1,0.0,0.0,0.0,2,0.0,1.0,0,3,4,0.0,,,0,0.0,0.0,0,0,0.0
1509,68,PhD,En pareja ,84460.0,0.0,0,04-01-2013,80,152.0,27,103.0,106.0,54.0,81,0.0,9.0,9,4,5,0.0,,,1,0.0,0.0,1,1,1.0
5577,43,Graduation,En pareja ,43776.0,1.0,0,03-05-2014,77,8.0,0,9.0,2.0,1.0,3,1.0,1.0,0,2,6,0.0,,,0,0.0,0.0,0,0,0.0
7348,68,PhD,Soltero ,71691.0,0.0,0,17-03-2014,0,336.0,130,411.0,240.0,32.0,43,1.0,4.0,7,5,2,0.0,,,0,0.0,0.0,0,0,1.0
1127,53,PhD,Casado ,85844.0,0.0,0,29-05-2014,62,938.0,19,843.0,25.0,95.0,38,1.0,6.0,6,7,2,0.0,,,0,0.0,0.0,0,1,0.0
1833,52,PhD,Soltero ,39190.0,0.0,0,26-04-2014,91,68.0,8,18.0,19.0,8.0,12,2.0,2.0,1,4,5,0.0,,,0,0.0,0.0,0,0,0.0
4944,67,Graduation,En pareja ,71367.0,0.0,0,23-08-2013,24,227.0,23,389.0,42.0,21.0,75,1.0,4.0,5,7,2,0.0,,,0,0.0,0.0,0,0,0.0
9080,54,PhD,Soltero ,38578.0,1.0,1,22-06-2013,2,38.0,4,22.0,3.0,3.0,3,3.0,3.0,0,3,8,0.0,,,0,0.0,0.0,0,0,0.0
6466,61,PhD,Casado ,57236.0,0.0,1,12-03-2014,22,105.0,0,9.0,2.0,1.0,4,3.0,2.0,1,4,3,0.0,,,0,0.0,0.0,0,0,0.0
9964,47,Graduation,Soltero ,61825.0,0.0,1,07-08-2013,56,162.0,50,100.0,55.0,30.0,27,1.0,4.0,2,8,4,0.0,,,0,0.0,0.0,0,0,0.0
4790,68,Graduation,Divorciado ,79803.0,0.0,1,02-06-2014,54,574.0,8,216.0,21.0,16.0,33,1.0,4.0,3,5,1,0.0,,,0,0.0,0.0,0,0,0.0
10245,40,2n Cycle,Soltero ,80910.0,0.0,0,31-10-2012,71,160.0,80,369.0,67.0,39.0,41,1.0,3.0,3,8,1,0.0,,,0,0.0,0.0,0,0,0.0
1109,44,Master,En pareja ,27590.0,1.0,0,23-04-2013,38,6.0,0,5.0,0.0,0.0,1,1.0,1.0,0,2,7,0.0,,,0,0.0,0.0,0,0,0.0
6001,47,Graduation,Casado ,56775.0,0.0,1,02-01-2013,62,614.0,35,160.0,58.0,35.0,35,2.0,5.0,8,10,5,0.0,,,0,0.0,0.0,0,0,0.0
5538,51,Graduation,Divorciado ,83829.0,0.0,0,08-10-2013,78,897.0,161,430.0,186.0,161.0,27,0.0,4.0,7,6,1,0.0,,,1,0.0,1.0,0,1,1.0
10552,47,2n Cycle,Casado ,54210.0,0.0,1,20-05-2013,18,70.0,54,109.0,80.0,9.0,45,2.0,4.0,1,7,5,0.0,,,0,0.0,0.0,0,0,0.0
1545,40,Graduation,Casado ,38508.0,0.0,0,02-08-2013,95,120.0,19,206.0,25.0,19.0,54,0.0,7.0,2,5,8,0.0,,,0,0.0,0.0,0,0,0.0
7409,56,Graduation,En pareja ,53187.0,0.0,0,26-10-2013,66,211.0,2,30.0,7.0,7.0,10,2.0,4.0,1,6,5,0.0,,,0,0.0,0.0,0,0,0.0
4444,54,Graduation,Casado ,30023.0,0.0,0,24-03-2014,28,11.0,0,16.0,7.0,6.0,21,1.0,2.0,0,3,8,0.0,,,0,0.0,0.0,0,0,0.0
146,66,PhD,Soltero ,76045.0,0.0,0,15-11-2013,78,760.0,53,400.0,17.0,93.0,0,1.0,4.0,5,11,2,0.0,,,1,0.0,0.0,0,0,0.0
6271,74,PhD,Casado ,50870.0,0.0,1,19-06-2014,13,53.0,0,8.0,0.0,0.0,2,1.0,2.0,0,3,5,0.0,,,0,0.0,0.0,0,0,0.0
10065,56,2n Cycle,Casado ,15315.0,0.0,0,03-08-2013,27,7.0,4,13.0,15.0,8.0,17,2.0,2.0,0,4,5,0.0,,,0,0.0,0.0,0,0,0.0
4741,52,2n Cycle,Casado ,65463.0,1.0,0,30-01-2014,17,391.0,32,70.0,21.0,32.0,16,2.0,6.0,2,9,5,0.0,,,0,0.0,0.0,1,0,0.0
246,61,Graduation,Casado ,66480.0,1.0,1,31-05-2014,71,199.0,9,57.0,20.0,21.0,6,7.0,4.0,1,7,4,0.0,,,0,0.0,0.0,0,0,0.0
375,72,Graduation,Divorciado ,76773.0,0.0,0,25-02-2013,79,516.0,56,0.0,0.0,0.0,16,0.0,2.0,2,11,1,0.0,,,0,0.0,0.0,0,0,0.0
1524,43,2n Cycle,Soltero ,81698.0,0.0,0,01-03-2013,1,709.0,45,115.0,30.0,160.0,45,0.0,8.0,2,5,5,0.0,,,1,0.0,0.0,0,0,1.0
10022,53,PhD,Soltero ,54466.0,0.0,1,09-02-2014,78,12.0,0,0.0,0.0,0.0,0,0.0,1.0,0,2,5,0.0,,,0,0.0,0.0,0,0,0.0
7451,66,Master,Soltero ,98777.0,0.0,0,17-02-2014,23,1000.0,19,711.0,125.0,115.0,38,0.0,4.0,6,9,1,0.0,,,0,0.0,0.0,1,0,0.0
11010,42,PhD,Soltero ,16269.0,0.0,0,30-08-2013,75,19.0,3,18.0,3.0,1.0,0,0.0,3.0,0,3,8,0.0,,,0,0.0,0.0,0,0,0.0
4356,55,Graduation,En pareja ,71819.0,0.0,1,28-08-2013,70,1224.0,28,140.0,0.0,14.0,168,3.0,3.0,3,5,6,0.0,,,0,0.0,0.0,1,1,0.0
3885,43,PhD,Casado ,33569.0,0.0,0,16-10-2013,10,16.0,2,18.0,3.0,0.0,24,1.0,1.0,1,2,8,0.0,,,0,0.0,1.0,0,0,1.0
1175,43,Master,Casado ,36262.0,0.0,0,20-09-2013,24,88.0,39,0.0,0.0,0.0,153,0.0,3.0,5,3,6,0.0,,,0,0.0,0.0,0,0,0.0
880,60,Basic,En pareja ,22634.0,0.0,0,16-01-2013,47,2.0,23,11.0,8.0,6.0,46,1.0,2.0,1,2,8,0.0,,,0,0.0,0.0,0,0,0.0
2320,48,2n Cycle,Casado ,47025.0,0.0,1,12-09-2013,98,508.0,11,59.0,23.0,5.0,29,5.0,11.0,1,6,9,0.0,,,0,0.0,0.0,0,0,0.0
850,58,Graduation,Soltero ,70566.0,0.0,1,06-10-2013,4,381.0,28,215.0,84.0,28.0,21,2.0,6.0,5,9,3,0.0,,,0,0.0,0.0,0,0,0.0
4713,47,PhD,Casado ,31605.0,0.0,0,22-11-2012,15,74.0,0,0.0,2.0,0.0,6,0.0,2.0,1,4,7,0.0,,,0,0.0,0.0,0,0,0.0
675,53,Master,Divorciado ,52034.0,1.0,1,17-05-2013,67,146.0,0,93.0,7.0,13.0,73,5.0,4.0,2,5,7,0.0,,,0,0.0,0.0,0,0,0.0
5025,47,Graduation,Soltero ,48526.0,1.0,0,24-12-2013,32,23.0,17,23.0,43.0,20.0,9,1.0,2.0,1,4,3,0.0,,,0,0.0,0.0,0,0,0.0
2308,72,Graduation,Casado ,46734.0,0.0,1,18-11-2012,40,110.0,5,137.0,26.0,23.0,29,2.0,6.0,1,5,7,0.0,,,0,0.0,0.0,0,0,0.0
5995,64,Graduation,Divorciado ,39552.0,0.0,1,18-12-2012,54,165.0,3,147.0,4.0,24.0,41,7.0,6.0,2,5,8,0.0,,,0,0.0,0.0,0,0,1.0
6749,60,Graduation,Soltero ,86358.0,1.0,1,08-08-2012,78,957.0,47,494.0,82.0,47.0,95,4.0,5.0,3,6,8,0.0,,,0,0.0,0.0,0,0,0.0
1010,49,Graduation,En pareja ,46931.0,2.0,1,24-04-2014,94,41.0,0,17.0,3.0,1.0,16,2.0,1.0,1,3,3,0.0,,,0,0.0,0.0,0,0,0.0
8977,41,Basic,Soltero ,16581.0,0.0,0,12-01-2013,51,1.0,3,4.0,2.0,3.0,11,0.0,0.0,0,3,4,0.0,,,0,0.0,0.0,0,0,0.0
4756,74,2n Cycle,Divorciado ,63998.0,0.0,0,20-12-2013,42,176.0,29,818.0,0.0,33.0,112,1.0,7.0,6,11,4,0.0,,,0,0.0,0.0,0,0,1.0
3412,75,Master,Casado ,67381.0,0.0,1,15-01-2013,67,815.0,8,53.0,11.0,0.0,70,4.0,2.0,2,9,7,0.0,,,0,0.0,0.0,1,0,0.0
606,59,Graduation,Soltero ,25930.0,0.0,1,10-10-2013,87,6.0,1,2.0,2.0,0.0,4,1.0,1.0,0,2,7,0.0,,,0,0.0,0.0,0,0,0.0
5961,48,Graduation,Casado ,42693.0,0.0,0,07-06-2014,29,8.0,4,20.0,6.0,3.0,16,0.0,1.0,0,3,5,0.0,,,0,0.0,0.0,0,0,0.0
2975,50,Graduation,En pareja ,85606.0,0.0,1,12-11-2012,89,717.0,42,864.0,219.0,30.0,84,2.0,6.0,7,9,3,0.0,,,1,0.0,0.0,0,0,0.0
2894,41,Graduation,Soltero ,72903.0,0.0,0,29-10-2013,74,1067.0,138,750.0,0.0,19.0,39,1.0,7.0,5,8,4,0.0,,,1,0.0,0.0,1,1,1.0
7613,52,2n Cycle,En pareja ,49669.0,1.0,0,24-05-2014,97,166.0,5,107.0,11.0,8.0,29,2.0,5.0,1,6,6,0.0,,,0,0.0,0.0,0,0,0.0
10542,58,PhD,Casado ,36778.0,1.0,1,05-08-2012,63,29.0,4,34.0,2.0,4.0,4,3.0,3.0,0,3,9,0.0,,,0,0.0,0.0,0,0,0.0
8015,64,PhD,Divorciado ,85696.0,0.0,0,03-05-2013,88,714.0,76,395.0,116.0,0.0,12,0.0,4.0,6,9,1,0.0,,,0,0.0,0.0,0,0,1.0
10617,37,Master,Divorciado ,10979.0,0.0,0,22-05-2014,34,8.0,4,10.0,2.0,2.0,4,2.0,3.0,0,3,5,0.0,,,0,0.0,0.0,0,0,0.0
11166,65,Graduation,Casado ,49678.0,0.0,1,02-02-2013,81,229.0,5,56.0,3.0,2.0,20,2.0,6.0,2,4,7,0.0,,,0,0.0,0.0,0,0,0.0
849,73,Master,En pareja ,56129.0,0.0,1,20-06-2013,65,320.0,48,133.0,39.0,72.0,48,4.0,6.0,2,10,4,0.0,,,0,0.0,0.0,0,0,0.0
523,37,Graduation,Casado ,37155.0,1.0,0,31-01-2013,51,23.0,0,26.0,7.0,15.0,3,1.0,2.0,0,4,5,0.0,,,0,0.0,0.0,0,0,0.0
4066,48,2n Cycle,Divorciado ,21282.0,1.0,0,11-05-2014,76,1.0,5,8.0,4.0,8.0,20,2.0,2.0,1,2,6,0.0,,,0,0.0,0.0,0,0,0.0
8414,64,PhD,Soltero ,33419.0,0.0,1,17-08-2013,76,56.0,0,12.0,0.0,0.0,18,2.0,2.0,0,4,7,0.0,,,0,0.0,0.0,0,0,0.0
819,81,Graduation,Viudo ,63285.0,0.0,0,05-11-2013,84,508.0,124,249.0,50.0,38.0,134,1.0,6.0,5,13,3,0.0,,,0,0.0,0.0,0,0,0.0
4961,52,Master,En pareja ,21255.0,1.0,0,21-01-2014,56,29.0,0,25.0,2.0,2.0,3,4.0,2.0,1,4,4,0.0,,,0,0.0,0.0,0,0,0.0
749,45,Graduation,En pareja ,42162.0,0.0,0,19-11-2013,31,46.0,7,59.0,2.0,4.0,27,2.0,3.0,1,3,6,0.0,,,0,0.0,1.0,0,0,1.0
5430,70,Graduation,En pareja ,54450.0,1.0,1,14-09-2012,0,454.0,0,171.0,8.0,19.0,32,12.0,9.0,2,8,8,0.0,,,0,0.0,0.0,0,0,0.0
7755,72,PhD,Casado ,57744.0,0.0,1,12-11-2013,91,350.0,3,39.0,0.0,0.0,19,2.0,9.0,1,4,8,0.0,,,0,0.0,0.0,0,0,0.0
10525,40,Graduation,Soltero ,26576.0,1.0,0,13-10-2012,40,10.0,0,8.0,0.0,0.0,9,1.0,1.0,0,2,9,0.0,,,0,0.0,1.0,0,0,1.0
1453,83,PhD,Viudo ,57513.0,0.0,0,06-07-2013,59,735.0,40,183.0,52.0,20.0,30,2.0,9.0,3,13,6,0.0,,,0,0.0,0.0,0,0,0.0
8310,62,Graduation,En pareja ,68142.0,0.0,1,29-08-2012,96,897.0,126,196.0,91.0,0.0,37,0.0,10.0,4,7,6,0.0,,,0,0.0,0.0,0,0,0.0
10710,47,Graduation,Casado ,7500.0,0.0,1,29-08-2012,61,5.0,2,3.0,3.0,0.0,5,1.0,1.0,0,2,8,0.0,,,0,0.0,0.0,0,0,0.0
5031,52,Graduation,En pareja ,83145.0,0.0,0,22-09-2012,14,777.0,35,731.0,39.0,137.0,114,1.0,5.0,9,11,2,0.0,,,0,0.0,0.0,0,1,1.0
2613,66,Master,Casado ,54197.0,0.0,1,03-04-2014,16,162.0,6,37.0,6.0,13.0,13,2.0,1.0,3,6,1,0.0,,,0,0.0,0.0,0,0,0.0
213,63,PhD,Soltero ,23091.0,1.0,1,28-05-2014,98,35.0,0,11.0,0.0,0.0,2,4.0,2.0,1,3,7,0.0,,,0,0.0,0.0,0,0,0.0
967,50,Graduation,Casado ,46049.0,1.0,1,21-07-2013,11,342.0,9,112.0,19.0,14.0,19,10.0,5.0,2,9,7,0.0,,,0,0.0,0.0,0,0,1.0
1077,52,Graduation,En pareja ,56715.0,0.0,0,05-12-2012,52,258.0,105,239.0,237.0,172.0,9,1.0,7.0,3,4,4,0.0,,,0,0.0,0.0,0,0,0.0
7959,65,Graduation,Casado ,79410.0,0.0,0,29-05-2014,19,658.0,80,483.0,123.0,13.0,13,1.0,3.0,2,5,1,0.0,,,0,0.0,0.0,0,0,0.0
640,75,Graduation,Casado ,57304.0,0.0,1,11-03-2013,61,356.0,80,329.0,138.0,0.0,106,0.0,7.0,6,10,5,0.0,,,0,0.0,0.0,0,0,0.0
4252,61,Graduation,Casado ,44375.0,0.0,1,23-03-2014,73,213.0,5,28.0,7.0,7.0,41,1.0,4.0,1,6,5,0.0,,,0,0.0,0.0,0,0,0.0
8432,70,Graduation,En pareja ,54450.0,0.0,1,14-09-2012,0,454.0,0,171.0,8.0,19.0,32,12.0,9.0,2,8,8,0.0,,,0,0.0,0.0,0,0,0.0
6218,61,Graduation,Casado ,59594.0,0.0,1,20-10-2012,74,457.0,4,29.0,0.0,0.0,9,1.0,8.0,1,7,7,0.0,,,0,0.0,0.0,1,0,0.0
6905,32,Graduation,En pareja ,80685.0,0.0,0,22-08-2012,55,241.0,45,604.0,34.0,26.0,54,1.0,6.0,4,10,2,0.0,,,0,0.0,0.0,0,0,0.0
5922,52,PhD,Casado ,40344.0,0.0,1,13-10-2013,48,210.0,0,6.0,0.0,0.0,2,2.0,4.0,1,5,7,0.0,,,0,0.0,0.0,0,0,0.0
3598,54,Graduation,Casado ,62710.0,0.0,1,23-05-2013,53,441.0,35,83.0,7.0,29.0,11,4.0,4.0,2,12,4,0.0,,,0,0.0,0.0,0,0,0.0
6116,58,2n Cycle,Casado ,48985.0,0.0,1,05-07-2013,13,19.0,13,18.0,10.0,7.0,8,1.0,1.0,1,3,3,0.0,,,0,0.0,0.0,0,0,0.0
6263,58,Graduation,En pareja ,35322.0,1.0,2,22-08-2012,34,28.0,9,37.0,12.0,7.0,13,3.0,2.0,0,4,8,0.0,,,0,0.0,0.0,0,0,0.0
10486,78,Graduation,Casado ,77142.0,0.0,0,29-05-2013,54,476.0,75,162.0,29.0,151.0,97,1.0,4.0,4,8,2,0.0,,,0,0.0,0.0,0,0,0.0
2410,57,Graduation,Soltero ,81657.0,0.0,0,22-01-2014,69,364.0,40,425.0,158.0,60.0,50,1.0,3.0,4,8,1,0.0,,,0,0.0,0.0,0,0,0.0
193,30,Basic,Casado ,14421.0,0.0,0,17-02-2014,81,0.0,0,2.0,3.0,3.0,8,0.0,1.0,0,2,5,0.0,,,0,0.0,0.0,0,0,0.0
3363,52,2n Cycle,Casado ,20130.0,0.0,0,17-03-2014,99,0.0,6,0.0,0.0,0.0,12,0.0,1.0,0,3,8,0.0,,,0,0.0,0.0,0,0,0.0
8278,36,PhD,Casado ,74214.0,0.0,0,26-08-2012,3,863.0,83,547.0,86.0,99.0,33,1.0,8.0,2,5,5,0.0,,,0,0.0,0.0,0,0,0.0
10660,69,Master,Casado ,66726.0,0.0,1,12-01-2014,61,349.0,7,35.0,0.0,0.0,47,0.0,8.0,2,4,7,0.0,,,0,0.0,0.0,1,0,0.0
8686,47,Basic,En pareja ,23724.0,1.0,0,08-01-2013,65,5.0,23,15.0,0.0,18.0,14,2.0,2.0,0,3,8,0.0,,,0,0.0,0.0,0,0,0.0
1604,66,Master,Casado ,47353.0,0.0,1,13-11-2013,93,184.0,2,19.0,8.0,8.0,4,3.0,2.0,2,6,5,0.0,,,0,0.0,0.0,0,0,0.0
5907,74,Master,Casado ,33444.0,0.0,1,03-11-2012,24,8.0,0,8.0,0.0,0.0,2,1.0,1.0,0,2,8,0.0,,,0,0.0,0.0,0,0,0.0
10669,45,Graduation,Casado ,54386.0,0.0,1,17-05-2013,8,277.0,21,64.0,62.0,21.0,25,2.0,3.0,2,10,3,0.0,,,0,0.0,0.0,0,0,0.0
2918,45,Graduation,Divorciado ,28510.0,0.0,1,13-04-2013,72,44.0,5,19.0,0.0,4.0,19,3.0,2.0,0,4,5,0.0,,,0,0.0,0.0,0,0,0.0
5735,35,Master,Soltero ,90638.0,0.0,0,13-02-2014,29,1156.0,120,915.0,94.0,144.0,96,1.0,3.0,4,10,1,0.0,,,0,0.0,0.0,0,1,0.0
359,76,Graduation,En pareja ,48070.0,0.0,1,13-01-2013,33,373.0,14,83.0,6.0,9.0,19,3.0,8.0,2,6,7,1.0,,,0,0.0,0.0,0,0,0.0
8387,69,Graduation,Casado ,43140.0,0.0,1,05-01-2013,68,134.0,8,76.0,6.0,0.0,11,1.0,4.0,1,5,6,0.0,,,0,0.0,0.0,0,0,0.0
1829,65,PhD,Divorciado ,54959.0,0.0,1,19-01-2013,55,1148.0,0,60.0,0.0,0.0,24,3.0,9.0,5,4,7,0.0,,,0,0.0,0.0,1,0,1.0
3839,68,Basic,Soltero ,15056.0,1.0,1,03-05-2013,76,6.0,12,3.0,21.0,6.0,40,5.0,2.0,2,3,5,0.0,,,0,0.0,0.0,0,0,0.0
9392,55,Graduation,Soltero ,26954.0,1.0,0,08-05-2014,17,4.0,1,11.0,0.0,0.0,1,1.0,1.0,0,2,7,0.0,,,0,0.0,0.0,0,0,0.0
2292,41,Graduation,Soltero ,22327.0,0.0,0,02-08-2013,94,5.0,4,8.0,2.0,0.0,5,1.0,1.0,0,3,5,0.0,,,0,0.0,0.0,0,0,0.0
10466,61,Graduation,Casado ,44393.0,1.0,1,22-08-2013,86,24.0,2,20.0,2.0,2.0,10,2.0,1.0,0,4,4,0.0,,,0,0.0,0.0,0,0,0.0
9855,74,PhD,Soltero ,62000.0,0.0,1,25-08-2013,25,899.0,0,101.0,0.0,0.0,20,1.0,6.0,6,13,4,0.0,,,1,0.0,0.0,0,0,0.0
4088,64,PhD,En pareja ,31497.0,0.0,1,06-12-2012,22,108.0,1,28.0,13.0,1.0,4,2.0,3.0,1,4,8,0.0,,,0,0.0,0.0,0,0,0.0
5231,52,2n Cycle,Casado ,45894.0,0.0,2,27-02-2014,15,27.0,2,7.0,0.0,2.0,13,0.0,1.0,0,3,5,0.0,,,0,0.0,0.0,0,0,0.0
590,56,Master,Divorciado ,78579.0,0.0,0,22-12-2012,35,816.0,66,549.0,216.0,66.0,99,0.0,5.0,6,4,3,0.0,,,0,0.0,0.0,0,0,1.0
8732,57,Master,Viudo ,67369.0,0.0,1,17-11-2012,81,1298.0,0,70.0,37.0,14.0,42,4.0,7.0,4,10,4,0.0,,,0,0.0,0.0,1,1,1.0
2315,66,Graduation,Divorciado ,58401.0,0.0,1,20-04-2014,55,10.0,0,11.0,17.0,29.0,29,1.0,1.0,2,2,4,0.0,,,0,0.0,0.0,0,0,0.0
3515,74,Graduation,Soltero ,62307.0,0.0,1,17-02-2014,94,87.0,13,34.0,10.0,6.0,10,0.0,4.0,0,4,5,0.0,,,0,0.0,0.0,0,0,0.0
2245,57,Master,Casado ,43641.0,0.0,1,22-04-2013,50,57.0,2,0.0,4.0,0.0,23,0.0,2.0,1,4,6,0.0,,,0,0.0,0.0,0,0,0.0
6283,58,Master,Divorciado ,63841.0,0.0,1,21-04-2013,64,635.0,15,100.0,20.0,7.0,131,1.0,9.0,3,9,6,0.0,,,0,0.0,0.0,0,0,0.0
2246,61,2n Cycle,Casado ,46891.0,0.0,1,01-09-2013,91,43.0,12,23.0,29.0,15.0,61,1.0,2.0,1,4,4,0.0,,,0,0.0,0.0,0,0,0.0
6606,57,Master,Casado ,70091.0,1.0,0,31-03-2013,11,964.0,34,137.0,15.0,0.0,11,2.0,5.0,2,10,8,0.0,,,0,0.0,0.0,1,0,0.0
5545,54,PhD,Casado ,78075.0,0.0,0,05-04-2014,72,572.0,8,259.0,34.0,35.0,80,0.0,3.0,5,5,1,0.0,,,0,0.0,0.0,0,0,0.0
7342,65,2n Cycle,Viudo ,59184.0,0.0,1,09-09-2012,6,341.0,142,113.0,259.0,151.0,66,3.0,6.0,6,12,5,0.0,,,0,0.0,0.0,0,0,0.0
837,49,Graduation,Casado ,54809.0,0.0,1,11-09-2013,0,63.0,6,0.0,13.0,0.0,22,0.0,2.0,1,5,4,0.0,,,0,0.0,0.0,0,0,0.0
9500,67,Graduation,Casado ,58113.0,0.0,1,25-01-2013,66,221.0,104,169.0,102.0,78.0,84,3.0,9.0,2,8,7,1.0,,,0,0.0,0.0,0,0,0.0
3602,68,Master,Casado ,51412.0,0.0,1,31-12-2013,42,140.0,3,29.0,4.0,5.0,14,2.0,3.0,2,4,4,0.0,,,0,0.0,0.0,0,0,0.0
234,47,Graduation,Divorciado ,15287.0,1.0,0,10-10-2012,60,1.0,2,8.0,4.0,3.0,13,2.0,1.0,1,2,7,0.0,,,0,0.0,1.0,0,0,1.0
2995,69,Master,En pareja ,66636.0,0.0,0,17-08-2013,64,291.0,10,689.0,84.0,10.0,0,0.0,3.0,4,9,1,0.0,,,0,0.0,0.0,0,0,0.0
1118,70,Master,Casado ,50965.0,0.0,1,20-02-2013,87,544.0,13,85.0,8.0,6.0,29,3.0,10.0,4,5,8,0.0,,,0,0.0,1.0,0,0,0.0
7789,61,PhD,Casado ,84618.0,0.0,0,22-11-2013,96,684.0,100,801.0,21.0,66.0,0,1.0,6.0,9,10,2,0.0,,,0,0.0,0.0,0,1,0.0
3068,36,Graduation,Casado ,18351.0,0.0,0,29-10-2013,1,1.0,12,9.0,0.0,0.0,7,0.0,2.0,0,3,7,0.0,,,0,0.0,0.0,0,0,0.0
8955,69,PhD,En pareja ,40451.0,0.0,2,16-02-2014,54,35.0,0,4.0,0.0,0.0,10,1.0,1.0,1,2,5,0.0,,,0,0.0,1.0,0,0,0.0
945,61,Graduation,En pareja ,36317.0,0.0,1,22-05-2013,53,87.0,3,25.0,3.0,2.0,13,2.0,3.0,0,4,7,0.0,,,0,0.0,0.0,0,0,0.0
5644,69,Graduation,En pareja ,42213.0,0.0,1,12-10-2013,96,309.0,3,0.0,0.0,0.0,20,0.0,5.0,1,7,7,0.0,,,0,0.0,0.0,1,0,0.0
7192,71,Graduation,En pareja ,65748.0,0.0,1,15-04-2013,58,172.0,73,93.0,95.0,78.0,34,2.0,2.0,4,10,1,0.0,,,0,0.0,0.0,0,0,0.0
2324,54,Graduation,En pareja ,77044.0,0.0,1,27-10-2013,12,625.0,38,242.0,50.0,34.0,76,2.0,7.0,11,11,4,0.0,,,0,0.0,1.0,0,0,0.0
697,57,Graduation,En pareja ,74918.0,0.0,0,12-03-2013,78,972.0,59,913.0,25.0,19.0,59,1.0,5.0,9,6,3,0.0,,,0,0.0,0.0,0,1,0.0
3439,54,Graduation,Casado ,56721.0,1.0,1,31-10-2012,64,157.0,6,39.0,6.0,13.0,75,5.0,4.0,1,5,6,0.0,,,0,0.0,0.0,0,0,0.0
1506,51,Graduation,Soltero ,42160.0,1.0,1,28-06-2013,26,48.0,9,45.0,3.0,15.0,20,4.0,2.0,1,4,6,0.0,,,0,0.0,0.0,0,0,1.0
232,61,Graduation,Soltero ,61559.0,0.0,1,17-07-2013,8,279.0,83,88.0,32.0,14.0,34,1.0,4.0,2,10,3,0.0,,,0,0.0,0.0,0,0,0.0
8876,63,PhD,En pareja ,33629.0,1.0,1,08-08-2012,49,132.0,0,16.0,0.0,0.0,4,5.0,3.0,1,4,9,0.0,,,0,0.0,0.0,0,0,0.0
4500,35,PhD,En pareja ,68682.0,0.0,0,06-10-2013,56,919.0,0,505.0,99.0,30.0,45,1.0,4.0,9,10,2,0.0,,,0,0.0,0.0,0,0,0.0
9739,63,Graduation,Soltero ,34377.0,0.0,1,19-01-2013,55,62.0,0,22.0,3.0,1.0,26,2.0,2.0,2,2,7,0.0,,,0,0.0,0.0,0,0,0.0
10395,40,Basic,Soltero ,8940.0,0.0,0,22-08-2012,25,1.0,45,3.0,4.0,6.0,42,3.0,3.0,1,3,8,0.0,,,0,0.0,0.0,0,0,0.0
1176,53,Graduation,Casado ,26228.0,0.0,0,22-09-2013,50,2.0,6,4.0,3.0,1.0,9,1.0,1.0,0,2,8,0.0,,,0,0.0,0.0,0,0,0.0
1627,69,2n Cycle,Divorciado ,77297.0,0.0,0,26-01-2013,84,408.0,61,109.0,48.0,122.0,41,1.0,5.0,7,9,4,0.0,,,1,0.0,0.0,0,0,0.0
938,45,Graduation,Casado ,40211.0,0.0,1,30-07-2013,30,51.0,1,0.0,0.0,0.0,25,0.0,2.0,1,2,8,0.0,,,0,0.0,0.0,0,0,0.0
2740,68,PhD,Viudo ,33438.0,1.0,1,22-09-2013,81,62.0,1,16.0,3.0,2.0,6,4.0,2.0,1,4,5,0.0,,,0,0.0,0.0,0,0,0.0
257,67,PhD,Casado ,75032.0,0.0,1,28-04-2013,74,952.0,12,180.0,47.0,12.0,12,2.0,5.0,4,9,3,0.0,,,0,0.0,0.0,0,0,0.0
4058,71,PhD,Soltero ,61284.0,0.0,0,12-10-2013,76,618.0,15,106.0,20.0,7.0,45,1.0,11.0,2,8,6,0.0,,,0,0.0,0.0,1,0,0.0
7736,40,Graduation,Casado ,22518.0,1.0,0,22-10-2012,36,11.0,7,12.0,2.0,2.0,27,2.0,2.0,1,2,5,0.0,,,0,0.0,1.0,0,0,1.0
8210,51,Master,Casado ,54730.0,0.0,1,15-08-2013,64,318.0,3,17.0,4.0,7.0,56,0.0,4.0,1,8,4,0.0,,,0,0.0,0.0,0,0,0.0
833,71,Master,Casado ,38452.0,0.0,1,30-03-2014,62,56.0,0,14.0,0.0,0.0,2,3.0,3.0,0,3,7,0.0,,,0,0.0,0.0,0,0,0.0
6230,55,Graduation,Divorciado ,44421.0,1.0,1,15-02-2013,53,110.0,5,59.0,7.0,1.0,7,5.0,5.0,0,4,8,0.0,,,0,0.0,0.0,0,0,0.0
7325,40,PhD,En pareja ,38197.0,0.0,0,29-06-2013,86,23.0,0,11.0,2.0,1.0,3,1.0,1.0,0,3,5,0.0,,,0,0.0,0.0,0,0,0.0
1307,48,Graduation,Divorciado ,41986.0,0.0,1,09-02-2014,15,27.0,5,8.0,8.0,3.0,12,3.0,3.0,0,4,4,0.0,,,0,0.0,0.0,0,0,0.0
1502,43,Graduation,En pareja ,28427.0,0.0,0,21-03-2013,67,18.0,3,19.0,3.0,3.0,6,2.0,2.0,0,3,8,0.0,,,0,0.0,0.0,0,0,0.0
6211,50,PhD,En pareja ,37395.0,0.0,0,02-05-2014,47,18.0,0,9.0,0.0,1.0,11,1.0,1.0,0,3,6,0.0,,,0,0.0,0.0,0,0,0.0
843,55,Graduation,Casado ,64722.0,1.0,0,26-05-2014,47,303.0,0,280.0,60.0,147.0,15,4.0,8.0,2,11,6,0.0,,,0,0.0,0.0,0,0,0.0
4174,70,Master,En pareja ,55249.0,0.0,1,17-04-2014,81,97.0,1,19.0,2.0,0.0,11,1.0,2.0,1,4,3,0.0,,,0,0.0,0.0,0,0,0.0
9757,54,Graduation,En pareja ,84906.0,0.0,0,04-10-2013,98,997.0,15,414.0,99.0,30.0,76,1.0,5.0,6,12,2,0.0,,,0,1.0,0.0,1,1,0.0
6918,37,Graduation,Casado ,28691.0,1.0,0,04-07-2013,56,5.0,4,13.0,8.0,0.0,4,1.0,1.0,0,3,8,0.0,,,0,0.0,0.0,0,0,0.0
286,74,Graduation,Soltero ,44213.0,1.0,1,29-11-2013,48,95.0,11,35.0,0.0,4.0,7,4.0,2.0,1,5,6,0.0,,,0,0.0,0.0,0,0,0.0
11086,42,Basic,Soltero ,25707.0,1.0,0,18-01-2014,18,1.0,6,2.0,3.0,6.0,3,1.0,1.0,0,3,7,0.0,,,0,0.0,0.0,0,0,0.0
1921,59,PhD,Casado ,59062.0,0.0,1,03-10-2013,74,46.0,1,12.0,3.0,0.0,9,2.0,2.0,0,3,4,0.0,,,0,0.0,0.0,0,0,0.0
4138,64,Graduation,Soltero ,76624.0,0.0,1,24-05-2014,68,411.0,106,147.0,54.0,115.0,66,1.0,5.0,10,7,1,0.0,,,0,0.0,1.0,0,0,0.0
7718,79,Master,En pareja ,66000.0,0.0,0,20-04-2014,36,244.0,51,270.0,101.0,0.0,45,1.0,1.0,3,5,1,0.0,,,0,0.0,0.0,0,0,0.0
1291,48,PhD,En pareja ,27683.0,0.0,0,04-08-2012,90,152.0,9,121.0,12.0,12.0,45,0.0,6.0,2,4,8,0.0,,,0,0.0,0.0,0,0,0.0
6862,55,Graduation,Divorciado ,1730.0,0.0,0,18-05-2014,65,1.0,1,3.0,1.0,1.0,1,15.0,0.0,0,0,20,0.0,,,0,0.0,0.0,0,0,0.0
4136,34,Basic,Soltero ,7500.0,1.0,0,03-12-2012,63,10.0,17,18.0,8.0,26.0,40,4.0,3.0,2,2,9,0.0,,,0,0.0,0.0,0,0,0.0
803,58,Graduation,En pareja ,40521.0,0.0,1,05-04-2013,82,12.0,0,5.0,0.0,0.0,4,1.0,0.0,1,2,5,0.0,,,0,0.0,0.0,0,0,0.0
4298,53,PhD,En pareja ,64422.0,0.0,0,24-03-2014,63,5.0,0,4.0,0.0,0.0,1,1.0,1.0,0,2,8,0.0,,,0,0.0,0.0,0,0,0.0
10833,51,Graduation,Casado ,65106.0,0.0,1,24-05-2014,55,790.0,19,133.0,12.0,0.0,19,3.0,8.0,3,13,6,0.0,,,0,0.0,0.0,1,0,0.0
9606,61,PhD,Casado ,69969.0,0.0,0,27-08-2013,64,882.0,29,514.0,38.0,29.0,44,1.0,4.0,2,6,3,0.0,,,1,0.0,0.0,0,1,1.0
8534,74,Graduation,Casado ,67433.0,0.0,2,16-07-2013,51,615.0,28,0.0,0.0,0.0,30,0.0,6.0,5,13,4,0.0,,,0,0.0,0.0,1,0,0.0
5153,59,PhD,Casado ,77766.0,0.0,1,22-02-2013,97,1004.0,59,265.0,115.0,59.0,27,2.0,11.0,10,11,6,0.0,,,0,0.0,1.0,0,0,1.0
961,54,Graduation,Casado ,74716.0,0.0,1,12-09-2013,92,133.0,27,421.0,13.0,195.0,71,2.0,7.0,3,5,4,0.0,,,0,0.0,0.0,0,0,0.0
5011,63,Graduation,Divorciado ,68118.0,0.0,1,18-10-2013,51,595.0,23,123.0,10.0,23.0,154,2.0,8.0,9,4,6,0.0,,,0,0.0,0.0,0,0,0.0
6653,56,PhD,Casado ,55158.0,0.0,1,30-07-2012,72,293.0,0,87.0,4.0,11.0,23,4.0,7.0,2,5,7,0.0,,,0,0.0,0.0,0,0,1.0
9094,71,2n Cycle,Casado ,62972.0,0.0,1,03-08-2012,39,313.0,15,47.0,20.0,0.0,192,2.0,7.0,4,3,6,0.0,,,0,0.0,0.0,0,0,1.0
810,51,Graduation,Casado ,74190.0,0.0,1,12-05-2014,49,151.0,81,86.0,168.0,91.0,64,2.0,4.0,2,11,2,0.0,,,0,0.0,0.0,0,0,0.0
5493,50,Graduation,Casado ,39356.0,0.0,1,19-03-2014,21,15.0,0,2.0,0.0,0.0,6,1.0,1.0,0,2,6,0.0,,,0,0.0,1.0,0,0,0.0
2147,57,Graduation,En pareja ,76653.0,0.0,0,16-08-2013,91,736.0,63,0.0,0.0,0.0,126,0.0,4.0,7,11,2,0.0,,,1,0.0,0.0,0,1,0.0
5107,53,PhD,Divorciado ,35860.0,1.0,1,19-05-2014,37,15.0,0,8.0,4.0,2.0,20,2.0,1.0,1,2,5,0.0,,,0,0.0,1.0,0,0,0.0
3979,43,PhD,Divorciado ,90687.0,0.0,0,22-05-2013,98,982.0,17,672.0,23.0,34.0,51,1.0,6.0,2,8,2,0.0,,,0,0.0,0.0,0,1,1.0
6049,44,Master,En pareja ,73450.0,0.0,0,05-12-2013,85,1142.0,51,415.0,90.0,69.0,37,1.0,7.0,8,11,3,0.0,,,1,0.0,1.0,0,0,0.0
8147,66,Graduation,Casado ,31454.0,0.0,1,06-07-2013,40,28.0,0,0.0,0.0,0.0,9,0.0,2.0,0,3,8,0.0,,,0,0.0,0.0,0,0,0.0
1857,74,Graduation,Soltero ,47139.0,0.0,1,06-03-2014,2,46.0,0,0.0,0.0,0.0,23,0.0,2.0,1,2,7,0.0,,,0,0.0,0.0,0,0,1.0
3910,51,Graduation,Divorciado ,83829.0,0.0,0,08-10-2013,78,897.0,161,430.0,186.0,161.0,27,0.0,4.0,7,6,1,0.0,,,1,0.0,1.0,0,1,1.0
5207,63,PhD,Casado ,53378.0,0.0,1,24-09-2012,41,489.0,6,152.0,8.0,6.0,132,10.0,9.0,4,6,8,0.0,,,0,0.0,0.0,0,0,1.0
11114,56,Graduation,En pareja ,19656.0,1.0,0,08-02-2013,94,25.0,4,9.0,6.0,8.0,32,3.0,2.0,1,3,7,0.0,,,0,0.0,0.0,0,0,0.0
5429,78,PhD,Casado ,45579.0,0.0,1,20-08-2013,10,145.0,1,33.0,2.0,1.0,1,1.0,4.0,1,4,6,0.0,,,0,0.0,0.0,0,0,0.0
9400,68,2n Cycle,Soltero ,85485.0,0.0,0,21-06-2014,73,630.0,26,611.0,44.0,18.0,54,1.0,6.0,6,6,2,0.0,,,0,0.0,0.0,0,0,0.0
1740,82,Graduation,Casado ,55956.0,0.0,0,07-04-2014,22,760.0,38,0.0,50.0,0.0,38,0.0,7.0,3,4,4,0.0,,,0,0.0,0.0,1,0,0.0
7488,63,Master,Soltero ,64191.0,0.0,1,22-01-2013,30,420.0,15,186.0,151.0,38.0,15,3.0,5.0,3,13,3,0.0,,,0,0.0,0.0,0,0,0.0
195,54,Graduation,Soltero ,38808.0,0.0,0,26-08-2012,21,125.0,17,52.0,3.0,19.0,30,4.0,5.0,1,4,8,0.0,,,0,0.0,1.0,0,0,1.0
635,60,Master,Casado ,57183.0,0.0,1,19-03-2013,51,464.0,5,64.0,7.0,0.0,70,8.0,9.0,1,7,8,0.0,,,0,0.0,0.0,0,0,0.0
7527,58,Master,Divorciado ,23748.0,1.0,0,21-11-2012,97,6.0,6,29.0,12.0,15.0,8,3.0,2.0,1,3,8,0.0,,,0,0.0,0.0,0,0,0.0
10319,55,Graduation,Casado ,66303.0,0.0,1,26-02-2013,56,1090.0,12,96.0,16.0,12.0,60,4.0,3.0,4,11,8,0.0,,,0,0.0,0.0,1,0,0.0
2296,51,Master,Casado ,37368.0,1.0,0,16-12-2013,4,3.0,2,11.0,2.0,2.0,10,1.0,1.0,0,2,6,0.0,,,0,0.0,1.0,0,0,0.0
10637,62,Graduation,Casado ,40800.0,1.0,2,01-01-2013,77,24.0,0,27.0,8.0,30.0,10,2.0,3.0,0,3,7,1.0,,,0,0.0,0.0,0,0,0.0
2931,48,Graduation,Divorciado ,71847.0,0.0,0,21-09-2012,95,737.0,21,106.0,55.0,63.0,210,0.0,6.0,7,9,3,0.0,,,1,0.0,0.0,0,0,0.0
907,51,Graduation,Casado ,46149.0,0.0,1,29-11-2013,36,254.0,6,71.0,4.0,0.0,27,5.0,5.0,1,7,5,0.0,,,0,0.0,0.0,0,0,0.0
3698,43,Graduation,En pareja ,78687.0,0.0,0,09-08-2012,13,817.0,185,687.0,145.0,55.0,241,1.0,4.0,6,8,2,0.0,,,0,0.0,0.0,0,1,1.0
9516,55,2n Cycle,Divorciado ,49118.0,0.0,0,18-08-2012,90,620.0,54,239.0,99.0,98.0,119,0.0,9.0,7,10,7,0.0,,,0,0.0,0.0,1,0,1.0
679,69,PhD,Casado ,37633.0,1.0,1,20-09-2012,49,13.0,4,20.0,0.0,0.0,1,2.0,1.0,0,3,9,0.0,,,0,0.0,0.0,0,0,0.0
7384,75,Master,En pareja ,39767.0,0.0,0,21-07-2013,18,113.0,61,204.0,34.0,26.0,47,2.0,7.0,1,7,8,0.0,,,0,0.0,0.0,0,0,0.0
5043,75,Basic,Casado ,26997.0,0.0,0,05-11-2012,89,7.0,23,0.0,0.0,0.0,144,0.0,4.0,2,5,7,0.0,,,0,0.0,0.0,0,0,0.0
5267,56,Graduation,Divorciado ,33986.0,0.0,0,14-03-2013,43,16.0,2,18.0,2.0,1.0,5,1.0,1.0,0,3,7,0.0,,,0,0.0,0.0,0,0,0.0
339,54,PhD,Casado ,57091.0,0.0,1,23-11-2012,82,462.0,0,24.0,6.0,0.0,4,2.0,9.0,2,5,7,0.0,,,0,0.0,0.0,1,0,1.0
2516,57,2n Cycle,Casado ,46831.0,1.0,1,08-06-2013,84,22.0,2,10.0,6.0,4.0,34,2.0,1.0,2,2,4,0.0,,,0,0.0,0.0,0,0,0.0
9010,54,Master,Casado ,83151.0,0.0,0,10-02-2013,80,968.0,147,842.0,137.0,42.0,210,1.0,5.0,7,10,2,0.0,,,1,0.0,1.0,0,1,1.0
378,55,Graduation,Casado ,52531.0,0.0,0,30-12-2012,68,283.0,112,151.0,51.0,72.0,125,2.0,7.0,2,10,6,0.0,,,0,0.0,0.0,0,0,0.0
4808,70,Graduation,Casado ,15759.0,0.0,0,05-09-2013,12,1.0,2,5.0,6.0,0.0,3,0.0,1.0,0,2,7,0.0,,,0,0.0,0.0,0,0,0.0
5068,55,Graduation,Soltero ,22804.0,1.0,0,31-07-2013,75,14.0,1,7.0,2.0,1.0,1,1.0,2.0,0,2,9,0.0,,,0,0.0,0.0,0,0,0.0
7628,53,2n Cycle,Casado ,64436.0,0.0,0,18-03-2014,10,30.0,5,24.0,6.0,3.0,8,2.0,2.0,0,4,5,0.0,,,0,0.0,0.0,0,0,0.0
7128,49,PhD,Soltero ,42997.0,1.0,1,07-12-2013,91,4.0,0,5.0,0.0,1.0,5,1.0,1.0,0,2,7,0.0,,,0,0.0,0.0,0,0,0.0
2811,63,PhD,Soltero ,48918.0,1.0,1,12-04-2014,21,52.0,0,9.0,0.0,0.0,1,2.0,1.0,0,4,4,0.0,,,0,0.0,0.0,0,0,0.0
3551,72,Master,En pareja ,60033.0,0.0,1,29-03-2014,28,62.0,1,57.0,19.0,11.0,48,2.0,2.0,1,5,2,0.0,,,0,0.0,0.0,0,0,0.0
1663,48,PhD,En pareja ,34043.0,1.0,0,25-10-2013,97,20.0,2,14.0,3.0,0.0,10,1.0,2.0,0,2,9,0.0,,,0,0.0,0.0,0,0,0.0
5543,60,Graduation,En pareja ,57811.0,0.0,1,24-06-2013,49,545.0,7,114.0,37.0,21.0,78,5.0,7.0,2,11,5,0.0,,,0,0.0,0.0,1,0,0.0
1577,80,Graduation,Casado ,78569.0,0.0,0,19-02-2014,14,558.0,79,622.0,207.0,175.0,95,1.0,4.0,6,4,1,0.0,,,0,0.0,0.0,0,1,1.0
10641,48,Graduation,Soltero ,7500.0,0.0,1,27-12-2012,5,6.0,5,4.0,13.0,4.0,25,4.0,2.0,1,3,6,0.0,,,0,0.0,0.0,0,0,0.0
5336,55,Master,En pareja ,157733.0,1.0,0,04-06-2013,37,39.0,1,9.0,2.0,0.0,8,0.0,1.0,0,1,1,0.0,,,0,0.0,0.0,0,0,0.0
6024,73,Graduation,En pareja ,94384.0,0.0,0,04-03-2013,62,1111.0,24,790.0,160.0,45.0,172,0.0,5.0,8,5,2,0.0,,,1,0.0,0.0,1,1,1.0
1878,41,2n Cycle,Casado ,23148.0,0.0,0,18-02-2014,83,4.0,6,8.0,6.0,3.0,10,1.0,2.0,0,3,7,0.0,,,0,0.0,0.0,0,0,0.0
3099,56,Graduation,Divorciado ,44267.0,0.0,1,25-02-2013,48,183.0,5,0.0,0.0,0.0,49,0.0,5.0,2,4,9,0.0,,,0,0.0,0.0,0,0,0.0
6055,47,Graduation,Casado ,71626.0,0.0,0,01-11-2012,94,546.0,72,376.0,94.0,145.0,72,1.0,5.0,5,8,3,0.0,,,0,0.0,0.0,1,0,0.0
5841,60,Graduation,En pareja ,60894.0,0.0,1,28-06-2013,61,606.0,7,155.0,10.0,0.0,54,5.0,10.0,3,8,7,0.0,,,0,0.0,0.0,0,0,0.0
3972,50,Graduation,En pareja ,50200.0,1.0,1,03-04-2013,70,266.0,6,51.0,8.0,6.0,64,6.0,7.0,1,5,8,0.0,,,0,0.0,0.0,0,0,0.0
4394,61,PhD,Casado ,81051.0,0.0,0,23-05-2014,43,1142.0,29,249.0,38.0,29.0,14,1.0,5.0,5,12,2,0.0,,,0,0.0,0.0,1,1,0.0
5758,44,Graduation,Casado ,65169.0,0.0,0,14-01-2014,23,1074.0,0,69.0,0.0,0.0,46,1.0,10.0,4,13,6,0.0,,,1,1.0,1.0,0,1,1.0
6658,54,Graduation,En pareja ,59868.0,0.0,1,22-07-2013,37,771.0,51,154.0,54.0,10.0,154,7.0,11.0,2,12,6,0.0,,,0,0.0,0.0,0,0,0.0
4603,66,PhD,Casado ,65695.0,0.0,1,31-01-2014,50,371.0,32,189.0,0.0,58.0,6,2.0,5.0,4,10,4,0.0,,,0,0.0,0.0,0,0,0.0
8427,70,Master,Soltero ,64857.0,0.0,0,23-11-2012,78,556.0,14,717.0,210.0,0.0,43,1.0,7.0,5,10,4,0.0,,,0,0.0,0.0,0,0,0.0
10260,61,Master,En pareja ,45143.0,0.0,1,26-08-2013,74,202.0,5,74.0,11.0,5.0,14,3.0,6.0,1,5,7,0.0,,,0,0.0,0.0,0,0,0.0
7143,71,2n Cycle,En pareja ,74805.0,0.0,1,06-11-2013,14,209.0,162,209.0,41.0,162.0,37,5.0,4.0,7,10,2,0.0,,,0,0.0,0.0,0,0,0.0
8789,37,2n Cycle,Casado ,59060.0,1.0,0,11-01-2014,77,35.0,40,111.0,36.0,40.0,12,3.0,3.0,1,7,4,0.0,,,0,0.0,0.0,0,0,0.0
6197,64,PhD,Soltero ,27238.0,0.0,1,20-04-2013,39,37.0,0,17.0,0.0,0.0,3,3.0,3.0,0,3,9,0.0,,,0,0.0,0.0,0,0,0.0
4554,61,Graduation,En pareja ,47009.0,0.0,1,01-10-2013,89,171.0,45,73.0,59.0,10.0,90,4.0,3.0,2,8,4,0.0,,,0,0.0,0.0,0,0,0.0
4937,53,2n Cycle,Casado ,46094.0,0.0,1,10-06-2014,62,12.0,2,20.0,3.0,2.0,5,0.0,1.0,0,3,7,0.0,,,0,0.0,0.0,0,0,0.0
1920,54,Graduation,Casado ,40321.0,0.0,1,29-07-2013,59,44.0,4,0.0,6.0,0.0,27,0.0,3.0,0,3,7,0.0,,,0,0.0,0.0,0,0,0.0
8749,42,Graduation,En pareja ,37235.0,0.0,0,01-02-2014,68,20.0,2,9.0,4.0,6.0,20,1.0,1.0,1,2,4,0.0,,,0,0.0,0.0,0,0,0.0
1650,66,Master,Casado ,81843.0,0.0,0,22-04-2013,13,779.0,86,537.0,34.0,69.0,138,1.0,5.0,9,12,3,0.0,,,0,0.0,0.0,0,0,0.0
10377,68,Master,En pareja ,46692.0,0.0,1,06-06-2013,37,170.0,6,97.0,24.0,12.0,88,3.0,6.0,1,5,6,0.0,,,0,0.0,0.0,0,0,0.0
9206,58,Graduation,En pareja ,77382.0,0.0,1,07-01-2014,36,491.0,48,231.0,112.0,105.0,134,2.0,5.0,7,12,1,0.0,,,0,0.0,0.0,0,1,0.0
10971,49,Graduation,Soltero ,37774.0,0.0,0,03-09-2012,28,173.0,8,107.0,7.0,2.0,176,4.0,7.0,2,3,9,0.0,,,0,0.0,1.0,0,0,1.0
6398,52,Basic,Casado ,18393.0,1.0,0,29-03-2014,2,7.0,10,13.0,16.0,0.0,4,2.0,3.0,0,3,8,0.0,,,0,0.0,0.0,0,0,0.0
9212,64,Master,Casado ,72828.0,0.0,1,14-02-2013,17,1205.0,0,235.0,19.0,14.0,205,6.0,6.0,3,13,7,0.0,,,0,0.0,0.0,0,0,0.0
7937,44,Graduation,Casado ,24711.0,0.0,0,18-04-2014,86,10.0,7,25.0,6.0,3.0,7,1.0,3.0,0,3,7,0.0,,,0,0.0,0.0,0,0,0.0
839,51,PhD,Casado ,45503.0,1.0,0,25-09-2013,54,97.0,4,44.0,6.0,1.0,18,1.0,3.0,1,4,5,0.0,,,0,0.0,0.0,0,0,0.0
4246,44,Master,Soltero ,6560.0,0.0,0,12-12-2013,2,67.0,11,26.0,4.0,3.0,262,0.0,1.0,0,1,17,0.0,,,0,0.0,0.0,0,0,0.0
158,81,PhD,En pareja ,71604.0,0.0,0,17-11-2013,3,345.0,53,528.0,98.0,75.0,97,1.0,8.0,3,5,4,0.0,,,0,0.0,1.0,0,0,1.0
4832,47,Graduation,Casado ,27244.0,0.0,0,07-03-2014,84,6.0,5,17.0,3.0,24.0,46,2.0,2.0,2,2,7,0.0,,,0,0.0,0.0,0,0,0.0
5621,57,Graduation,Casado ,48752.0,1.0,1,12-12-2012,8,73.0,57,100.0,71.0,15.0,0,5.0,6.0,1,5,9,0.0,,,0,0.0,0.0,0,0,1.0
1945,64,Graduation,Casado ,71434.0,0.0,1,18-09-2013,4,711.0,36,217.0,172.0,96.0,168,3.0,7.0,4,7,4,0.0,,,1,0.0,0.0,1,0,0.0
5147,78,Graduation,Soltero ,90842.0,0.0,0,29-07-2013,57,774.0,70,118.0,182.0,187.0,93,1.0,4.0,9,13,1,0.0,,,0,0.0,0.0,0,0,0.0
2535,48,Master,Casado ,88097.0,0.0,0,18-08-2012,24,163.0,0,480.0,0.0,126.0,75,1.0,6.0,5,8,9,0.0,,,1,0.0,0.0,1,1,1.0
11039,51,Graduation,Casado ,51948.0,0.0,1,17-09-2013,51,82.0,33,54.0,71.0,30.0,41,2.0,5.0,2,4,5,0.0,,,0,0.0,0.0,0,0,0.0
9495,44,Graduation,En pareja ,71853.0,0.0,0,08-05-2013,29,358.0,108,413.0,141.0,97.0,32,1.0,2.0,8,6,1,0.0,,,0,0.0,0.0,0,0,0.0
9635,43,Master,Casado ,35876.0,0.0,0,20-04-2014,13,66.0,2,40.0,4.0,3.0,14,1.0,3.0,1,3,6,0.0,,,0,0.0,0.0,0,0,0.0
2173,74,Graduation,Viudo ,40049.0,0.0,1,16-10-2013,23,13.0,6,7.0,0.0,3.0,3,0.0,1.0,0,3,6,0.0,,,0,0.0,0.0,0,0,0.0
942,44,Graduation,Soltero ,39660.0,1.0,0,08-08-2012,36,139.0,13,78.0,20.0,13.0,36,3.0,7.0,1,3,9,0.0,,,0,0.0,0.0,0,0,1.0
9386,64,Graduation,En pareja ,50127.0,0.0,1,29-05-2014,88,274.0,0,21.0,4.0,6.0,15,1.0,5.0,1,6,6,0.0,,,0,0.0,0.0,1,0,0.0
5510,49,Master,Casado ,43263.0,0.0,1,21-11-2012,2,262.0,6,61.0,0.0,0.0,102,0.0,5.0,2,6,5,0.0,,,0,0.0,0.0,0,0,0.0
873,77,Master,Casado ,62845.0,0.0,1,01-10-2012,3,1099.0,0,45.0,0.0,0.0,34,11.0,3.0,4,10,8,0.0,,,0,0.0,0.0,1,0,1.0
2253,36,Graduation,Casado ,18929.0,0.0,0,16-02-2013,15,32.0,0,8.0,23.0,4.0,18,1.0,1.0,0,4,6,0.0,,,0,0.0,0.0,0,0,0.0
5181,44,Basic,Soltero ,24367.0,1.0,0,20-03-2013,58,2.0,4,2.0,0.0,11.0,5,1.0,1.0,0,2,9,0.0,,,0,0.0,0.0,0,0,0.0
979,51,Graduation,Soltero ,33249.0,0.0,0,20-02-2013,11,6.0,10,21.0,19.0,14.0,42,2.0,2.0,1,3,6,0.0,,,0,0.0,0.0,0,0,0.0
10390,67,2n Cycle,Casado ,26887.0,0.0,1,10-02-2013,27,6.0,7,4.0,3.0,4.0,6,1.0,1.0,0,3,6,0.0,,,0,0.0,0.0,0,0,0.0
4698,43,PhD,Casado ,50150.0,0.0,0,20-06-2013,32,135.0,46,92.0,65.0,61.0,11,0.0,5.0,2,7,5,0.0,,,0,0.0,0.0,0,0,0.0
7793,50,Graduation,En pareja ,62061.0,0.0,1,31-08-2013,12,641.0,7,84.0,0.0,30.0,38,3.0,10.0,4,7,6,0.0,,,0,0.0,0.0,1,0,0.0
1745,64,PhD,Divorciado ,85696.0,0.0,0,03-05-2013,88,714.0,76,395.0,116.0,0.0,12,1.0,4.0,6,9,1,0.0,,,0,0.0,0.0,0,0,1.0
10590,70,PhD,En pareja ,76542.0,0.0,0,30-03-2013,91,794.0,73,573.0,0.0,29.0,14,1.0,4.0,8,10,2,0.0,,,0,0.0,0.0,0,0,0.0
5080,33,Graduation,Soltero ,70515.0,0.0,0,21-10-2013,12,420.0,0,452.0,182.0,64.0,140,1.0,6.0,6,4,2,0.0,,,0,0.0,0.0,0,0,1.0
8369,39,Graduation,En pareja ,18227.0,0.0,0,08-11-2012,21,1.0,2,7.0,4.0,3.0,11,1.0,0.0,1,2,8,0.0,,,0,0.0,0.0,0,0,0.0
5232,61,Graduation,Casado ,69139.0,0.0,1,27-01-2014,23,86.0,12,75.0,33.0,15.0,6,1.0,4.0,1,5,4,0.0,,,0,0.0,0.0,0,0,0.0
2407,44,Graduation,Casado ,69109.0,0.0,0,09-11-2012,10,823.0,25,459.0,124.0,29.0,95,1.0,6.0,6,7,4,0.0,,,0,0.0,0.0,0,1,1.0
3834,64,Graduation,Soltero ,69627.0,0.0,1,17-03-2013,35,231.0,161,215.0,171.0,30.0,53,2.0,8.0,2,11,5,0.0,,,0,0.0,0.0,0,0,0.0
7912,48,Graduation,Casado ,38136.0,0.0,0,22-04-2013,69,8.0,15,27.0,0.0,20.0,33,0.0,3.0,1,2,8,0.0,,,0,0.0,0.0,0,0,0.0
7712,80,PhD,Soltero ,62159.0,0.0,0,28-04-2014,68,182.0,17,259.0,77.0,70.0,29,1.0,6.0,2,10,4,0.0,,,0,0.0,0.0,0,0,0.0
1065,63,Graduation,Soltero ,80695.0,0.0,0,29-12-2013,85,557.0,129,984.0,193.0,37.0,18,1.0,5.0,8,5,2,0.0,,,0,0.0,0.0,0,0,0.0
7275,55,Master,Soltero ,33316.0,0.0,1,04-10-2013,34,79.0,1,31.0,4.0,4.0,12,0.0,2.0,1,4,6,0.0,,,0,0.0,0.0,0,0,0.0
1343,58,Graduation,En pareja ,58554.0,1.0,1,26-09-2012,55,368.0,24,68.0,38.0,0.0,88,6.0,8.0,2,6,7,0.0,,,0,0.0,0.0,0,0,0.0
1384,34,Basic,Casado ,17256.0,0.0,0,23-11-2013,10,6.0,4,14.0,8.0,8.0,22,2.0,2.0,1,2,8,0.0,,,0,0.0,1.0,0,0,0.0
9967,52,Graduation,Divorciado ,53034.0,0.0,1,30-05-2013,30,160.0,15,196.0,15.0,11.0,50,0.0,6.0,1,7,8,0.0,,,0,0.0,0.0,0,0,0.0
6181,76,2n Cycle,En pareja ,52203.0,0.0,0,31-07-2012,36,488.0,21,238.0,56.0,108.0,28,1.0,8.0,7,11,6,0.0,,,0,0.0,0.0,0,0,0.0
10507,49,2n Cycle,Divorciado ,59601.0,0.0,1,25-07-2013,14,691.0,7,69.0,0.0,7.0,23,4.0,2.0,2,7,8,0.0,,,0,0.0,0.0,1,0,0.0
2674,68,Master,Soltero ,75154.0,0.0,1,04-09-2012,79,543.0,10,205.0,160.0,143.0,82,1.0,6.0,3,6,3,0.0,,,0,0.0,0.0,0,0,1.0
2698,50,Graduation,Soltero ,47025.0,0.0,1,07-11-2013,52,254.0,7,108.0,20.0,0.0,26,3.0,6.0,3,5,6,0.0,,,0,0.0,0.0,0,0,0.0
3231,53,Graduation,Casado ,37971.0,1.0,0,25-11-2013,97,5.0,4,10.0,2.0,2.0,7,1.0,1.0,0,3,8,0.0,,,0,0.0,0.0,0,0,0.0
4096,58,Master,Divorciado ,41335.0,0.0,0,26-12-2013,24,112.0,19,21.0,16.0,14.0,5,3.0,4.0,1,4,7,0.0,,,0,0.0,0.0,0,0,0.0
10476,68,Graduation,Casado ,67267.0,0.0,1,13-05-2014,0,134.0,11,59.0,15.0,2.0,30,1.0,3.0,2,5,2,0.0,,,0,0.0,0.0,0,0,0.0
5948,51,Graduation,Soltero ,57338.0,0.0,1,29-04-2014,96,143.0,6,52.0,11.0,8.0,17,0.0,4.0,1,5,5,0.0,,,0,0.0,0.0,0,0,0.0
9140,66,2n Cycle,En pareja ,50523.0,1.0,1,25-12-2013,89,51.0,4,24.0,4.0,7.0,1,2.0,2.0,0,4,6,0.0,,,0,0.0,0.0,0,0,0.0
10258,61,Master,Soltero ,35791.0,2.0,1,06-05-2013,94,27.0,0,5.0,0.0,0.0,3,2.0,1.0,0,3,8,0.0,,,0,0.0,0.0,0,0,0.0
5675,66,PhD,Divorciado ,50611.0,0.0,1,04-10-2012,98,459.0,0,24.0,6.0,0.0,4,6.0,4.0,5,7,6,0.0,,,0,0.0,0.0,1,0,0.0
4743,57,PhD,Casado ,56242.0,0.0,1,03-03-2013,72,689.0,8,167.0,11.0,8.0,88,5.0,8.0,4,11,6,0.0,,,0,0.0,0.0,0,0,0.0
8805,66,Graduation,Soltero ,48904.0,0.0,1,02-12-2012,1,283.0,10,38.0,0.0,13.0,27,4.0,7.0,2,4,8,0.0,,,0,0.0,0.0,0,0,0.0
1542,51,Graduation,Soltero ,56243.0,0.0,2,30-12-2013,26,347.0,0,0.0,0.0,0.0,7,0.0,4.0,2,8,5,0.0,,,0,0.0,0.0,0,0,0.0
6770,41,Graduation,Casado ,21355.0,1.0,0,20-08-2013,5,5.0,13,14.0,0.0,5.0,31,2.0,2.0,1,2,6,0.0,,,0,0.0,1.0,0,0,1.0
8773,55,Master,En pareja ,57420.0,0.0,1,25-06-2013,22,280.0,0,18.0,0.0,0.0,24,0.0,5.0,1,6,7,0.0,,,0,0.0,0.0,1,0,0.0
10475,56,Master,En pareja ,51411.0,0.0,1,01-04-2013,39,187.0,5,65.0,26.0,20.0,14,0.0,4.0,2,6,5,0.0,,,0,0.0,0.0,0,0,0.0
10420,71,Master,Divorciado ,46390.0,0.0,1,05-05-2014,56,95.0,14,0.0,0.0,0.0,38,0.0,4.0,2,3,7,0.0,,,0,0.0,0.0,0,0,0.0
7514,70,2n Cycle,En pareja ,54342.0,1.0,1,03-07-2013,74,84.0,10,34.0,11.0,10.0,28,4.0,3.0,1,4,6,0.0,,,0,0.0,0.0,0,0,0.0
2902,68,Graduation,En pareja ,51411.0,0.0,1,03-09-2012,87,19.0,4,12.0,2.0,2.0,6,1.0,1.0,0,3,5,0.0,,,0,0.0,0.0,0,0,0.0
4345,62,2n Cycle,Soltero ,51411.0,0.0,1,12-01-2014,49,5.0,1,9.0,2.0,0.0,4,1.0,1.0,0,2,7,0.0,,,0,0.0,0.0,0,0,0.0
793,53,Graduation,Casado ,20895.0,1.0,0,06-10-2012,24,18.0,3,17.0,3.0,0.0,4,1.0,2.0,0,3,9,0.0,,,0,0.0,0.0,0,0,0.0
10909,78,Graduation,Casado ,92344.0,0.0,0,15-01-2014,9,992.0,24,694.0,51.0,19.0,119,0.0,5.0,10,5,1,0.0,,,0,0.0,1.0,0,1,0.0
3769,54,PhD,En pareja ,51411.0,1.0,0,02-03-2014,17,25.0,1,13.0,0.0,0.0,3,1.0,1.0,0,3,7,0.0,,,0,0.0,0.0,0,0,0.0
8702,50,2n Cycle,En pareja ,26907.0,0.0,1,20-08-2013,10,9.0,1,7.0,0.0,3.0,2,0.0,1.0,0,3,7,0.0,,,0,0.0,0.0,0,0,0.0
4791,46,Graduation,En pareja ,44964.0,1.0,1,16-12-2012,35,19.0,1,17.0,2.0,0.0,2,1.0,1.0,0,3,8,0.0,,,0,0.0,0.0,0,0,0.0
2963,47,Graduation,En pareja ,75507.0,0.0,0,02-05-2014,56,709.0,93,374.0,104.0,80.0,80,0.0,8.0,6,6,3,0.0,,,0,0.0,0.0,0,0,0.0
8216,54,Master,Casado ,53761.0,1.0,1,11-10-2013,7,158.0,0,76.0,13.0,7.0,71,6.0,4.0,4,3,5,0.0,,,0,0.0,0.0,0,0,0.0
8140,53,Graduation,En pareja ,22682.0,0.0,0,03-10-2013,51,10.0,14,29.0,4.0,2.0,36,3.0,2.0,1,4,4,0.0,,,0,0.0,0.0,0,0,0.0
10146,54,PhD,En pareja ,38887.0,1.0,0,02-03-2014,17,25.0,1,13.0,0.0,0.0,3,1.0,1.0,0,3,7,0.0,,,0,0.0,0.0,0,0,0.0
5289,51,2n Cycle,Soltero ,41658.0,0.0,1,09-11-2012,30,8.0,4,12.0,15.0,4.0,29,2.0,1.0,1,2,4,0.0,,,0,0.0,0.0,0,0,0.0
2587,54,PhD,Casado ,29791.0,0.0,0,15-05-2014,21,14.0,0,6.0,0.0,0.0,0,0.0,2.0,0,3,5,0.0,,,0,0.0,0.0,0,0,0.0
4405,70,Master,Casado ,63915.0,0.0,2,30-07-2013,2,622.0,7,115.0,30.0,0.0,15,2.0,6.0,3,12,5,0.0,,,0,0.0,0.0,0,0,0.0
8663,52,Graduation,Divorciado ,39996.0,1.0,1,22-05-2014,85,11.0,0,3.0,0.0,0.0,1,1.0,1.0,0,2,6,0.0,,,0,0.0,0.0,0,0,0.0
2589,54,Graduation,Divorciado ,26759.0,1.0,0,07-02-2014,65,25.0,3,16.0,8.0,5.0,2,2.0,2.0,1,3,6,0.0,,,0,0.0,0.0,0,0,0.0
3421,58,Master,Divorciado ,63841.0,0.0,1,21-04-2013,64,635.0,15,100.0,20.0,7.0,131,1.0,9.0,3,9,6,0.0,,,0,0.0,0.0,0,0,0.0
10490,57,PhD,Casado ,51039.0,1.0,1,10-12-2012,11,100.0,64,79.0,65.0,0.0,109,2.0,6.0,2,4,7,0.0,,,0,0.0,0.0,0,0,0.0
4094,65,Graduation,Casado ,60544.0,1.0,1,25-08-2012,92,201.0,2,43.0,3.0,5.0,35,4.0,5.0,1,5,6,0.0,,,0,0.0,0.0,0,0,0.0
9958,54,Graduation,Casado ,65685.0,0.0,1,29-03-2014,54,642.0,14,49.0,0.0,7.0,57,1.0,9.0,2,9,5,0.0,,,0,0.0,0.0,0,0,0.0
2534,73,Graduation,Casado ,37716.0,0.0,1,21-04-2014,4,97.0,1,41.0,6.0,2.0,41,2.0,4.0,1,3,7,0.0,,,0,0.0,0.0,0,0,0.0
4188,69,Graduation,Soltero ,36864.0,0.0,1,13-08-2012,53,204.0,5,39.0,17.0,0.0,89,0.0,5.0,2,4,8,0.0,,,0,0.0,0.0,0,0,1.0
6613,56,Master,Casado ,44511.0,0.0,0,12-10-2012,39,513.0,7,133.0,46.0,14.0,14,6.0,8.0,4,8,8,0.0,,,0,0.0,0.0,0,0,0.0
10827,59,PhD,Casado ,36947.0,1.0,1,07-08-2012,49,88.0,3,21.0,4.0,1.0,29,4.0,3.0,0,4,9,0.0,,,0,0.0,0.0,0,0,0.0
5491,75,Master,En pareja ,47352.0,0.0,1,11-04-2013,70,172.0,12,112.0,8.0,0.0,15,4.0,6.0,1,5,7,0.0,,,0,0.0,0.0,0,0,0.0
8402,73,Master,Casado ,67087.0,0.0,1,17-12-2013,40,329.0,35,222.0,130.0,35.0,43,2.0,7.0,5,8,4,0.0,,,0,0.0,0.0,0,0,0.0
8783,76,Graduation,Casado ,57045.0,0.0,1,08-09-2012,40,296.0,13,104.0,11.0,13.0,17,3.0,4.0,2,9,3,0.0,,,0,0.0,0.0,0,0,0.0
10010,73,PhD,Divorciado ,36957.0,1.0,1,06-09-2012,43,100.0,2,16.0,2.0,1.0,31,4.0,3.0,2,2,9,0.0,,,0,0.0,0.0,0,0,1.0
618,49,PhD,Casado ,69389.0,0.0,1,28-09-2012,17,422.0,7,238.0,69.0,46.0,15,1.0,7.0,2,12,4,0.0,,,0,0.0,0.0,0,0,0.0
9121,54,Graduation,Casado ,80134.0,1.0,0,20-05-2013,40,1218.0,16,272.0,104.0,0.0,80,2.0,5.0,3,6,6,0.0,,,1,0.0,0.0,1,1,1.0
361,57,Master,Casado ,43142.0,0.0,1,18-02-2014,84,5.0,1,7.0,2.0,1.0,4,0.0,1.0,0,2,7,0.0,,,0,0.0,0.0,0,0,0.0
4310,82,Graduation,Casado ,80589.0,0.0,0,22-01-2014,25,507.0,93,520.0,242.0,40.0,26,1.0,5.0,10,5,1,0.0,,,1,0.0,0.0,0,0,1.0
2678,36,Graduation,Soltero ,34412.0,1.0,0,13-02-2013,62,52.0,12,50.0,4.0,36.0,55,3.0,5.0,0,3,9,0.0,,,0,0.0,0.0,0,0,0.0
6376,47,Graduation,Soltero ,57537.0,1.0,0,10-06-2013,83,191.0,56,139.0,51.0,8.0,100,4.0,4.0,3,8,4,0.0,,,0,0.0,0.0,0,0,0.0
524,60,Basic,En pareja ,22634.0,0.0,0,16-01-2013,47,2.0,23,11.0,8.0,6.0,46,1.0,2.0,1,2,8,0.0,,,0,0.0,0.0,0,0,0.0
10341,78,Graduation,En pareja ,51315.0,0.0,0,23-02-2014,45,68.0,28,39.0,16.0,30.0,41,1.0,2.0,2,5,2,0.0,,,0,0.0,0.0,0,0,0.0
5654,54,Graduation,Casado ,36026.0,0.0,1,16-03-2014,245,20.0,4,10.0,6.0,4.0,17,2.0,2.0,0,3,6,0.0,,,0,0.0,0.0,0,0,0.0
4098,53,Graduation,Casado ,24639.0,1.0,1,28-01-2014,3,20.0,3,16.0,0.0,4.0,1,3.0,2.0,0,4,6,0.0,,,0,0.0,0.0,0,0,0.0
5824,54,PhD,En pareja ,34578.0,0.0,1,11-04-2014,1,7.0,0,1.0,0.0,0.0,0,1.0,1.0,0,2,6,0.0,,,0,0.0,0.0,0,0,0.0
7000,54,2n Cycle,Soltero ,65704.0,0.0,0,13-10-2013,18,279.0,172,74.0,38.0,8.0,246,1.0,2.0,10,10,1,0.0,,,0,0.0,0.0,0,0,0.0
2561,60,Graduation,Soltero ,63810.0,0.0,1,11-11-2012,45,977.0,12,253.0,16.0,12.0,101,4.0,4.0,3,12,8,0.0,,,0,0.0,0.0,1,0,0.0
5229,57,PhD,En pareja ,54132.0,0.0,1,16-02-2014,81,30.0,1,8.0,0.0,0.0,3,0.0,1.0,0,3,7,0.0,,,0,0.0,0.0,0,0,0.0
4086,67,Graduation,Casado ,18690.0,0.0,0,28-12-2012,77,6.0,1,7.0,23.0,4.0,19,1.0,1.0,1,2,8,0.0,,,0,0.0,0.0,0,0,0.0
2428,56,Graduation,Casado ,28164.0,1.0,0,04-05-2013,23,3.0,18,26.0,11.0,8.0,12,3.0,2.0,0,4,7,0.0,,,0,0.0,0.0,0,0,0.0
8254,52,PhD,Casado ,34596.0,0.0,0,13-04-2013,48,14.0,0,2.0,0.0,0.0,7,0.0,1.0,0,2,8,0.0,,,0,0.0,0.0,0,0,0.0
2836,54,PhD,Casado ,43269.0,0.0,0,16-09-2013,61,10.0,1,7.0,0.0,0.0,1,1.0,1.0,0,2,8,0.0,,,0,0.0,0.0,0,0,0.0
8418,68,2n Cycle,Soltero ,38741.0,0.0,1,30-03-2014,60,7.0,10,17.0,8.0,6.0,13,2.0,2.0,0,3,7,0.0,,,0,0.0,0.0,0,0,0.0
1362,54,Graduation,Soltero ,31907.0,0.0,0,04-03-2013,75,33.0,87,64.0,175.0,16.0,74,1.0,6.0,1,6,7,0.0,,,0,0.0,0.0,0,0,0.0
7152,43,Master,Casado ,27100.0,1.0,0,05-04-2013,64,12.0,0,13.0,2.0,0.0,10,1.0,1.0,0,3,7,0.0,,,0,0.0,0.0,0,0,0.0
10033,53,2n Cycle,Divorciado ,31163.0,1.0,0,13-02-2014,54,2.0,3,10.0,11.0,2.0,10,1.0,1.0,0,3,6,0.0,,,0,0.0,0.0,0,0,0.0
9349,41,Graduation,Casado ,92533.0,0.0,0,19-12-2013,84,693.0,21,118.0,110.0,147.0,42,1.0,6.0,5,11,2,0.0,,,1,0.0,0.0,0,1,0.0
274,53,Graduation,Soltero ,34853.0,0.0,1,23-12-2013,75,9.0,3,15.0,2.0,3.0,2,2.0,2.0,0,3,6,0.0,,,0,0.0,0.0,0,0,0.0
3388,59,Graduation,Divorciado ,70844.0,1.0,1,30-10-2013,16,129.0,26,67.0,3.0,67.0,2,5.0,6.0,1,5,7,0.0,,,0,0.0,0.0,0,0,0.0
922,47,2n Cycle,Casado ,31086.0,0.0,1,04-05-2013,79,16.0,2,11.0,3.0,0.0,16,0.0,1.0,1,2,8,0.0,,,0,0.0,0.0,0,0,0.0
8588,65,Graduation,Casado ,60544.0,0.0,1,25-08-2012,92,201.0,2,0.0,0.0,0.0,35,0.0,5.0,1,5,6,0.0,,,0,0.0,0.0,0,0,0.0
2518,40,2n Cycle,En pareja ,20491.0,0.0,0,25-01-2013,16,5.0,4,5.0,4.0,2.0,10,1.0,0.0,1,2,7,0.0,,,0,0.0,0.0,0,0,0.0
574,62,Graduation,Casado ,42523.0,0.0,0,23-04-2014,96,14.0,36,11.0,3.0,26.0,35,1.0,1.0,1,4,2,0.0,,,0,0.0,0.0,0,0,0.0
3220,43,Graduation,Casado ,39922.0,1.0,0,14-02-2013,30,29.0,12,59.0,19.0,1.0,36,2.0,3.0,0,4,8,0.0,,,0,0.0,0.0,0,0,0.0
5967,74,Graduation,En pareja ,33402.0,1.0,1,18-07-2013,60,26.0,2,19.0,10.0,5.0,8,3.0,2.0,1,3,8,0.0,,,0,0.0,0.0,0,0,0.0
1183,77,Master,Casado ,36408.0,1.0,1,21-09-2013,11,9.0,1,4.0,3.0,2.0,3,1.0,1.0,0,2,6,0.0,,,0,0.0,0.0,0,0,0.0
6856,47,Graduation,En pareja ,21645.0,0.0,0,03-09-2012,75,14.0,0,0.0,0.0,0.0,19,0.0,3.0,0,3,9,0.0,,,0,0.0,0.0,0,0,0.0
4530,78,Master,Viudo ,78427.0,0.0,0,24-10-2012,36,972.0,19,595.0,180.0,26.0,138,3.0,3.0,7,10,3,0.0,,,1,0.0,0.0,0,0,1.0
1553,80,Graduation,En pareja ,82657.0,0.0,0,27-09-2013,71,966.0,168,672.0,246.0,105.0,126,0.0,7.0,5,10,4,0.0,,,1,0.0,0.0,1,0,0.0
4682,68,Graduation,Casado ,51876.0,0.0,0,15-10-2013,88,99.0,27,102.0,28.0,48.0,6,1.0,2.0,2,8,1,0.0,,,0,0.0,0.0,0,0,0.0
8204,55,2n Cycle,Casado ,78041.0,0.0,0,16-12-2012,93,482.0,35,553.0,72.0,160.0,17,1.0,74.0,4,9,2,0.0,,,0,0.0,0.0,0,0,0.0
5221,69,Graduation,Casado ,52852.0,0.0,1,01-12-2012,93,714.0,8,99.0,11.0,0.0,47,4.0,10.0,7,5,8,0.0,,,0,0.0,1.0,0,0,0.0
1232,44,PhD,En pareja ,70038.0,0.0,0,25-10-2013,54,587.0,54,348.0,71.0,54.0,130,1.0,4.0,4,8,2,0.0,,,0,0.0,0.0,0,0,0.0
1927,53,2n Cycle,En pareja ,69401.0,0.0,1,23-03-2014,41,399.0,27,159.0,58.0,8.0,39,4.0,4.0,4,5,2,0.0,,,0,0.0,0.0,0,0,0.0
5788,54,Graduation,En pareja ,46053.0,1.0,0,17-02-2013,46,56.0,10,92.0,19.0,7.0,25,3.0,3.0,2,4,5,0.0,,,0,0.0,0.0,0,0,0.0
6652,61,Graduation,Casado ,77343.0,0.0,0,09-06-2014,28,227.0,151,573.0,98.0,54.0,31,1.0,3.0,4,9,1,0.0,,,0,0.0,0.0,0,0,0.0
6246,73,Graduation,Soltero ,73892.0,0.0,0,13-11-2013,40,703.0,102,601.0,0.0,58.0,43,1.0,3.0,11,8,1,0.0,,,0,0.0,0.0,0,0,1.0
5975,59,PhD,Soltero ,40304.0,1.0,0,30-09-2013,82,37.0,0,17.0,0.0,0.0,3,1.0,2.0,0,3,7,0.0,,,0,0.0,0.0,0,0,0.0
6875,61,PhD,En pareja ,32727.0,0.0,0,28-08-2012,38,167.0,13,180.0,86.0,13.0,70,0.0,7.0,3,5,8,0.0,,,0,0.0,0.0,0,0,0.0
4399,57,Graduation,En pareja ,68695.0,0.0,0,25-06-2014,3,458.0,81,0.0,0.0,0.0,40,0.0,4.0,4,7,2,0.0,,,0,0.0,0.0,0,0,0.0
4042,55,Graduation,Divorciado ,43300.0,0.0,1,13-10-2012,87,91.0,3,0.0,0.0,0.0,31,0.0,4.0,0,4,8,0.0,,,0,0.0,0.0,0,0,1.0
2157,54,Graduation,En pareja ,26290.0,0.0,1,12-01-2013,49,15.0,8,16.0,11.0,5.0,22,4.0,2.0,0,4,6,0.0,,,0,0.0,0.0,0,0,0.0
10133,56,Graduation,Soltero ,93790.0,0.0,0,12-02-2014,16,1302.0,68,731.0,89.0,114.0,45,0.0,6.0,7,12,2,0.0,,,1,0.0,0.0,1,1,1.0
2525,52,PhD,Casado ,38410.0,0.0,0,14-09-2012,65,153.0,64,123.0,116.0,64.0,14,2.0,5.0,2,9,6,0.0,,,0,0.0,0.0,0,0,1.0
8233,76,Master,Viudo ,64866.0,0.0,1,26-01-2014,9,508.0,5,21.0,7.0,5.0,10,0.0,7.0,3,7,5,0.0,,,0,0.0,0.0,1,0,0.0
9483,67,Graduation,En pareja ,57957.0,0.0,1,19-08-2013,24,290.0,59,177.0,77.0,5.0,29,7.0,4.0,6,8,3,0.0,,,0,0.0,0.0,0,0,0.0
2945,71,PhD,En pareja ,46015.0,0.0,1,13-04-2014,25,38.0,0,0.0,0.0,0.0,6,0.0,1.0,0,3,7,0.0,,,0,0.0,0.0,0,0,0.0
10403,48,Graduation,En pareja ,16531.0,0.0,0,18-06-2014,43,2.0,13,6.0,7.0,5.0,11,3.0,3.0,0,3,7,0.0,,,0,0.0,0.0,0,0,0.0
5074,40,Master,Casado ,28072.0,1.0,0,08-07-2013,10,30.0,0,10.0,2.0,0.0,5,1.0,1.0,0,3,7,0.0,,,0,0.0,0.0,0,0,0.0
10524,63,Master,Divorciado ,49476.0,0.0,1,20-06-2013,29,386.0,23,95.0,54.0,41.0,196,4.0,2.0,11,5,2,0.0,,,0,0.0,0.0,0,0,0.0
4690,73,Graduation,Casado ,50725.0,0.0,1,13-02-2013,45,443.0,10,75.0,0.0,10.0,48,4.0,8.0,1,8,8,0.0,,,0,0.0,0.0,0,0,0.0
7521,74,Graduation,En pareja ,83844.0,0.0,0,12-05-2013,57,901.0,31,345.0,75.0,31.0,191,1.0,4.0,4,11,1,0.0,,,0,0.0,0.0,0,1,0.0
7196,76,PhD,Casado ,41145.0,0.0,1,08-02-2014,20,9.0,0,3.0,0.0,0.0,1,1.0,0.0,0,3,3,0.0,,,0,0.0,0.0,0,0,0.0
4406,56,Graduation,En pareja ,67419.0,0.0,1,16-01-2013,29,846.0,84,352.0,91.0,56.0,42,4.0,9.0,4,8,5,0.0,,,0,0.0,0.0,0,0,0.0
9672,56,2n Cycle,Casado ,23162.0,1.0,1,21-12-2013,82,8.0,3,9.0,19.0,4.0,22,3.0,1.0,1,3,6,0.0,,,0,0.0,0.0,0,0,0.0
4864,49,Graduation,Casado ,34380.0,0.0,0,02-05-2013,68,72.0,7,58.0,13.0,1.0,24,4.0,4.0,1,3,8,0.0,,,0,0.0,0.0,0,0,0.0
4706,60,Graduation,Soltero ,34704.0,0.0,1,27-04-2013,65,29.0,0,5.0,0.0,1.0,5,1.0,1.0,0,3,5,0.0,,,0,0.0,0.0,0,0,0.0
4070,57,PhD,Casado ,94871.0,0.0,2,01-09-2012,99,169.0,24,553.0,188.0,0.0,144,1.0,8.0,5,4,7,0.0,,,0,0.0,0.0,1,1,1.0
25,68,Graduation,Casado ,65148.0,0.0,1,16-11-2012,9,460.0,35,422.0,33.0,12.0,153,2.0,6.0,6,7,4,0.0,,,0,0.0,0.0,0,0,0.0
3697,72,Graduation,En pareja ,39898.0,0.0,1,12-02-2013,20,69.0,8,26.0,12.0,7.0,12,2.0,3.0,0,4,7,0.0,,,0,0.0,0.0,0,0,0.0
217,70,Master,Soltero ,64857.0,0.0,0,23-11-2012,78,556.0,14,717.0,210.0,0.0,43,0.0,7.0,5,10,4,0.0,,,0,0.0,0.0,0,0,0.0
4220,56,PhD,Casado ,59892.0,0.0,1,02-11-2013,26,73.0,0,13.0,0.0,1.0,0,1.0,2.0,1,3,3,0.0,,,0,0.0,0.0,0,0,0.0
5286,39,Master,Soltero ,41020.0,0.0,0,28-10-2013,68,112.0,1,54.0,7.0,7.0,36,1.0,3.0,2,4,3,0.0,,,0,0.0,0.0,0,0,0.0
9559,65,PhD,Casado ,57072.0,0.0,1,24-01-2014,79,944.0,0,60.0,0.0,0.0,30,2.0,7.0,5,13,5,0.0,,,0,0.0,1.0,0,0,0.0
2849,47,Graduation,Soltero ,60474.0,0.0,1,01-04-2013,25,265.0,199,303.0,234.0,9.0,170,7.0,10.0,2,12,7,0.0,,,0,0.0,0.0,0,0,0.0
7787,66,Graduation,En pareja ,62807.0,0.0,1,31-08-2012,83,526.0,28,135.0,10.0,21.0,99,3.0,5.0,3,12,5,0.0,,,0,0.0,0.0,0,0,0.0
3102,45,2n Cycle,En pareja ,19414.0,1.0,0,16-10-2013,32,2.0,3,12.0,3.0,5.0,7,1.0,1.0,0,3,8,0.0,,,0,0.0,0.0,0,0,0.0
5868,46,Graduation,Casado ,19107.0,0.0,0,22-08-2013,49,2.0,4,9.0,10.0,5.0,16,2.0,1.0,0,3,7,0.0,,,0,0.0,0.0,0,0,0.0
8370,50,2n Cycle,En pareja ,75484.0,0.0,1,02-08-2012,50,378.0,97,259.0,197.0,194.0,34,2.0,7.0,3,6,4,0.0,,,0,0.0,0.0,0,0,0.0
9988,50,Master,Soltero ,70379.0,0.0,1,03-03-2013,84,553.0,25,142.0,65.0,67.0,8,3.0,6.0,3,13,4,0.0,,,0,0.0,0.0,0,0,0.0
2939,56,Master,En pareja ,79419.0,0.0,0,22-06-2014,96,751.0,127,687.0,20.0,15.0,31,1.0,4.0,6,4,2,0.0,,,0,0.0,0.0,0,0,0.0
5529,80,PhD,En pareja ,64014.0,0.0,1,10-06-2014,56,406.0,0,30.0,0.0,0.0,8,7.0,8.0,2,5,7,0.0,,,1,0.0,0.0,0,0,0.0
9743,71,Graduation,Casado ,76998.0,0.0,1,11-01-2013,85,1449.0,89,161.0,69.0,35.0,107,2.0,11.0,8,8,6,0.0,,,0,0.0,0.0,0,1,0.0
5763,54,Master,En pareja ,49854.0,0.0,0,10-11-2013,63,123.0,17,171.0,39.0,0.0,30,0.0,6.0,2,5,6,0.0,,,0,0.0,0.0,0,0,0.0
3478,55,PhD,Casado ,60585.0,0.0,1,24-06-2013,17,267.0,42,309.0,55.0,42.0,21,10.0,7.0,4,9,5,0.0,,,0,0.0,0.0,0,0,1.0
7494,76,PhD,Divorciado ,42873.0,0.0,1,21-01-2013,11,209.0,0,40.0,3.0,2.0,15,0.0,6.0,1,4,8,0.0,,,0,0.0,0.0,0,0,0.0
1763,38,Graduation,En pareja ,87679.0,0.0,0,27-07-2013,62,1259.0,172,815.0,97.0,148.0,33,1.0,7.0,11,10,4,0.0,,,1,0.0,1.0,0,1,1.0
7250,48,Graduation,En pareja ,57867.0,0.0,0,01-10-2013,48,344.0,35,178.0,15.0,23.0,17,7.0,7.0,2,9,6,0.0,,,0,0.0,0.0,0,0,0.0
2005,36,Graduation,Casado ,35765.0,1.0,0,11-12-2013,86,22.0,3,30.0,0.0,5.0,15,2.0,2.0,0,4,6,0.0,,,0,0.0,0.0,0,0,0.0
10770,67,Graduation,Casado ,65492.0,0.0,0,26-01-2014,73,247.0,161,295.0,210.0,85.0,47,2.0,4.0,7,13,2,0.0,,,0,0.0,0.0,0,0,0.0
6885,49,Graduation,Divorciado ,32952.0,1.0,0,01-12-2013,36,38.0,0,12.0,3.0,1.0,1,1.0,2.0,0,3,7,0.0,,,0,0.0,0.0,0,0,0.0
2072,57,PhD,En pareja ,53374.0,0.0,1,16-08-2012,34,896.0,10,101.0,13.0,10.0,34,6.0,4.0,2,9,9,0.0,,,0,0.0,1.0,0,0,1.0
9463,67,Graduation,En pareja ,71706.0,0.0,1,13-11-2012,16,931.0,56,253.0,91.0,98.0,14,4.0,9.0,5,7,5,0.0,,,0,0.0,0.0,0,0,0.0
6318,38,Graduation,Casado ,68487.0,0.0,0,13-01-2013,48,758.0,12,385.0,33.0,89.0,89,1.0,9.0,7,13,4,0.0,,,0,0.0,0.0,0,0,0.0
4093,51,Master,En pareja ,53253.0,1.0,1,11-02-2013,61,216.0,9,57.0,20.0,9.0,125,7.0,4.0,3,5,5,0.0,,,0,0.0,0.0,0,0,0.0
5751,53,2n Cycle,Divorciado ,31163.0,0.0,0,13-02-2014,54,2.0,3,10.0,11.0,0.0,10,0.0,1.0,0,3,6,0.0,,,0,0.0,0.0,0,0,0.0
3340,49,Graduation,Casado ,42014.0,0.0,0,17-08-2012,56,244.0,15,108.0,4.0,15.0,50,6.0,7.0,1,6,8,0.0,,,0,0.0,0.0,0,0,1.0
3594,53,Master,Casado ,54108.0,1.0,1,05-11-2012,74,539.0,6,91.0,8.0,6.0,97,13.0,8.0,2,9,8,0.0,,,0,0.0,0.0,0,0,0.0
3584,71,PhD,Soltero ,49667.0,0.0,0,20-08-2012,35,1181.0,26,120.0,17.0,13.0,39,2.0,5.0,10,5,8,0.0,,,0,0.0,1.0,0,0,1.0
3643,52,Master,Casado ,63206.0,0.0,0,20-03-2014,65,750.0,8,125.0,11.0,8.0,26,1.0,4.0,3,6,2,0.0,,,0,0.0,0.0,0,1,0.0
851,54,Master,Casado ,57136.0,0.0,1,09-07-2013,48,306.0,5,109.0,21.0,109.0,92,9.0,5.0,2,10,6,0.0,,,0,0.0,0.0,0,0,0.0
7706,51,2n Cycle,En pareja ,46772.0,0.0,1,07-11-2012,88,350.0,104,189.0,197.0,151.0,57,6.0,11.0,8,5,8,0.0,,,0,0.0,1.0,0,0,0.0
3967,55,PhD,Casado ,78931.0,0.0,0,25-10-2013,19,331.0,197,170.0,58.0,152.0,35,1.0,2.0,8,13,1,0.0,,,0,0.0,0.0,0,0,0.0
10128,68,Graduation,En pareja ,53977.0,0.0,1,08-06-2013,21,620.0,16,165.0,0.0,24.0,82,5.0,5.0,5,12,5,0.0,,,0,0.0,0.0,0,0,0.0
486,38,Graduation,Casado ,84219.0,0.0,0,02-02-2014,27,434.0,137,400.0,45.0,137.0,45,0.0,3.0,4,10,1,0.0,,,0,0.0,0.0,0,0,0.0
9,51,Master,Soltero ,46098.0,0.0,1,18-08-2012,86,57.0,0,27.0,0.0,0.0,36,4.0,3.0,2,2,8,0.0,,,0,0.0,0.0,0,0,0.0
9451,61,Graduation,Casado ,73538.0,0.0,1,25-11-2012,92,811.0,76,428.0,99.0,137.0,107,3.0,10.0,4,9,7,0.0,,,0,0.0,0.0,0,0,0.0
9264,40,Graduation,Casado ,79529.0,0.0,0,27-04-2014,1,423.0,42,706.0,73.0,197.0,197,0.0,4.0,8,9,2,0.0,,,0,0.0,0.0,0,0,0.0
3865,49,2n Cycle,En pareja ,20981.0,0.0,0,30-04-2013,14,2.0,12,10.0,6.0,13.0,30,0.0,3.0,1,2,8,0.0,,,0,0.0,0.0,0,0,1.0
2853,46,Graduation,Soltero ,51766.0,1.0,0,11-03-2014,74,60.0,51,87.0,6.0,20.0,51,2.0,4.0,2,4,5,0.0,,,0,0.0,0.0,0,0,0.0
1490,64,Graduation,Casado ,55759.0,0.0,1,28-11-2012,84,675.0,0,85.0,10.0,7.0,77,5.0,10.0,3,8,8,0.0,,,0,0.0,0.0,0,0,0.0
6310,48,Graduation,Casado ,33039.0,0.0,0,09-09-2013,4,30.0,8,12.0,8.0,8.0,12,1.0,2.0,0,4,5,0.0,,,0,0.0,0.0,0,0,0.0
10380,54,Master,Casado ,37787.0,1.0,0,20-09-2013,50,40.0,1,40.0,4.0,3.0,18,1.0,3.0,0,3,8,0.0,,,0,0.0,0.0,0,0,0.0
3887,56,Graduation,Soltero ,27242.0,1.0,0,11-11-2012,2,3.0,17,26.0,20.0,1.0,39,2.0,2.0,0,3,9,0.0,,,0,0.0,0.0,0,0,1.0
4278,43,PhD,Soltero ,87188.0,0.0,0,03-06-2013,73,910.0,111,724.0,49.0,74.0,55,1.0,10.0,2,6,3,0.0,,,0,0.0,0.0,0,0,1.0
8643,55,Graduation,En pareja ,69930.0,0.0,0,26-05-2013,21,252.0,98,827.0,219.0,70.0,196,1.0,4.0,5,12,3,0.0,,,0,0.0,0.0,0,0,0.0
1998,50,Graduation,Soltero ,37697.0,1.0,0,07-02-2014,82,34.0,6,21.0,11.0,4.0,8,1.0,2.0,1,3,6,0.0,,,0,0.0,0.0,0,0,0.0
10795,53,PhD,Casado ,37401.0,0.0,0,06-05-2014,14,19.0,3,19.0,3.0,1.0,3,2.0,2.0,0,3,7,0.0,,,0,0.0,0.0,0,0,0.0
11110,53,Graduation,Soltero ,3502.0,1.0,0,13-04-2013,56,2.0,1,1.0,0.0,0.0,1,0.0,0.0,0,0,14,0.0,,,0,0.0,0.0,0,0,0.0
2408,50,Graduation,Casado ,58597.0,1.0,1,20-11-2012,20,490.0,0,184.0,10.0,28.0,21,12.0,7.0,4,9,7,0.0,,,0,0.0,0.0,0,0,0.0
202,78,PhD,Viudo ,82032.0,0.0,0,05-04-2014,54,332.0,194,377.0,149.0,125.0,57,0.0,4.0,6,7,1,0.0,,,0,0.0,0.0,0,0,0.0
7998,68,Graduation,En pareja ,28087.0,1.0,1,11-12-2012,77,53.0,8,17.0,13.0,0.0,21,3.0,2.0,2,2,7,0.0,,,0,0.0,0.0,0,0,0.0
830,39,PhD,Soltero ,74004.0,0.0,0,24-02-2014,5,784.0,48,560.0,42.0,176.0,48,1.0,4.0,6,4,3,0.0,,,1,0.0,0.0,0,1,1.0
3536,66,Graduation,En pareja ,19740.0,0.0,1,24-03-2013,65,7.0,11,3.0,10.0,4.0,20,2.0,1.0,1,3,5,0.0,,,0,0.0,0.0,0,0,0.0
6050,51,2n Cycle,Casado ,57036.0,0.0,1,11-12-2012,33,1171.0,43,219.0,19.0,14.0,47,0.0,6.0,3,13,9,0.0,,,0,0.0,0.0,0,0,0.0
125,68,2n Cycle,En pareja ,53083.0,1.0,1,15-05-2013,65,215.0,7,33.0,3.0,0.0,13,6.0,5.0,1,5,7,0.0,,,0,0.0,0.0,1,0,0.0
3463,51,PhD,Casado ,69283.0,0.0,1,14-06-2014,41,674.0,62,134.0,0.0,26.0,8,0.0,7.0,3,13,5,0.0,,,0,0.0,0.0,0,0,0.0
2804,51,Master,Soltero ,46098.0,1.0,1,18-08-2012,86,57.0,0,27.0,0.0,0.0,36,4.0,3.0,2,2,8,0.0,,,0,0.0,0.0,0,0,1.0
3745,38,2n Cycle,Casado ,23331.0,1.0,0,04-09-2012,92,5.0,36,7.0,0.0,10.0,45,2.0,3.0,0,3,8,0.0,,,0,0.0,0.0,0,0,0.0
9771,38,2n Cycle,Soltero ,23331.0,1.0,0,05-10-2012,97,104.0,20,101.0,24.0,15.0,5,6.0,5.0,1,5,9,0.0,,,0,0.0,0.0,0,0,0.0
451,37,Graduation,Soltero ,9255.0,0.0,0,20-12-2013,91,9.0,0,7.0,2.0,0.0,4,1.0,1.0,1,2,8,0.0,,,0,0.0,0.0,0,0,0.0
10530,67,PhD,Viudo ,67786.0,0.0,0,07-12-2013,0,431.0,82,441.0,80.0,20.0,102,1.0,3.0,6,6,1,0.0,,,0,0.0,0.0,0,0,1.0
1079,55,PhD,Casado ,71969.0,0.0,1,16-10-2012,59,1000.0,0,76.0,0.0,0.0,10,3.0,3.0,4,9,8,0.0,,,0,0.0,0.0,1,0,0.0
8920,59,Master,Soltero ,59235.0,1.0,0,12-01-2013,4,448.0,40,469.0,80.0,0.0,91,3.0,11.0,2,12,7,0.0,,,0,0.0,0.0,0,0,0.0
6678,37,Graduation,En pareja ,31928.0,1.0,0,28-03-2014,5,33.0,4,24.0,4.0,2.0,5,2.0,3.0,0,4,7,0.0,,,0,0.0,0.0,0,0,0.0
3852,65,Master,En pareja ,74881.0,1.0,1,08-03-2013,48,505.0,72,270.0,36.0,27.0,54,4.0,9.0,2,12,5,0.0,,,0,0.0,0.0,0,0,0.0
528,48,Graduation,Casado ,65819.0,0.0,0,29-11-2012,99,267.0,38,701.0,149.0,165.0,63,1.0,5.0,4,10,3,0.0,,,0,0.0,0.0,0,0,0.0
73,73,PhD,Soltero ,51411.0,1.0,2,26-05-2013,81,14.0,0,3.0,0.0,0.0,1,1.0,0.0,0,3,5,0.0,,,0,0.0,0.0,0,0,0.0
5589,62,Graduation,Divorciado ,51983.0,0.0,1,31-08-2012,95,631.0,0,0.0,0.0,0.0,30,0.0,9.0,2,10,7,0.0,,,0,0.0,0.0,0,0,0.0
10212,40,Master,En pareja ,42386.0,0.0,0,13-01-2013,43,65.0,4,16.0,0.0,4.0,11,0.0,3.0,0,3,8,0.0,,,0,0.0,0.0,0,0,0.0
6365,39,2n Cycle,Casado ,30390.0,0.0,0,02-09-2013,5,10.0,12,12.0,25.0,1.0,20,1.0,2.0,0,3,6,0.0,,,0,0.0,0.0,0,0,0.0
5636,63,Graduation,Soltero ,30983.0,0.0,0,09-11-2012,50,51.0,4,50.0,12.0,1.0,49,1.0,4.0,0,3,8,0.0,,,0,0.0,0.0,0,0,1.0
591,69,Graduation,Viudo ,66033.0,0.0,1,20-01-2013,76,293.0,35,179.0,46.0,59.0,65,2.0,8.0,3,7,7,0.0,,,0,0.0,0.0,0,0,0.0
2217,51,2n Cycle,Casado ,37284.0,1.0,1,29-03-2013,46,11.0,1,2.0,2.0,1.0,6,1.0,0.0,0,3,6,0.0,,,0,0.0,0.0,0,0,0.0
2544,75,Master,Divorciado ,57530.0,0.0,1,12-10-2013,68,50.0,1,27.0,6.0,7.0,1,1.0,1.0,1,4,1,0.0,,,0,0.0,0.0,0,0,0.0
7725,61,2n Cycle,Casado ,76800.0,0.0,0,08-03-2014,33,173.0,26,255.0,35.0,71.0,81,1.0,4.0,4,7,1,0.0,,,0,0.0,0.0,0,0,0.0
8091,70,Graduation,Casado ,63943.0,0.0,1,02-09-2012,50,423.0,184,368.0,13.0,97.0,21,1.0,6.0,4,6,5,0.0,,,0,0.0,0.0,0,0,0.0
7321,64,Graduation,En pareja ,76081.0,0.0,0,23-05-2014,85,292.0,30,415.0,63.0,33.0,200,0.0,4.0,5,4,2,0.0,,,1,0.0,0.0,0,0,0.0
5462,52,Graduation,Casado ,67445.0,0.0,1,12-08-2012,63,757.0,80,217.0,29.0,80.0,11,5.0,9.0,6,12,6,0.0,,,0,0.0,0.0,0,0,0.0
7791,59,Master,Casado ,37054.0,0.0,1,15-09-2013,89,12.0,1,6.0,0.0,1.0,5,0.0,1.0,0,3,7,0.0,,,0,0.0,0.0,0,0,0.0
955,64,Master,En pareja ,47175.0,0.0,1,28-10-2012,81,167.0,2,44.0,6.0,2.0,19,7.0,4.0,2,4,8,0.0,,,0,0.0,0.0,0,0,1.0
4037,50,Graduation,Divorciado ,31859.0,0.0,0,14-06-2013,77,3.0,1,3.0,8.0,0.0,5,1.0,1.0,0,2,7,0.0,,,0,0.0,0.0,0,0,0.0
6642,65,Graduation,Divorciado ,27215.0,2.0,1,23-01-2013,50,30.0,5,22.0,8.0,9.0,28,4.0,2.0,1,4,6,0.0,,,0,0.0,0.0,0,0,0.0
2793,50,PhD,Divorciado ,70179.0,0.0,1,21-07-2013,10,532.0,88,168.0,69.0,44.0,133,3.0,7.0,3,13,5,0.0,,,0,0.0,0.0,0,0,0.0
5424,43,Graduation,Casado ,39922.0,0.0,0,14-02-2013,30,29.0,12,59.0,19.0,1.0,36,2.0,3.0,0,4,8,0.0,,,0,0.0,0.0,0,0,0.0
879,50,Master,Casado ,49681.0,0.0,2,04-11-2013,66,411.0,0,26.0,0.0,0.0,21,0.0,7.0,1,7,7,0.0,,,0,0.0,0.0,0,0,0.0
9530,38,Graduation,Casado ,24645.0,0.0,0,01-11-2012,16,5.0,3,0.0,0.0,0.0,0,0.0,1.0,0,2,8,0.0,,,0,0.0,0.0,0,0,0.0
4828,72,Graduation,Divorciado ,79865.0,0.0,1,18-06-2014,12,71.0,99,278.0,185.0,121.0,38,1.0,5.0,10,5,1,0.0,,,0,0.0,0.0,0,0,0.0
10699,41,Graduation,Casado ,44322.0,0.0,0,16-06-2014,30,46.0,0,40.0,3.0,0.0,3,2.0,3.0,0,3,8,0.0,,,0,0.0,0.0,0,0,0.0
1497,74,Graduation,Soltero ,47958.0,0.0,1,19-01-2013,8,268.0,11,88.0,15.0,3.0,22,2.0,6.0,3,5,5,0.0,,,0,0.0,0.0,0,0,0.0
7476,62,Master,Soltero ,63972.0,0.0,1,02-12-2012,93,928.0,63,254.0,0.0,12.0,12,4.0,5.0,4,10,4,0.0,,,0,0.0,0.0,1,0,0.0
4390,72,Graduation,En pareja ,75315.0,0.0,1,15-04-2014,14,459.0,15,171.0,142.0,23.0,31,0.0,5.0,4,12,2,0.0,,,0,0.0,0.0,0,0,0.0
10478,76,PhD,Casado ,55517.0,1.0,1,27-09-2012,53,483.0,0,108.0,0.0,6.0,36,5.0,11.0,1,6,9,0.0,,,0,0.0,0.0,0,0,1.0
1081,69,PhD,Casado ,75283.0,1.0,2,27-03-2013,26,733.0,9,180.0,12.0,19.0,66,11.0,6.0,3,5,4,0.0,,,0,0.0,0.0,0,0,0.0
4261,80,PhD,Soltero ,82800.0,0.0,0,24-11-2012,23,1006.0,22,115.0,59.0,68.0,45,1.0,7.0,6,12,3,0.0,,,1,0.0,0.0,0,1,1.0
9916,72,Graduation,Casado ,38998.0,1.0,1,03-11-2012,92,34.0,1,14.0,0.0,0.0,5,3.0,2.0,0,3,8,1.0,,,0,0.0,0.0,0,0,0.0
5350,35,Master,Soltero ,90638.0,0.0,0,13-02-2014,29,1156.0,120,915.0,94.0,144.0,96,1.0,3.0,4,10,1,0.0,,,0,0.0,0.0,0,1,1.0
8135,40,Master,Casado ,27161.0,1.0,0,28-10-2013,41,7.0,4,23.0,7.0,0.0,11,1.0,1.0,0,3,7,0.0,,,0,0.0,0.0,0,0,0.0
8685,49,Graduation,Casado ,42014.0,0.0,0,17-08-2012,56,244.0,15,0.0,0.0,0.0,50,0.0,7.0,1,6,8,0.0,,,0,0.0,0.0,0,0,0.0
4967,66,PhD,En pareja ,38201.0,0.0,1,29-03-2013,19,233.0,0,23.0,0.0,0.0,12,0.0,5.0,1,5,8,0.0,,,0,0.0,0.0,0,0,0.0
2130,44,Graduation,En pareja ,45203.0,0.0,0,23-03-2014,4,35.0,3,67.0,10.0,8.0,24,1.0,3.0,1,3,6,0.0,,,0,0.0,0.0,0,0,1.0
9298,79,PhD,En pareja ,81574.0,0.0,0,28-04-2014,89,1252.0,0,465.0,46.0,35.0,0,1.0,4.0,5,8,1,0.0,,,0,0.0,0.0,1,1,0.0
8175,34,Graduation,Casado ,34935.0,0.0,0,21-06-2013,71,34.0,4,66.0,3.0,10.0,20,1.0,2.0,1,4,7,0.0,,,0,0.0,0.0,0,0,0.0
6257,50,Master,Soltero ,60482.0,0.0,1,23-01-2013,81,255.0,43,134.0,37.0,14.0,24,1.0,7.0,2,7,7,0.0,,,0,0.0,0.0,0,0,0.0
3790,70,Graduation,En pareja ,34633.0,0.0,1,23-01-2014,31,8.0,1,5.0,0.0,0.0,1,1.0,1.0,0,2,6,0.0,,,0,0.0,0.0,0,0,0.0
9952,79,Master,En pareja ,78093.0,0.0,0,11-12-2013,53,368.0,32,639.0,13.0,43.0,10,1.0,4.0,7,5,1,0.0,,,0,0.0,0.0,0,0,0.0
3503,76,Graduation,Divorciado ,82460.0,0.0,0,02-12-2013,78,255.0,47,573.0,52.0,32.0,15,1.0,5.0,3,6,1,0.0,,,0,0.0,0.0,0,0,0.0
5223,60,Master,En pareja ,45903.0,0.0,1,23-04-2014,80,33.0,8,10.0,2.0,10.0,3,0.0,2.0,1,3,4,0.0,,,0,0.0,0.0,0,0,0.0
4608,39,Graduation,Divorciado ,81361.0,0.0,0,25-02-2014,18,163.0,23,424.0,27.0,65.0,76,1.0,3.0,10,13,1,0.0,,,0,0.0,0.0,0,0,1.0
1626,53,PhD,Divorciado ,35860.0,1.0,1,19-05-2014,37,15.0,0,8.0,4.0,2.0,20,2.0,1.0,1,2,5,0.0,,,0,0.0,1.0,0,0,1.0
4764,74,Master,En pareja ,40442.0,1.0,1,19-08-2012,52,45.0,12,52.0,25.0,22.0,13,4.0,3.0,1,4,7,0.0,,,0,0.0,0.0,0,0,1.0
2471,61,Graduation,Casado ,61482.0,0.0,0,27-06-2014,39,48.0,58,68.0,16.0,66.0,43,1.0,3.0,2,6,2,0.0,,,0,0.0,0.0,0,0,0.0
5892,46,Graduation,Casado ,34968.0,1.0,0,10-04-2013,11,158.0,6,45.0,8.0,2.0,2,7.0,3.0,2,5,7,0.0,,,0,0.0,0.0,0,0,0.0
2612,39,Graduation,Casado ,75794.0,0.0,0,24-12-2013,33,754.0,160,625.0,63.0,32.0,48,1.0,7.0,5,12,3,0.0,,,1,0.0,0.0,0,0,0.0
4971,64,PhD,En pareja ,31497.0,0.0,1,06-12-2012,22,108.0,1,28.0,13.0,1.0,4,2.0,3.0,1,4,8,0.0,,,0,0.0,0.0,0,0,0.0
5185,71,Graduation,Casado ,74268.0,0.0,0,14-02-2013,83,199.0,66,315.0,97.0,174.0,41,1.0,4.0,3,5,2,0.0,,,0,0.0,0.0,0,0,0.0
10069,38,Basic,En pareja ,13724.0,1.0,0,31-08-2012,43,2.0,7,5.0,2.0,15.0,27,1.0,2.0,0,2,9,0.0,,,0,0.0,1.0,0,0,0.0
2262,61,Master,En pareja ,45143.0,0.0,1,26-08-2013,74,202.0,5,74.0,11.0,5.0,14,3.0,6.0,1,5,7,0.0,,,0,0.0,0.0,0,0,0.0
1131,59,PhD,Soltero ,52569.0,0.0,1,05-04-2014,54,85.0,0,3.0,0.0,0.0,7,1.0,2.0,0,4,3,0.0,,,0,0.0,0.0,0,0,0.0
1041,53,PhD,Soltero ,48432.0,0.0,1,18-10-2012,3,322.0,3,50.0,4.0,3.0,42,5.0,7.0,1,6,8,0.0,,,0,0.0,0.0,0,0,1.0
24,66,Master,En pareja ,17144.0,0.0,1,15-02-2014,96,18.0,2,19.0,0.0,2.0,6,5.0,3.0,0,4,7,0.0,,,0,0.0,0.0,0,0,0.0
3409,42,Graduation,Soltero ,36108.0,1.0,0,15-10-2013,68,141.0,8,129.0,3.0,11.0,47,3.0,7.0,1,4,9,0.0,,,0,0.0,1.0,0,0,0.0
7022,55,Graduation,Casado ,76445.0,1.0,0,28-09-2012,2,739.0,107,309.0,140.0,80.0,35,1.0,2.0,5,13,6,0.0,,,0,0.0,0.0,0,0,0.0
7943,51,PhD,Casado ,36663.0,0.0,0,25-04-2014,40,18.0,0,6.0,3.0,3.0,5,1.0,1.0,1,3,2,0.0,,,0,0.0,0.0,0,0,0.0
5272,61,Master,Casado ,53843.0,0.0,1,27-06-2013,64,378.0,0,88.0,19.0,4.0,73,4.0,8.0,5,3,7,0.0,,,0,0.0,0.0,0,0,0.0
5453,70,Master,Casado ,90226.0,0.0,0,26-09-2012,26,1083.0,108,649.0,253.0,151.0,108,1.0,4.0,7,12,2,0.0,,,1,0.0,0.0,0,0,0.0
2565,71,Master,Divorciado ,70638.0,0.0,0,01-06-2013,69,1016.0,12,215.0,16.0,12.0,63,1.0,4.0,5,10,3,0.0,,,0,0.0,0.0,1,0,0.0
800,66,Graduation,En pareja ,44512.0,1.0,1,30-08-2013,57,23.0,1,6.0,0.0,0.0,2,2.0,1.0,0,3,4,0.0,,,0,0.0,0.0,0,0,0.0
11092,65,Graduation,Casado ,27116.0,1.0,1,02-03-2014,78,12.0,1,21.0,2.0,2.0,3,2.0,2.0,0,3,7,0.0,,,0,0.0,0.0,0,0,0.0
5062,63,PhD,Casado ,54072.0,0.0,1,27-07-2013,71,35.0,0,4.0,0.0,0.0,0,0.0,2.0,0,2,8,0.0,,,0,0.0,0.0,0,0,0.0
8969,49,Graduation,Casado ,71855.0,0.0,1,16-01-2013,59,548.0,31,422.0,0.0,112.0,28,4.0,5.0,5,11,3,0.0,,,0,0.0,0.0,0,0,0.0
4656,36,2n Cycle,Soltero ,51250.0,0.0,0,30-03-2013,28,342.0,32,230.0,34.0,32.0,40,0.0,10.0,5,4,9,0.0,,,0,0.0,0.0,0,0,0.0
4480,53,Master,Casado ,60432.0,0.0,1,09-03-2014,61,365.0,3,15.0,4.0,3.0,11,5.0,7.0,2,5,6,0.0,,,0,0.0,0.0,0,0,0.0
9971,62,PhD,Casado ,65526.0,0.0,1,11-04-2014,22,397.0,19,69.0,12.0,0.0,9,1.0,4.0,4,8,2,0.0,,,0,0.0,0.0,0,0,0.0
6729,38,Graduation,Soltero ,68655.0,0.0,0,10-08-2012,95,456.0,19,832.0,75.0,118.0,38,1.0,4.0,5,11,3,0.0,,,0,0.0,0.0,0,0,0.0
1773,48,2n Cycle,Casado ,12393.0,0.0,0,04-12-2012,38,5.0,6,15.0,11.0,7.0,13,0.0,2.0,0,3,9,0.0,,,0,0.0,0.0,0,0,0.0
9242,36,Graduation,Soltero ,64509.0,0.0,0,17-08-2013,19,836.0,185,575.0,24.0,25.0,77,1.0,6.0,3,9,4,0.0,,,0,0.0,1.0,0,0,1.0
1764,51,Graduation,Soltero ,33955.0,0.0,0,09-08-2013,92,100.0,2,128.0,23.0,7.0,10,4.0,5.0,1,5,8,0.0,,,0,0.0,0.0,0,0,0.0
6215,49,Graduation,Casado ,31353.0,0.0,1,29-12-2013,24,10.0,0,10.0,3.0,0.0,7,0.0,1.0,1,2,8,0.0,,,0,0.0,0.0,0,0,1.0
10099,42,Graduation,Casado ,55434.0,0.0,0,05-10-2013,21,238.0,115,215.0,169.0,69.0,76,3.0,5.0,3,13,4,0.0,,,0,0.0,0.0,0,0,0.0
5423,43,Graduation,En pareja ,28359.0,0.0,0,27-10-2013,265,6.0,0,5.0,2.0,1.0,2,0.0,1.0,0,2,7,0.0,,,0,0.0,0.0,0,0,0.0
940,39,Graduation,Soltero ,57100.0,0.0,0,18-05-2014,9,158.0,11,99.0,15.0,11.0,17,2.0,3.0,2,7,3,0.0,,,0,0.0,0.0,0,0,0.0
3011,61,Graduation,Casado ,69139.0,0.0,1,27-01-2014,23,86.0,12,75.0,33.0,15.0,6,1.0,4.0,1,5,4,0.0,,,0,0.0,0.0,0,0,0.0
3298,70,Master,Casado ,52973.0,0.0,1,08-11-2012,92,856.0,0,76.0,12.0,9.0,199,7.0,9.0,6,9,8,0.0,,,0,0.0,0.0,0,0,0.0
8286,61,PhD,En pareja ,51717.0,0.0,1,20-08-2013,55,98.0,1,17.0,0.0,1.0,5,1.0,3.0,0,4,7,0.0,,,0,0.0,0.0,1,0,0.0
9668,55,Graduation,Casado ,18793.0,1.0,0,12-01-2013,14,4.0,16,20.0,0.0,17.0,20,3.0,2.0,0,4,8,0.0,,,0,0.0,0.0,0,0,0.0
5120,44,2n Cycle,En pareja ,66664.0,0.0,0,25-09-2012,78,398.0,96,447.0,220.0,96.0,32,1.0,68.0,7,6,3,0.0,,,0,0.0,0.0,0,0,0.0
6097,67,Graduation,Soltero ,50664.0,0.0,1,16-01-2013,64,313.0,8,104.0,6.0,4.0,126,9.0,8.0,1,6,9,0.0,,,0,0.0,0.0,0,0,0.0
7019,63,Graduation,En pareja ,54414.0,1.0,1,23-01-2013,49,109.0,18,16.0,24.0,26.0,18,4.0,3.0,1,5,4,0.0,,,0,0.0,0.0,0,0,0.0
7408,74,PhD,Casado ,54549.0,0.0,1,03-03-2014,8,216.0,2,6.0,0.0,0.0,9,2.0,5.0,1,4,7,0.0,,,0,0.0,0.0,0,0,0.0
8041,55,PhD,Viudo ,47111.0,0.0,1,08-09-2012,35,595.0,71,153.0,120.0,112.0,41,6.0,3.0,2,10,9,0.0,,,0,0.0,0.0,0,0,0.0
252,63,PhD,Divorciado ,41003.0,0.0,0,17-03-2013,11,123.0,133,142.0,71.0,44.0,88,1.0,6.0,2,8,6,0.0,,,0,0.0,0.0,0,0,0.0
9986,44,Graduation,En pareja ,19444.0,0.0,0,22-02-2014,8,16.0,0,23.0,3.0,2.0,10,3.0,4.0,1,2,7,0.0,,,0,0.0,0.0,0,0,1.0
3276,50,2n Cycle,En pareja ,36301.0,0.0,0,25-10-2013,53,11.0,12,35.0,3.0,5.0,12,1.0,3.0,0,3,7,0.0,,,0,0.0,0.0,0,0,0.0
3859,79,PhD,En pareja ,73059.0,0.0,1,31-08-2013,36,410.0,112,420.0,0.0,82.0,71,1.0,9.0,3,13,4,0.0,,,0,0.0,0.0,0,0,0.0
3570,57,PhD,En pareja ,42731.0,1.0,0,21-10-2013,64,159.0,2,51.0,6.0,2.0,24,3.0,4.0,1,5,5,0.0,,,0,0.0,0.0,0,0,0.0
3783,67,PhD,Casado ,52854.0,1.0,1,24-03-2014,43,105.0,0,10.0,0.0,1.0,0,2.0,2.0,1,4,5,0.0,,,0,0.0,0.0,0,0,0.0
10207,48,Graduation,En pareja ,22775.0,0.0,0,19-06-2013,40,5.0,1,8.0,0.0,0.0,1,1.0,1.0,0,2,8,0.0,,,0,0.0,0.0,0,0,0.0
10906,78,PhD,En pareja ,46681.0,0.0,2,08-10-2013,52,269.0,15,69.0,15.0,19.0,38,2.0,4.0,6,4,5,0.0,,,0,0.0,0.0,0,0,0.0
3427,71,PhD,Casado ,59821.0,0.0,1,12-04-2013,11,629.0,0,70.0,0.0,0.0,35,6.0,11.0,2,7,8,0.0,,,0,0.0,0.0,0,0,0.0
5209,72,Graduation,Divorciado ,50002.0,0.0,1,17-06-2013,21,443.0,5,71.0,21.0,16.0,82,2.0,8.0,2,7,7,0.0,,,0,0.0,0.0,0,0,0.0
10711,81,Graduation,Casado ,69755.0,0.0,0,02-10-2013,23,217.0,77,373.0,111.0,23.0,93,1.0,3.0,6,12,1,0.0,,,0,0.0,0.0,0,0,0.0
10785,57,Graduation,Casado ,44078.0,1.0,1,19-06-2014,17,24.0,1,10.0,2.0,0.0,4,2.0,2.0,0,3,5,0.0,,,0,0.0,0.0,0,0,0.0
2814,50,Master,En pareja ,30560.0,0.0,0,27-06-2013,6,9.0,1,5.0,4.0,5.0,7,1.0,1.0,0,3,7,0.0,,,0,0.0,0.0,0,0,0.0
6866,57,Master,En pareja ,35924.0,0.0,1,23-03-2014,56,8.0,0,14.0,2.0,3.0,7,1.0,1.0,0,3,5,0.0,,,0,0.0,0.0,0,0,0.0
1665,62,PhD,Divorciado ,64140.0,0.0,2,23-09-2013,71,1459.0,0,0.0,0.0,0.0,215,0.0,2.0,5,6,5,0.0,,,0,0.0,0.0,0,1,1.0
6575,45,Graduation,En pareja ,56386.0,1.0,1,27-10-2012,51,230.0,48,214.0,13.0,32.0,75,8.0,9.0,1,7,9,0.0,,,0,0.0,0.0,0,0,0.0
3829,47,Basic,En pareja ,24594.0,1.0,0,10-12-2013,94,1.0,3,6.0,10.0,0.0,9,1.0,1.0,0,3,5,0.0,,,0,0.0,0.0,0,0,0.0
3091,45,2n Cycle,En pareja ,75774.0,1.0,0,02-05-2014,27,340.0,21,134.0,258.0,14.0,56,1.0,7.0,5,8,4,0.0,,,0,0.0,0.0,0,0,0.0
10141,66,Master,Divorciado ,39228.0,0.0,0,10-05-2013,1,7.0,1,6.0,0.0,3.0,3,1.0,0.0,0,3,4,0.0,,,0,0.0,0.0,0,0,0.0
5177,52,Master,Casado ,58494.0,0.0,1,12-12-2013,56,298.0,7,68.0,4.0,0.0,19,2.0,6.0,2,6,6,0.0,,,0,0.0,0.0,0,0,0.0
7005,45,Graduation,Soltero ,58684.0,0.0,0,16-06-2014,71,479.0,35,179.0,28.0,7.0,85,1.0,5.0,3,12,2,0.0,,,0,0.0,0.0,1,0,0.0
6409,59,Graduation,Divorciado ,57136.0,0.0,0,18-05-2013,18,267.0,140,599.0,34.0,12.0,127,1.0,7.0,5,7,6,0.0,,,0,0.0,0.0,0,0,1.0
7485,76,PhD,Viudo ,56551.0,1.0,1,07-05-2014,48,67.0,4,32.0,17.0,2.0,16,3.0,2.0,1,4,4,0.0,,,0,0.0,0.0,0,0,0.0
8079,44,Graduation,Casado ,22448.0,0.0,0,26-02-2014,86,3.0,1,0.0,0.0,0.0,18,0.0,2.0,1,3,3,0.0,,,0,0.0,0.0,0,0,0.0
8395,65,Graduation,Soltero ,82014.0,0.0,0,20-08-2012,48,980.0,37,265.0,35.0,163.0,31,1.0,3.0,6,12,6,0.0,,,0,0.0,0.0,0,0,1.0
10352,63,Graduation,Viudo ,34213.0,1.0,1,07-09-2012,2,50.0,4,28.0,6.0,3.0,26,3.0,3.0,1,2,9,0.0,,,0,0.0,0.0,0,0,1.0
4931,49,Graduation,En pareja ,157146.0,0.0,0,29-04-2013,13,1.0,0,1725.0,2.0,1.0,1,0.0,0.0,28,0,1,0.0,,,0,0.0,0.0,0,0,0.0
13,79,PhD,Viudo ,25358.0,0.0,1,22-07-2013,57,19.0,0,5.0,0.0,0.0,8,2.0,1.0,0,3,6,0.0,,,0,0.0,0.0,0,0,0.0
1834,48,Master,Soltero ,35544.0,1.0,0,08-03-2014,77,30.0,5,23.0,4.0,1.0,4,1.0,2.0,0,3,7,0.0,,,0,0.0,0.0,0,0,0.0
2285,72,Master,En pareja ,36634.0,0.0,1,28-05-2013,0,213.0,9,76.0,4.0,3.0,30,3.0,5.0,2,5,7,0.0,,,0,0.0,0.0,0,0,0.0
2295,72,PhD,Casado ,62670.0,0.0,1,02-02-2014,57,539.0,30,92.0,80.0,46.0,38,1.0,5.0,3,13,3,0.0,,,0,0.0,0.0,0,0,0.0
1378,54,2n Cycle,En pareja ,50334.0,0.0,1,24-07-2013,24,284.0,16,160.0,84.0,16.0,134,6.0,7.0,4,6,6,0.0,,,0,0.0,0.0,0,0,0.0
2781,45,Graduation,Soltero ,72066.0,0.0,0,23-06-2014,55,1003.0,34,536.0,134.0,51.0,34,1.0,4.0,6,6,2,0.0,,,1,0.0,0.0,0,1,1.0
1165,68,PhD,Soltero ,50729.0,1.0,1,02-05-2013,62,239.0,13,143.0,45.0,4.0,52,9.0,6.0,2,7,6,0.0,,,0,0.0,0.0,0,0,0.0
1404,58,Graduation,En pareja ,34916.0,2.0,0,15-05-2013,89,51.0,23,82.0,33.0,0.0,42,4.0,5.0,1,3,9,0.0,,,0,0.0,0.0,0,0,0.0
6457,50,Graduation,Divorciado ,64892.0,0.0,1,29-05-2014,77,527.0,24,230.0,32.0,24.0,65,2.0,6.0,4,12,4,0.0,,,0,0.0,0.0,0,0,0.0
2639,60,Graduation,Soltero ,43602.0,1.0,1,10-01-2014,45,19.0,5,12.0,10.0,3.0,19,3.0,3.0,1,2,6,0.0,,,0,0.0,0.0,0,0,0.0
8299,37,PhD,Soltero ,33996.0,0.0,0,11-09-2013,46,40.0,2,15.0,8.0,0.0,6,1.0,1.0,1,3,4,0.0,,,0,0.0,0.0,0,0,0.0
6437,41,2n Cycle,Soltero ,41473.0,1.0,0,19-06-2013,80,21.0,8,20.0,15.0,3.0,9,1.0,2.0,0,3,7,0.0,,,0,0.0,0.0,0,0,0.0
6912,59,PhD,Casado ,63246.0,0.0,2,20-08-2013,60,593.0,30,91.0,29.0,22.0,7,1.0,6.0,3,12,4,0.0,,,0,0.0,0.0,0,0,0.0
7327,67,PhD,Casado ,36732.0,1.0,1,29-12-2013,71,21.0,5,3.0,10.0,1.0,7,3.0,1.0,1,4,2,0.0,,,0,0.0,0.0,0,0,0.0
5299,56,PhD,Casado ,69084.0,0.0,0,19-11-2013,43,1181.0,107,199.0,39.0,30.0,30,0.0,7.0,3,13,8,0.0,,,0,0.0,0.0,0,0,0.0
4127,59,PhD,Casado ,77766.0,0.0,1,22-02-2013,97,1004.0,59,265.0,115.0,59.0,27,2.0,11.0,10,11,6,0.0,,,0,0.0,1.0,0,0,1.0
8143,41,PhD,Soltero ,37929.0,0.0,0,30-07-2013,49,202.0,2,46.0,3.0,2.0,10,2.0,4.0,2,5,7,0.0,,,1,0.0,0.0,1,0,1.0
1964,75,Graduation,En pareja ,86610.0,0.0,0,05-09-2013,66,446.0,107,768.0,33.0,196.0,53,1.0,5.0,6,6,2,0.0,,,0,0.0,0.0,0,0,0.0
3690,40,Master,Casado ,80141.0,0.0,0,11-01-2013,20,1184.0,102,673.0,52.0,40.0,40,1.0,7.0,4,10,6,0.0,,,0,0.0,0.0,0,1,1.0
3433,71,2n Cycle,Casado ,72635.0,0.0,0,03-06-2013,54,390.0,22,323.0,104.0,0.0,107,0.0,6.0,8,6,3,0.0,,,1,0.0,0.0,0,0,0.0
3389,56,Graduation,Casado ,69016.0,0.0,1,22-11-2012,61,726.0,53,363.0,123.0,107.0,161,4.0,8.0,9,13,5,0.0,,,0,0.0,0.0,0,0,0.0
4712,35,2n Cycle,En pareja ,20193.0,0.0,0,28-11-2012,18,8.0,8,22.0,24.0,11.0,9,1.0,1.0,1,4,4,0.0,,,0,0.0,0.0,0,0,0.0
1170,51,Graduation,Casado ,27573.0,0.0,0,25-03-2013,45,50.0,15,110.0,39.0,15.0,15,4.0,5.0,1,4,8,0.0,,,0,0.0,0.0,0,0,0.0
6347,47,Basic,Soltero ,15862.0,0.0,0,27-06-2013,26,1.0,1,4.0,11.0,9.0,10,1.0,1.0,0,3,8,0.0,,,0,0.0,0.0,0,0,0.0
4065,50,PhD,Casado ,49544.0,1.0,0,12-02-2013,0,308.0,0,73.0,0.0,0.0,23,2.0,5.0,1,8,7,0.0,,,0,0.0,0.0,0,0,0.0
8230,46,Graduation,Casado ,33228.0,1.0,0,23-01-2014,28,22.0,2,31.0,7.0,4.0,5,1.0,2.0,0,3,7,0.0,,,0,0.0,0.0,0,0,0.0
1215,48,Graduation,En pareja ,70440.0,0.0,0,08-10-2013,49,690.0,117,499.0,76.0,102.0,88,1.0,5.0,10,7,3,0.0,,,1,0.0,0.0,0,0,0.0
5939,55,Graduation,En pareja ,38232.0,1.0,1,17-01-2014,84,43.0,5,28.0,7.0,6.0,33,4.0,3.0,1,3,5,0.0,,,0,0.0,0.0,0,0,0.0
2156,71,PhD,Casado ,22554.0,1.0,1,03-11-2012,38,27.0,0,10.0,0.0,0.0,4,4.0,2.0,0,4,5,0.0,,,0,0.0,0.0,0,0,0.0
7788,43,PhD,Casado ,23536.0,0.0,0,04-06-2014,53,6.0,0,3.0,0.0,0.0,1,1.0,0.0,0,3,3,0.0,,,0,0.0,0.0,0,0,0.0
10323,74,Graduation,Casado ,49413.0,0.0,1,25-10-2013,88,205.0,7,41.0,3.0,2.0,46,2.0,4.0,2,5,5,0.0,,,0,0.0,0.0,0,0,0.0
7947,57,Graduation,Casado ,42231.0,1.0,1,25-03-2014,99,24.0,0,8.0,0.0,1.0,4,1.0,1.0,0,3,5,0.0,,,0,0.0,0.0,0,0,0.0
1891,46,Master,Divorciado ,78789.0,0.0,0,08-08-2012,12,667.0,50,850.0,21.0,83.0,83,1.0,4.0,6,5,2,0.0,,,0,0.0,0.0,0,0,1.0
2570,58,Graduation,En pareja ,56534.0,0.0,1,23-07-2013,35,691.0,7,61.0,10.0,0.0,46,4.0,10.0,4,7,8,0.0,,,0,1.0,0.0,1,0,1.0
9256,55,Graduation,Soltero ,58350.0,0.0,1,04-01-2013,5,493.0,26,206.0,116.0,80.0,80,4.0,8.0,3,12,6,0.0,,,0,0.0,0.0,0,0,0.0
295,37,Graduation,Soltero ,81217.0,0.0,0,19-07-2013,77,493.0,70,324.0,146.0,40.0,84,1.0,3.0,7,11,1,0.0,,,0,0.0,0.0,0,0,0.0
7397,75,Graduation,Soltero ,49090.0,0.0,1,19-07-2013,45,494.0,5,82.0,7.0,0.0,100,3.0,7.0,2,9,7,0.0,,,0,0.0,0.0,0,0,0.0
6349,39,Master,Divorciado ,61787.0,0.0,0,06-07-2013,71,621.0,73,414.0,78.0,48.0,85,0.0,8.0,4,6,5,0.0,,,0,0.0,0.0,0,0,0.0
10790,41,PhD,Casado ,18169.0,0.0,0,19-02-2013,40,9.0,0,5.0,0.0,0.0,7,1.0,1.0,0,2,8,0.0,,,0,0.0,0.0,0,0,0.0
10398,45,2n Cycle,Soltero ,24336.0,1.0,0,27-08-2012,82,1.0,6,2.0,8.0,2.0,12,1.0,1.0,0,2,7,0.0,,,0,0.0,0.0,0,0,0.0
2431,36,Graduation,Casado ,18222.0,0.0,0,31-12-2012,70,12.0,4,19.0,12.0,6.0,14,1.0,2.0,0,3,8,0.0,,,0,0.0,0.0,0,0,0.0
550,74,Graduation,Divorciado ,62335.0,0.0,1,23-05-2013,87,243.0,131,217.0,85.0,6.0,26,2.0,3.0,3,13,2,0.0,,,0,0.0,0.0,0,0,0.0
1890,55,2n Cycle,En pareja ,42033.0,1.0,1,19-09-2012,95,11.0,1,4.0,2.0,0.0,7,1.0,1.0,0,2,7,0.0,,,0,0.0,0.0,0,0,0.0
10742,43,PhD,Casado ,86580.0,0.0,0,27-02-2013,72,532.0,21,0.0,0.0,0.0,20,0.0,4.0,2,5,1,0.0,,,0,0.0,0.0,0,1,0.0
10356,69,PhD,Divorciado ,41437.0,1.0,1,22-09-2012,5,29.0,0,2.0,0.0,0.0,1,1.0,1.0,0,3,7,0.0,,,0,0.0,0.0,0,0,0.0
4676,75,Master,Viudo ,73705.0,0.0,2,05-03-2014,86,612.0,91,520.0,258.0,107.0,107,2.0,9.0,6,8,5,0.0,,,0,0.0,0.0,0,0,0.0
8852,50,Graduation,Casado ,61064.0,0.0,1,31-08-2012,80,387.0,126,342.0,0.0,45.0,180,5.0,8.0,4,11,6,0.0,,,0,0.0,0.0,0,0,0.0
3565,71,Master,Casado ,38452.0,0.0,1,30-03-2014,62,56.0,0,14.0,0.0,0.0,2,3.0,3.0,0,3,7,0.0,,,0,0.0,0.0,0,0,0.0
5294,37,Graduation,Soltero ,18358.0,1.0,0,20-11-2013,49,6.0,8,702.0,16.0,4.0,4,3.0,3.0,0,4,7,0.0,,,0,0.0,0.0,0,0,0.0
1958,53,PhD,En pareja ,55012.0,0.0,1,21-03-2014,85,582.0,0,65.0,0.0,0.0,13,0.0,8.0,2,9,5,0.0,,,0,0.0,0.0,0,0,0.0
7349,53,Basic,En pareja ,9722.0,1.0,0,02-10-2012,7,6.0,17,16.0,6.0,16.0,42,4.0,3.0,1,3,8,0.0,,,0,0.0,0.0,0,0,1.0
8799,42,PhD,Casado ,38175.0,1.0,0,23-09-2013,6,70.0,6,69.0,2.0,3.0,3,3.0,3.0,1,4,7,0.0,,,0,0.0,0.0,0,0,0.0
1351,70,Master,En pareja ,58656.0,0.0,1,20-09-2012,25,962.0,12,194.0,16.0,24.0,12,4.0,7.0,8,13,6,0.0,,,0,0.0,0.0,0,1,0.0
1045,61,Graduation,En pareja ,52117.0,0.0,1,16-08-2012,55,112.0,10,107.0,30.0,0.0,20,2.0,5.0,2,4,7,0.0,,,0,0.0,0.0,0,0,0.0
7732,48,Graduation,Casado ,64813.0,0.0,0,02-01-2014,81,293.0,0,124.0,179.0,97.0,52,1.0,7.0,2,10,5,0.0,,,0,0.0,0.0,0,0,0.0
8070,53,PhD,Casado ,54222.0,0.0,1,01-03-2014,98,199.0,12,31.0,3.0,12.0,7,1.0,3.0,3,5,3,0.0,,,0,0.0,0.0,0,0,0.0
477,40,Graduation,Casado ,83512.0,0.0,0,17-06-2014,31,1060.0,61,835.0,80.0,20.0,101,1.0,4.0,7,10,1,0.0,,,1,1.0,1.0,0,1,1.0
7832,67,Master,Casado ,77520.0,0.0,1,28-08-2013,30,940.0,44,0.0,0.0,0.0,58,0.0,8.0,7,7,4,0.0,,,1,0.0,0.0,0,1,1.0
2202,48,Graduation,En pareja ,41154.0,0.0,1,09-04-2013,98,44.0,2,11.0,2.0,3.0,7,1.0,1.0,0,4,5,0.0,,,0,0.0,0.0,0,0,0.0
7396,60,Graduation,Casado ,80398.0,0.0,0,10-11-2012,92,342.0,51,936.0,207.0,35.0,26,1.0,5.0,8,12,3,0.0,,,0,0.0,0.0,0,1,0.0
4055,34,Basic,Soltero ,18746.0,0.0,0,29-05-2014,41,2.0,10,11.0,12.0,9.0,20,2.0,3.0,0,3,6,0.0,,,0,0.0,0.0,0,0,0.0
10340,42,Graduation,En pareja ,35196.0,1.0,0,13-11-2012,68,75.0,12,141.0,43.0,39.0,187,6.0,6.0,1,5,8,0.0,,,0,0.0,0.0,0,0,0.0
10091,70,Graduation,Soltero ,60230.0,0.0,1,20-05-2013,78,520.0,20,367.0,39.0,81.0,40,2.0,6.0,3,6,5,0.0,,,0,0.0,0.0,0,0,0.0
7629,49,Graduation,Casado ,22108.0,0.0,1,08-05-2014,46,5.0,3,9.0,6.0,2.0,6,2.0,2.0,0,3,7,0.0,,,0,0.0,0.0,0,0,0.0
10640,52,Graduation,En pareja ,44392.0,1.0,1,05-09-2013,71,87.0,5,71.0,7.0,12.0,29,5.0,4.0,1,4,7,0.0,,,0,0.0,0.0,0,0,0.0
3498,50,PhD,Casado ,55424.0,0.0,1,25-11-2012,6,462.0,61,184.0,10.0,53.0,107,4.0,7.0,5,9,6,0.0,,,0,0.0,1.0,0,0,1.0
6742,47,Graduation,Casado ,17688.0,1.0,0,13-01-2013,82,2.0,2,1.0,3.0,1.0,2,1.0,1.0,0,2,8,1.0,,,0,0.0,0.0,0,0,0.0
1172,43,PhD,Casado ,92491.0,0.0,0,01-05-2013,71,979.0,44,935.0,29.0,25.0,22,1.0,7.0,5,12,3,0.0,,,1,0.0,0.0,1,1,1.0
569,35,Graduation,Soltero ,90273.0,0.0,0,14-12-2013,32,704.0,129,853.0,120.0,74.0,111,1.0,5.0,6,7,2,0.0,,,1,0.0,0.0,1,1,1.0
4686,64,PhD,Viudo ,82571.0,0.0,0,02-04-2014,28,861.0,31,558.0,62.0,95.0,79,0.0,6.0,5,13,2,0.0,,,0,0.0,0.0,0,1,0.0
1381,44,PhD,Soltero ,38513.0,0.0,0,28-01-2014,20,172.0,3,115.0,16.0,0.0,18,5.0,6.0,1,5,8,0.0,,,0,0.0,0.0,0,0,1.0
2634,47,Master,Soltero ,16653.0,0.0,0,18-04-2014,10,5.0,7,31.0,15.0,4.0,7,3.0,2.0,1,3,6,0.0,,,0,0.0,0.0,0,0,1.0
10905,71,Graduation,En pareja ,42586.0,0.0,1,29-10-2012,7,194.0,2,56.0,0.0,0.0,0,5.0,4.0,1,6,8,0.0,,,0,0.0,0.0,0,0,1.0
1744,61,Basic,Soltero ,23529.0,0.0,1,07-01-2013,67,9.0,7,13.0,3.0,2.0,20,0.0,1.0,1,2,6,0.0,,,0,0.0,0.0,0,0,0.0
1000,65,Master,En pareja ,74881.0,1.0,1,08-03-2013,48,505.0,72,270.0,36.0,27.0,54,4.0,9.0,2,12,5,0.0,,,0,0.0,0.0,0,0,0.0
3828,75,Graduation,Casado ,71107.0,0.0,1,17-02-2013,61,533.0,10,217.0,198.0,174.0,195,2.0,7.0,6,13,4,0.0,,,0,0.0,0.0,0,0,0.0
8605,62,PhD,En pareja ,46910.0,0.0,1,23-03-2014,36,48.0,0,14.0,0.0,0.0,6,2.0,2.0,0,3,6,0.0,,,0,0.0,0.0,0,0,0.0
10304,67,Graduation,Casado ,18690.0,0.0,0,28-12-2012,77,6.0,1,7.0,23.0,4.0,19,1.0,1.0,1,2,8,0.0,,,0,0.0,0.0,0,0,0.0
4351,71,Graduation,Divorciado ,37244.0,1.0,1,27-04-2013,90,18.0,2,10.0,0.0,0.0,25,1.0,1.0,1,2,7,0.0,,,0,0.0,1.0,0,0,0.0
10129,60,Graduation,En pareja ,82427.0,0.0,0,12-03-2014,35,482.0,147,509.0,104.0,107.0,107,1.0,3.0,5,12,1,0.0,,,0,0.0,0.0,0,1,0.0
2499,68,2n Cycle,Soltero ,75342.0,0.0,1,06-05-2013,38,204.0,97,97.0,21.0,118.0,26,1.0,5.0,2,10,4,0.0,,,0,0.0,0.0,0,0,0.0
10092,72,Graduation,Divorciado ,70044.0,0.0,1,18-02-2013,46,1073.0,0,250.0,153.0,14.0,14,4.0,7.0,10,5,5,0.0,,,0,0.0,0.0,0,0,0.0
7500,59,Graduation,Soltero ,79146.0,0.0,1,24-04-2014,33,245.0,16,223.0,21.0,43.0,16,2.0,8.0,1,8,6,0.0,,,0,0.0,0.0,0,0,0.0
5796,63,Graduation,Casado ,77437.0,0.0,0,26-11-2013,70,560.0,21,442.0,29.0,44.0,29,1.0,4.0,5,13,1,0.0,,,0,0.0,0.0,0,1,0.0
10556,67,Graduation,Casado ,54984.0,0.0,1,24-05-2014,51,173.0,13,131.0,32.0,3.0,6,4.0,6.0,1,6,7,0.0,,,1,0.0,0.0,0,0,0.0
1064,55,PhD,Casado ,42403.0,0.0,0,11-12-2013,18,22.0,1,11.0,0.0,5.0,3,1.0,1.0,0,3,8,0.0,,,0,0.0,0.0,0,0,0.0
48,62,Graduation,En pareja ,55761.0,0.0,1,24-04-2014,97,136.0,1,12.0,0.0,3.0,32,0.0,4.0,1,3,6,0.0,,,0,0.0,0.0,1,0,0.0
7610,43,Graduation,En pareja ,37292.0,0.0,0,18-04-2013,32,275.0,0,86.0,10.0,23.0,66,5.0,6.0,3,5,8,0.0,,,0,0.0,0.0,0,0,0.0
263,81,PhD,Soltero ,45576.0,0.0,0,28-05-2014,9,56.0,19,29.0,2.0,14.0,25,1.0,3.0,1,3,8,0.0,,,0,0.0,0.0,0,0,1.0
10814,79,Graduation,En pareja ,64383.0,0.0,0,16-01-2013,6,303.0,23,751.0,82.0,26.0,191,1.0,6.0,5,13,4,0.0,,,0,0.0,0.0,0,0,1.0
9710,57,PhD,Divorciado ,58086.0,0.0,1,20-01-2013,80,708.0,7,62.0,0.0,0.0,15,2.0,11.0,3,7,8,0.0,,,0,0.0,0.0,0,0,0.0
9292,74,Graduation,Casado ,81795.0,0.0,0,26-10-2012,74,324.0,132,693.0,27.0,118.0,88,1.0,4.0,11,7,2,0.0,,,0,0.0,0.0,0,0,0.0
10250,79,Basic,En pareja ,28389.0,0.0,0,20-11-2012,49,1.0,5,3.0,7.0,4.0,8,1.0,1.0,0,2,7,0.0,,,0,0.0,0.0,0,0,0.0
7881,80,Master,Casado ,66835.0,0.0,0,28-09-2013,21,620.0,26,195.0,34.0,17.0,141,1.0,6.0,4,13,2,0.0,,,0,0.0,0.0,0,0,0.0
5847,57,Graduation,Divorciado ,69901.0,0.0,1,29-05-2013,95,312.0,21,206.0,102.0,92.0,149,3.0,7.0,3,10,5,0.0,,,0,0.0,0.0,0,0,0.0
737,77,PhD,Casado ,80360.0,0.0,0,03-03-2013,56,1493.0,86,454.0,112.0,43.0,43,2.0,4.0,4,5,2,0.0,,,1,0.0,0.0,1,1,0.0
3571,65,PhD,En pareja ,63342.0,0.0,1,16-10-2012,48,918.0,21,118.0,13.0,10.0,21,3.0,8.0,3,5,6,0.0,,,0,0.0,0.0,1,0,1.0
7807,52,Graduation,Casado ,44989.0,0.0,1,12-09-2012,26,98.0,0,106.0,49.0,10.0,106,5.0,5.0,1,5,6,0.0,,,0,0.0,0.0,0,0,0.0
3878,46,2n Cycle,Soltero ,31859.0,0.0,0,27-02-2014,3,3.0,4,7.0,15.0,8.0,11,1.0,1.0,0,3,7,0.0,,,0,0.0,0.0,0,0,0.0
5092,77,PhD,Viudo ,51569.0,0.0,1,12-02-2013,39,380.0,0,47.0,6.0,0.0,34,4.0,7.0,1,7,8,0.0,,,0,0.0,0.0,1,0,1.0
2154,55,Graduation,Viudo ,30372.0,0.0,1,25-12-2012,33,15.0,0,12.0,7.0,3.0,7,0.0,2.0,0,3,7,0.0,,,0,0.0,0.0,0,0,0.0
5394,47,Basic,Soltero ,16014.0,1.0,1,17-03-2013,42,3.0,9,4.0,7.0,8.0,7,4.0,1.0,1,4,3,0.0,,,0,0.0,0.0,0,0,0.0
3798,58,Graduation,Casado ,41120.0,0.0,1,06-11-2013,80,24.0,2,23.0,0.0,8.0,24,3.0,2.0,1,3,6,0.0,,,0,0.0,0.0,0,0,0.0
3524,55,Master,Soltero ,39763.0,1.0,0,04-08-2013,9,80.0,1,60.0,4.0,6.0,16,2.0,5.0,1,2,9,0.0,,,0,0.0,0.0,0,0,1.0
5247,71,PhD,Casado ,38725.0,1.0,1,10-05-2014,52,31.0,0,6.0,2.0,1.0,5,2.0,1.0,0,4,4,0.0,,,0,0.0,0.0,0,0,0.0
5883,54,Graduation,Casado ,77981.0,1.0,0,26-05-2013,78,138.0,120,204.0,16.0,126.0,60,3.0,7.0,4,7,5,0.0,,,0,0.0,0.0,0,0,0.0
2118,62,2n Cycle,Casado ,62905.0,0.0,1,10-09-2013,68,166.0,75,96.0,119.0,107.0,59,3.0,7.0,2,8,4,0.0,,,0,0.0,0.0,0,0,0.0
8812,47,2n Cycle,Divorciado ,13533.0,0.0,0,10-03-2013,45,12.0,3,8.0,8.0,0.0,17,0.0,2.0,0,3,7,0.0,,,0,0.0,0.0,0,0,0.0
6616,51,Graduation,En pareja ,59481.0,0.0,1,23-10-2013,47,178.0,3,85.0,71.0,66.0,58,2.0,3.0,3,8,2,0.0,,,0,0.0,0.0,0,0,0.0
2797,49,Graduation,Casado ,72117.0,0.0,1,20-08-2013,34,707.0,20,171.0,65.0,60.0,50,1.0,9.0,7,9,5,0.0,,,0,0.0,0.0,0,0,0.0
4328,40,2n Cycle,Casado ,21955.0,1.0,0,07-09-2013,81,5.0,1,7.0,17.0,14.0,11,2.0,2.0,1,3,6,0.0,,,0,0.0,0.0,0,0,0.0
9167,70,Graduation,Casado ,67131.0,0.0,1,26-03-2013,72,465.0,71,250.0,93.0,35.0,62,3.0,9.0,2,12,6,0.0,,,0,0.0,0.0,0,0,0.0
10560,46,PhD,Soltero ,36802.0,0.0,0,16-06-2014,23,16.0,1,2.0,0.0,0.0,1,0.0,1.0,0,3,5,0.0,,,0,0.0,0.0,0,0,0.0
2631,44,Graduation,En pareja ,71853.0,0.0,0,08-05-2013,29,358.0,108,413.0,141.0,97.0,32,1.0,2.0,8,6,1,0.0,,,0,0.0,0.0,0,0,0.0
8312,65,Basic,Casado ,28249.0,0.0,0,15-06-2014,80,1.0,9,7.0,2.0,14.0,10,1.0,2.0,0,3,6,0.0,,,0,0.0,0.0,0,0,0.0
5534,51,Master,Casado ,47808.0,0.0,1,20-10-2013,30,123.0,1,26.0,2.0,0.0,72,2.0,3.0,2,3,7,0.0,,,0,0.0,1.0,0,0,0.0
5093,52,PhD,Divorciado ,25509.0,0.0,0,18-09-2012,15,40.0,3,0.0,0.0,0.0,11,0.0,3.0,0,3,9,0.0,,,0,0.0,0.0,0,0,1.0
7592,80,PhD,Casado ,51012.0,0.0,0,18-04-2013,86,102.0,9,63.0,2.0,9.0,24,1.0,4.0,1,4,6,0.0,,,0,0.0,0.0,0,0,0.0
8895,41,Graduation,Soltero ,70596.0,0.0,0,05-10-2012,68,347.0,44,534.0,17.0,0.0,26,0.0,3.0,5,12,2,0.0,,,0,0.0,0.0,0,0,0.0
8584,74,PhD,En pareja ,85431.0,0.0,0,08-06-2013,54,376.0,53,462.0,168.0,53.0,53,1.0,2.0,7,7,0,0.0,,,0,0.0,0.0,0,0,0.0
2694,59,Graduation,Casado ,42664.0,0.0,1,18-03-2014,44,21.0,0,3.0,0.0,0.0,0,1.0,1.0,0,3,6,0.0,,,0,0.0,0.0,0,0,0.0
8910,71,Graduation,En pareja ,42586.0,0.0,1,29-10-2012,7,194.0,2,56.0,0.0,0.0,0,5.0,4.0,1,6,8,0.0,,,0,0.0,0.0,0,0,1.0
7433,41,Graduation,Soltero ,29760.0,0.0,0,29-08-2012,87,64.0,4,68.0,7.0,5.0,17,4.0,3.0,1,4,8,0.0,,,0,0.0,0.0,0,0,0.0
164,49,PhD,Casado ,28973.0,0.0,0,13-10-2012,59,206.0,0,46.0,3.0,2.0,12,0.0,5.0,1,5,8,0.0,,,0,0.0,0.0,0,0,0.0
10477,53,PhD,En pareja ,39435.0,1.0,0,06-08-2013,16,71.0,0,18.0,0.0,0.0,13,1.0,3.0,1,2,7,0.0,,,0,0.0,0.0,0,0,0.0
2681,42,2n Cycle,Casado ,65370.0,0.0,0,01-08-2013,1,71.0,22,112.0,138.0,89.0,29,0.0,2.0,3,13,1,0.0,,,0,0.0,0.0,0,0,0.0
5150,47,Basic,Soltero ,20194.0,1.0,0,17-12-2012,64,0.0,4,7.0,11.0,10.0,15,2.0,2.0,0,3,6,0.0,,,0,0.0,0.0,0,0,0.0
5283,50,PhD,Soltero ,42473.0,1.0,1,17-02-2014,72,93.0,1,21.0,0.0,4.0,25,3.0,2.0,1,4,5,0.0,,,0,0.0,0.0,0,0,0.0
9645,58,Graduation,Casado ,64590.0,0.0,0,14-10-2012,98,920.0,138,168.0,36.0,46.0,30,1.0,9.0,4,10,6,0.0,,,0,0.0,0.0,0,0,0.0
10678,67,Graduation,En pareja ,71232.0,0.0,1,28-11-2013,91,653.0,17,170.0,34.0,26.0,17,0.0,11.0,2,10,7,0.0,,,0,0.0,0.0,0,0,0.0
7261,55,Graduation,En pareja ,34600.0,0.0,1,01-01-2013,8,199.0,33,60.0,8.0,3.0,15,0.0,5.0,2,5,8,0.0,,,0,0.0,0.0,0,0,1.0
9648,59,Graduation,Soltero ,46904.0,0.0,1,03-11-2012,20,153.0,4,56.0,0.0,9.0,31,4.0,5.0,1,4,8,0.0,,,0,0.0,0.0,0,0,0.0
2870,53,Graduation,Casado ,49094.0,0.0,1,21-09-2012,6,376.0,0,38.0,11.0,8.0,69,5.0,6.0,3,6,6,0.0,,,0,0.0,0.0,0,0,0.0
8008,43,Graduation,En pareja ,36075.0,1.0,0,09-12-2013,54,46.0,0,30.0,12.0,1.0,30,1.0,2.0,0,4,6,0.0,,,0,0.0,0.0,0,0,0.0
1513,47,2n Cycle,En pareja ,60839.0,0.0,1,28-08-2012,72,600.0,21,128.0,223.0,150.0,128,13.0,2.0,2,12,8,0.0,,,0,0.0,0.0,0,0,0.0
6173,47,Graduation,En pareja ,77298.0,0.0,1,02-11-2013,46,425.0,115,0.0,23.0,0.0,79,0.0,6.0,6,11,3,0.0,,,0,0.0,0.0,0,0,0.0
1419,76,Graduation,En pareja ,34026.0,0.0,1,05-08-2013,11,18.0,6,15.0,12.0,8.0,17,0.0,2.0,1,3,5,0.0,,,0,0.0,0.0,0,0,0.0
9150,63,PhD,Soltero ,48918.0,0.0,1,12-04-2014,21,52.0,0,9.0,0.0,0.0,1,2.0,1.0,0,4,4,0.0,,,0,0.0,0.0,0,0,0.0
7960,64,2n Cycle,En pareja ,82122.0,0.0,0,15-08-2013,89,734.0,22,350.0,151.0,25.0,100,1.0,3.0,9,13,1,0.0,,,0,0.0,0.0,0,1,0.0
1250,50,Graduation,Soltero ,37697.0,1.0,0,07-02-2014,82,34.0,6,21.0,11.0,4.0,8,1.0,2.0,1,3,6,0.0,,,0,0.0,0.0,0,0,0.0
9905,74,Graduation,En pareja ,34074.0,1.0,1,13-07-2013,69,135.0,1,41.0,10.0,1.0,67,5.0,3.0,3,3,6,0.0,,,0,0.0,1.0,0,0,0.0
10691,66,Master,Casado ,28520.0,0.0,1,14-06-2013,55,11.0,0,10.0,0.0,2.0,20,0.0,1.0,1,2,6,0.0,,,0,0.0,0.0,0,0,0.0
7002,71,Graduation,Soltero ,62535.0,0.0,1,03-10-2013,13,163.0,48,90.0,0.0,45.0,52,1.0,3.0,2,8,3,0.0,,,0,0.0,0.0,0,0,0.0
2952,49,Master,Soltero ,36273.0,0.0,0,16-04-2014,80,29.0,3,30.0,3.0,2.0,9,0.0,3.0,0,3,6,0.0,,,0,0.0,0.0,0,0,0.0
8439,62,Graduation,En pareja ,63404.0,0.0,2,06-06-2014,97,734.0,26,70.0,11.0,44.0,17,0.0,6.0,3,4,4,0.0,,,1,0.0,0.0,0,0,0.0
762,45,2n Cycle,En pareja ,75774.0,1.0,0,02-05-2014,27,340.0,21,134.0,258.0,14.0,56,1.0,7.0,5,8,4,0.0,,,0,0.0,0.0,0,0,0.0
2831,50,Graduation,En pareja ,78416.0,0.0,1,27-06-2014,99,453.0,38,279.0,188.0,38.0,183,2.0,7.0,7,10,3,0.0,,,0,0.0,0.0,0,0,0.0
6977,52,Graduation,En pareja ,75702.0,0.0,1,14-10-2012,87,1073.0,0,629.0,145.0,37.0,37,1.0,10.0,5,13,6,0.0,,,0,0.0,0.0,0,1,0.0
6289,75,Master,En pareja ,59385.0,1.0,1,28-04-2013,85,135.0,0,10.0,0.0,4.0,36,2.0,3.0,1,4,5,0.0,,,0,0.0,0.0,0,0,0.0
4168,60,Graduation,Soltero ,37070.0,1.0,1,20-03-2013,30,231.0,7,137.0,4.0,15.0,39,9.0,5.0,1,8,7,0.0,,,0,0.0,0.0,0,0,1.0
8397,75,Graduation,Casado ,44689.0,0.0,1,10-01-2014,82,18.0,0,5.0,0.0,0.0,11,2.0,1.0,1,2,7,0.0,,,0,0.0,1.0,0,0,0.0
9284,68,Graduation,En pareja ,53977.0,0.0,1,08-06-2013,21,620.0,16,0.0,0.0,0.0,82,0.0,5.0,5,12,5,0.0,,,0,0.0,0.0,0,0,0.0
6237,60,PhD,Soltero ,7144.0,0.0,2,07-12-2013,92,81.0,4,33.0,5.0,2.0,291,0.0,23.0,1,1,0,0.0,,,0,0.0,0.0,0,0,0.0
3130,62,Graduation,Soltero ,18701.0,0.0,1,04-06-2013,95,12.0,4,0.0,10.0,0.0,10,0.0,2.0,0,4,5,0.0,,,0,0.0,0.0,0,0,0.0
1619,70,Graduation,Casado ,90369.0,0.0,0,28-04-2014,2,292.0,51,0.0,224.0,0.0,17,0.0,4.0,6,6,1,0.0,,,0,0.0,0.0,0,0,1.0
1990,52,PhD,Soltero ,63159.0,0.0,0,05-11-2012,74,965.0,34,586.0,89.0,86.0,37,1.0,3.0,5,8,3,0.0,,,0,0.0,1.0,0,0,0.0
5513,60,Graduation,En pareja ,37758.0,1.0,1,04-10-2012,49,27.0,2,10.0,0.0,0.0,1,2.0,1.0,0,3,8,0.0,,,0,0.0,0.0,0,0,0.0
269,63,PhD,Soltero ,46757.0,0.0,1,16-11-2012,71,777.0,30,163.0,0.0,51.0,122,6.0,4.0,4,7,9,0.0,,,0,0.0,0.0,0,0,0.0
8093,57,Master,Casado ,79734.0,0.0,0,28-06-2014,72,572.0,8,232.0,23.0,62.0,17,1.0,4.0,3,6,1,0.0,,,1,0.0,0.0,0,0,0.0
10513,34,Graduation,En pareja ,63207.0,0.0,0,20-01-2013,68,438.0,169,565.0,91.0,169.0,70,1.0,2.0,3,6,7,0.0,,,1,0.0,0.0,0,0,0.0
10177,72,Graduation,Divorciado ,72071.0,0.0,1,14-02-2013,4,531.0,69,300.0,150.0,138.0,150,3.0,5.0,4,8,2,0.0,,,0,0.0,0.0,0,0,0.0
2549,43,PhD,En pareja ,21840.0,1.0,0,21-07-2013,80,17.0,0,9.0,0.0,0.0,1,1.0,1.0,0,3,9,0.0,,,0,0.0,0.0,0,0,0.0
5782,44,2n Cycle,En pareja ,58582.0,0.0,1,28-09-2013,15,402.0,35,106.0,101.0,77.0,42,2.0,9.0,2,9,5,0.0,,,0,0.0,0.0,1,0,0.0
10057,75,Graduation,Soltero ,72282.0,0.0,0,19-07-2013,70,503.0,27,419.0,90.0,139.0,153,1.0,5.0,7,9,7,0.0,,,0,0.0,0.0,0,0,1.0
10307,70,Graduation,Casado ,50387.0,0.0,2,31-08-2013,91,369.0,9,87.0,12.0,14.0,34,0.0,6.0,2,8,5,0.0,,,0,0.0,0.0,0,0,0.0
8566,65,PhD,En pareja ,32583.0,1.0,1,15-06-2014,10,5.0,0,3.0,0.0,0.0,1,1.0,1.0,0,2,7,0.0,,,0,0.0,0.0,0,0,0.0
2415,64,Graduation,En pareja ,62568.0,0.0,1,07-04-2014,99,362.0,17,398.0,80.0,35.0,61,0.0,5.0,3,5,4,0.0,,,1,0.0,0.0,0,0,0.0
5684,55,Master,Divorciado ,44635.0,1.0,1,11-10-2013,25,56.0,0,9.0,0.0,0.0,3,2.0,2.0,0,3,7,0.0,,,0,0.0,0.0,0,0,0.0
8334,55,Master,Soltero ,33316.0,0.0,1,04-10-2013,34,79.0,1,31.0,4.0,4.0,12,0.0,2.0,1,4,6,0.0,,,0,0.0,0.0,0,0,0.0
9166,58,Graduation,Casado ,63967.0,0.0,1,09-08-2013,57,387.0,84,141.0,73.0,35.0,162,3.0,4.0,4,12,2,0.0,,,0,0.0,0.0,0,0,0.0
1440,48,2n Cycle,En pareja ,52513.0,0.0,0,04-09-2012,84,367.0,17,241.0,104.0,188.0,232,0.0,9.0,5,9,7,0.0,,,0,0.0,0.0,0,0,0.0
78,57,Graduation,Casado ,25293.0,1.0,0,15-09-2013,51,15.0,0,11.0,0.0,2.0,9,1.0,1.0,1,2,8,0.0,,,0,0.0,0.0,0,0,0.0
5441,61,PhD,Viudo ,54111.0,0.0,1,25-08-2013,97,267.0,6,54.0,8.0,3.0,50,2.0,5.0,2,6,5,0.0,,,0,0.0,0.0,0,0,0.0
5302,40,Graduation,En pareja ,78394.0,0.0,0,15-02-2013,13,298.0,27,697.0,216.0,24.0,166,1.0,4.0,6,5,2,0.0,,,0,0.0,0.0,0,0,1.0
4687,68,Master,Casado ,80739.0,0.0,0,23-05-2013,92,674.0,92,736.0,39.0,0.0,92,1.0,3.0,11,9,1,0.0,,,0,0.0,0.0,0,0,0.0
1087,51,Master,En pareja ,22669.0,1.0,0,22-05-2013,30,16.0,14,36.0,37.0,22.0,48,3.0,4.0,1,2,9,0.0,,,0,0.0,0.0,0,0,1.0
6859,39,Graduation,Soltero ,29236.0,0.0,0,08-10-2013,30,37.0,4,24.0,16.0,9.0,9,2.0,4.0,0,3,9,0.0,,,0,0.0,0.0,0,0,0.0
9860,67,Graduation,En pareja ,44911.0,0.0,1,15-03-2013,11,159.0,0,22.0,2.0,1.0,31,3.0,4.0,1,4,7,0.0,,,0,0.0,0.0,0,0,0.0
7129,64,PhD,Casado ,54693.0,0.0,1,17-02-2013,72,686.0,17,142.0,23.0,26.0,35,8.0,6.0,4,13,6,0.0,,,0,0.0,0.0,0,0,0.0
5866,52,Graduation,En pareja ,48186.0,1.0,0,20-03-2014,39,97.0,3,66.0,12.0,7.0,34,3.0,4.0,1,4,7,0.0,,,0,0.0,0.0,0,0,0.0
10521,49,Graduation,Casado ,54809.0,1.0,1,11-09-2013,0,63.0,6,57.0,13.0,13.0,22,4.0,2.0,1,5,4,0.0,,,0,0.0,0.0,0,0,1.0
7393,48,Graduation,En pareja ,41580.0,1.0,1,10-12-2012,15,56.0,5,24.0,4.0,0.0,3,3.0,2.0,1,3,5,0.0,,,0,0.0,0.0,0,0,0.0
7849,56,PhD,Casado ,80336.0,0.0,0,09-09-2013,12,209.0,19,456.0,160.0,142.0,66,1.0,2.0,9,13,1,0.0,,,0,0.0,0.0,0,0,0.0
332,69,Graduation,Casado ,47743.0,0.0,1,22-03-2013,56,198.0,2,43.0,0.0,12.0,20,3.0,4.0,1,6,6,0.0,,,0,0.0,0.0,1,0,0.0
9847,71,2n Cycle,Casado ,62972.0,0.0,1,03-08-2012,39,313.0,15,47.0,20.0,0.0,192,2.0,7.0,4,3,6,0.0,,,0,0.0,0.0,0,0,0.0
531,72,PhD,Divorciado ,57333.0,0.0,1,22-09-2012,55,941.0,14,397.0,76.0,58.0,176,11.0,8.0,5,9,6,0.0,,,0,0.0,0.0,0,0,1.0
9576,44,PhD,En pareja ,32313.0,1.0,0,11-02-2013,60,86.0,4,56.0,2.0,4.0,7,3.0,4.0,0,4,9,0.0,,,0,0.0,0.0,0,0,0.0
6906,73,Master,Viudo ,84953.0,0.0,0,03-06-2013,73,167.0,48,602.0,63.0,72.0,72,1.0,3.0,10,4,2,0.0,,,1,0.0,0.0,1,1,1.0
7419,58,Master,Divorciado ,27071.0,0.0,0,23-04-2014,90,8.0,3,19.0,0.0,2.0,3,2.0,2.0,0,3,6,0.0,,,0,0.0,0.0,0,0,0.0
3170,69,Master,En pareja ,68148.0,0.0,0,31-08-2013,86,389.0,66,408.0,37.0,57.0,85,1.0,4.0,4,6,2,0.0,,,0,0.0,0.0,0,0,0.0
8527,61,Master,En pareja ,65735.0,1.0,1,07-12-2013,37,239.0,7,119.0,4.0,15.0,11,5.0,6.0,2,6,7,0.0,,,0,0.0,0.0,0,0,0.0
7872,51,PhD,Casado ,86836.0,0.0,0,12-09-2012,7,179.0,21,273.0,0.0,21.0,63,1.0,6.0,10,6,5,0.0,,,1,0.0,1.0,0,1,1.0
9931,63,PhD,Casado ,4023.0,0.0,1,23-06-2014,29,5.0,0,1.0,1.0,1.0,1,15.0,0.0,0,0,19,0.0,,,0,0.0,0.0,0,0,0.0
10595,36,Graduation,Casado ,30093.0,0.0,0,08-07-2013,19,2.0,6,28.0,13.0,4.0,16,1.0,2.0,0,3,7,0.0,,,0,0.0,0.0,0,0,0.0
4609,60,PhD,Casado ,57705.0,0.0,1,11-01-2014,14,383.0,0,53.0,6.0,4.0,40,3.0,8.0,1,6,6,0.0,,,0,0.0,0.0,0,0,0.0
5010,38,Graduation,Soltero ,25008.0,1.0,0,02-02-2014,72,2.0,8,8.0,6.0,1.0,9,2.0,1.0,0,3,8,0.0,,,0,0.0,0.0,0,0,0.0
4427,31,2n Cycle,Soltero ,83257.0,0.0,0,18-09-2012,56,536.0,27,590.0,38.0,107.0,67,1.0,5.0,10,12,6,1.0,,,0,0.0,1.0,0,1,1.0
11148,51,Graduation,En pareja ,22280.0,0.0,0,19-05-2013,85,2.0,1,4.0,3.0,1.0,2,1.0,1.0,0,2,8,0.0,,,0,0.0,0.0,0,0,0.0
1168,48,PhD,Casado ,72159.0,0.0,0,29-10-2012,62,322.0,53,899.0,34.0,40.0,53,1.0,4.0,6,10,2,0.0,,,0,0.0,0.0,0,0,0.0
9595,65,Graduation,En pareja ,64260.0,0.0,0,11-01-2013,1,539.0,169,816.0,20.0,0.0,30,1.0,4.0,5,4,3,0.0,,,0,0.0,0.0,0,0,1.0
10163,42,PhD,Soltero ,82733.0,0.0,0,10-09-2013,28,712.0,50,420.0,65.0,38.0,38,0.0,8.0,4,7,4,0.0,,,0,0.0,0.0,0,0,1.0
2886,55,Master,Divorciado ,74290.0,0.0,1,12-08-2013,70,1121.0,0,72.0,0.0,12.0,12,4.0,10.0,8,10,6,0.0,,,1,0.0,0.0,1,0,0.0
6710,75,Master,Soltero ,58217.0,0.0,1,17-11-2012,84,68.0,1,13.0,3.0,5.0,13,1.0,2.0,0,4,6,0.0,,,0,0.0,0.0,0,0,0.0
5316,50,Master,En pareja ,21024.0,0.0,0,04-07-2013,89,36.0,4,18.0,6.0,2.0,18,1.0,2.0,0,4,7,0.0,,,0,0.0,0.0,0,0,0.0
9029,54,PhD,Casado ,70116.0,0.0,0,26-01-2013,73,707.0,44,603.0,95.0,58.0,29,1.0,2.0,8,12,1,0.0,,,0,0.0,0.0,0,0,0.0
521,41,Graduation,En pareja ,54006.0,1.0,0,18-09-2012,42,174.0,77,203.0,6.0,24.0,97,2.0,8.0,1,7,7,0.0,,,0,0.0,0.0,0,0,0.0
1459,60,PhD,Casado ,69063.0,0.0,1,07-11-2012,16,666.0,35,124.0,69.0,8.0,26,1.0,5.0,3,5,3,0.0,,,0,0.0,0.0,0,0,0.0
10241,51,2n Cycle,Divorciado ,11448.0,0.0,0,15-12-2013,16,0.0,0,0.0,6.0,2.0,6,1.0,1.0,0,2,6,0.0,,,0,0.0,0.0,0,0,0.0
1630,47,Graduation,Soltero ,61825.0,0.0,1,07-08-2013,56,162.0,50,100.0,55.0,30.0,27,1.0,4.0,2,8,4,0.0,,,0,0.0,0.0,0,0,0.0
3254,55,Graduation,Casado ,70886.0,1.0,0,14-10-2013,65,407.0,70,239.0,103.0,88.0,53,1.0,5.0,4,4,2,0.0,,,0,0.0,0.0,0,0,0.0
9064,44,Graduation,Casado ,69109.0,0.0,0,09-11-2012,10,823.0,25,459.0,124.0,29.0,95,1.0,6.0,6,7,4,0.0,,,0,0.0,0.0,0,1,1.0
3678,53,Graduation,Viudo ,60208.0,0.0,1,07-10-2012,13,488.0,23,71.0,15.0,0.0,59,11.0,8.0,3,7,7,0.0,,,0,0.0,0.0,1,0,1.0
4227,58,Master,En pareja ,32889.0,0.0,1,06-09-2013,78,28.0,0,13.0,4.0,2.0,8,0.0,2.0,1,3,5,0.0,,,0,0.0,0.0,0,0,0.0
9467,42,Graduation,Soltero ,34738.0,1.0,0,11-05-2014,51,3.0,2,10.0,3.0,0.0,2,1.0,1.0,0,3,6,0.0,,,0,0.0,0.0,0,0,0.0
8486,55,Master,En pareja ,30538.0,0.0,0,01-10-2012,27,284.0,0,52.0,8.0,3.0,20,4.0,9.0,0,4,10,0.0,,,0,0.0,0.0,0,0,0.0
2186,49,2n Cycle,En pareja ,82326.0,0.0,0,10-03-2014,30,938.0,142,754.0,159.0,81.0,183,1.0,5.0,10,6,2,0.0,,,1,0.0,0.0,1,1,1.0
3286,59,PhD,Divorciado ,26642.0,1.0,0,01-03-2014,71,13.0,2,15.0,2.0,2.0,8,2.0,2.0,0,3,6,0.0,,,0,0.0,0.0,0,0,0.0
8602,62,Graduation,Divorciado ,69932.0,0.0,1,12-06-2013,97,412.0,172,153.0,150.0,105.0,57,2.0,7.0,6,11,4,0.0,,,0,0.0,0.0,0,0,0.0
3722,54,Graduation,Soltero ,44503.0,1.0,1,16-04-2014,83,31.0,1,8.0,0.0,0.0,8,2.0,2.0,0,3,6,0.0,,,0,0.0,0.0,0,0,0.0
6715,78,PhD,Soltero ,60200.0,0.0,1,02-01-2013,3,502.0,19,132.0,0.0,6.0,26,0.0,6.0,2,11,6,0.0,,,0,0.0,0.0,0,0,0.0
4796,74,Graduation,Divorciado ,49638.0,0.0,1,19-04-2014,71,18.0,10,3.0,3.0,5.0,0,1.0,1.0,0,3,2,0.0,,,0,0.0,0.0,0,0,0.0
9612,39,2n Cycle,Soltero ,23830.0,0.0,0,07-02-2014,3,1.0,8,6.0,4.0,8.0,16,1.0,1.0,0,3,7,0.0,,,0,0.0,0.0,0,0,0.0
3766,67,Master,Viudo ,33051.0,0.0,0,16-08-2012,15,100.0,71,243.0,108.0,94.0,219,3.0,9.0,1,8,9,0.0,,,0,0.0,0.0,0,0,1.0
1399,68,Graduation,Casado ,72905.0,0.0,0,21-01-2014,52,407.0,114,445.0,181.0,165.0,203,1.0,3.0,7,9,1,0.0,,,1,0.0,0.0,0,0,0.0
1570,75,PhD,En pareja ,69702.0,0.0,1,19-02-2013,8,664.0,9,240.0,50.0,19.0,57,2.0,7.0,7,10,4,0.0,,,0,0.0,0.0,0,0,0.0
3426,51,Graduation,Divorciado ,70300.0,0.0,0,15-07-2013,89,1045.0,61,338.0,60.0,46.0,46,0.0,5.0,5,13,8,0.0,,,0,0.0,0.0,0,0,0.0
3074,42,PhD,Casado ,70643.0,0.0,0,15-10-2012,66,1218.0,107,304.0,23.0,143.0,33,1.0,5.0,8,4,6,0.0,,,0,0.0,0.0,0,0,1.0
8341,57,PhD,Casado ,30396.0,1.0,0,30-04-2014,22,15.0,0,6.0,0.0,1.0,12,2.0,1.0,1,2,7,0.0,,,0,0.0,1.0,0,0,1.0
5180,58,PhD,Divorciado ,50616.0,0.0,1,18-04-2014,56,128.0,0,16.0,0.0,1.0,4,2.0,4.0,0,4,7,0.0,,,0,0.0,0.0,0,0,0.0
6461,57,Master,Soltero ,62772.0,0.0,1,19-05-2013,74,581.0,49,157.0,43.0,8.0,108,1.0,5.0,6,11,2,0.0,,,0,0.0,0.0,1,0,0.0
7679,41,PhD,Soltero ,30298.0,0.0,0,19-05-2014,48,6.0,3,12.0,6.0,1.0,0,1.0,1.0,1,3,3,0.0,,,0,0.0,0.0,0,0,0.0
10702,42,Graduation,Soltero ,52413.0,0.0,0,03-11-2012,67,185.0,8,133.0,56.0,56.0,12,0.0,7.0,1,7,7,0.0,,,0,0.0,0.0,0,0,0.0
7505,69,PhD,Casado ,44155.0,0.0,1,19-01-2014,24,22.0,1,9.0,0.0,0.0,14,1.0,1.0,1,2,4,0.0,,,0,0.0,0.0,0,0,0.0
5113,55,PhD,Divorciado ,86979.0,0.0,0,07-11-2013,67,584.0,100,835.0,65.0,83.0,35,0.0,5.0,5,5,2,0.0,,,0,0.0,0.0,0,0,1.0
10858,51,Graduation,En pareja ,76532.0,0.0,1,09-09-2013,38,355.0,30,177.0,90.0,138.0,30,4.0,9.0,5,7,5,0.0,,,0,0.0,0.0,0,0,0.0
2961,44,Graduation,Casado ,42081.0,1.0,0,26-02-2013,86,175.0,10,110.0,54.0,6.0,27,2.0,6.0,3,4,6,0.0,,,0,0.0,1.0,0,0,0.0
2747,38,PhD,Casado ,67546.0,0.0,0,31-08-2012,90,864.0,134,768.0,150.0,38.0,172,1.0,4.0,10,5,3,0.0,,,0,0.0,0.0,0,0,0.0
3010,37,Master,En pareja ,88420.0,0.0,0,02-05-2014,87,957.0,153,612.0,99.0,95.0,153,1.0,4.0,7,8,1,0.0,,,1,0.0,1.0,0,1,0.0
5790,41,Graduation,Casado ,31158.0,1.0,0,27-01-2013,62,25.0,6,16.0,20.0,0.0,5,2.0,2.0,0,3,8,0.0,,,0,0.0,0.0,0,0,0.0
6892,58,Graduation,Divorciado ,61671.0,0.0,1,03-06-2014,23,641.0,7,56.0,0.0,0.0,28,0.0,10.0,4,6,8,0.0,,,1,0.0,0.0,1,0,0.0
1743,52,Graduation,Soltero ,69719.0,0.0,0,26-05-2014,99,273.0,86,208.0,177.0,14.0,43,0.0,2.0,3,5,1,0.0,,,0,0.0,0.0,0,0,0.0
3578,77,Graduation,Divorciado ,49160.0,0.0,1,20-10-2013,29,122.0,21,43.0,25.0,10.0,15,2.0,3.0,1,6,6,0.0,,,0,0.0,0.0,0,0,0.0
8462,48,Basic,En pareja ,24882.0,1.0,0,09-09-2012,52,1.0,4,10.0,29.0,0.0,36,1.0,1.0,1,2,6,0.0,,,0,0.0,1.0,0,0,0.0
5558,72,PhD,Soltero ,90933.0,0.0,0,31-03-2014,90,1020.0,31,430.0,62.0,63.0,79,1.0,4.0,6,4,1,0.0,,,0,0.0,0.0,0,1,0.0
4619,81,PhD,Soltero ,113734.0,0.0,0,28-05-2014,9,6.0,2,3.0,1.0,262.0,3,0.0,27.0,0,0,1,0.0,,,0,0.0,0.0,0,0,0.0
8780,76,PhD,En pareja ,59292.0,0.0,1,13-06-2013,71,378.0,14,68.0,19.0,14.0,14,2.0,3.0,5,8,3,0.0,,,0,0.0,0.0,0,0,0.0
10789,62,PhD,Casado ,45759.0,0.0,1,23-02-2013,13,42.0,1,18.0,3.0,0.0,4,2.0,2.0,0,3,7,0.0,,,0,0.0,0.0,0,0,0.0
10779,43,Graduation,Soltero ,22148.0,0.0,0,13-04-2014,16,15.0,5,0.0,0.0,0.0,11,0.0,1.0,0,3,7,0.0,,,0,0.0,0.0,0,0,0.0
5896,39,Master,Casado ,73395.0,0.0,0,18-03-2014,94,272.0,7,80.0,20.0,7.0,11,0.0,4.0,4,6,2,0.0,,,0,0.0,0.0,0,0,0.0
2337,55,Graduation,Divorciado ,29819.0,0.0,0,24-10-2013,77,9.0,1,24.0,2.0,1.0,2,3.0,3.0,0,3,6,0.0,,,0,0.0,0.0,0,0,0.0
10951,58,Graduation,Casado ,45688.0,0.0,1,25-01-2014,20,279.0,0,18.0,0.0,0.0,9,2.0,3.0,1,8,4,0.0,,,0,0.0,0.0,1,0,0.0
544,72,Graduation,Casado ,62820.0,0.0,0,11-05-2013,51,398.0,61,265.0,138.0,61.0,53,1.0,3.0,4,6,1,0.0,,,0,0.0,0.0,0,0,0.0
17,55,PhD,Casado ,60491.0,0.0,1,06-09-2013,81,637.0,47,237.0,12.0,19.0,76,4.0,6.0,11,7,5,0.0,,,0,0.0,0.0,0,0,0.0
10680,40,Graduation,En pareja ,33235.0,0.0,0,05-02-2014,71,45.0,0,16.0,2.0,1.0,6,0.0,3.0,0,3,7,0.0,,,0,0.0,0.0,0,0,0.0
3265,67,Graduation,Casado ,35701.0,0.0,0,19-03-2013,36,21.0,1,9.0,7.0,3.0,5,1.0,1.0,0,3,6,0.0,,,0,0.0,0.0,0,0,0.0
5623,46,Master,Casado ,31535.0,0.0,0,26-09-2013,95,15.0,4,13.0,0.0,0.0,19,1.0,1.0,1,2,7,0.0,,,0,0.0,1.0,0,0,0.0
5832,66,2n Cycle,En pareja ,92556.0,0.0,0,20-04-2014,32,493.0,183,352.0,184.0,23.0,28,0.0,3.0,5,13,0,0.0,,,0,0.0,0.0,0,0,0.0
5544,56,Graduation,Soltero ,67384.0,0.0,1,10-11-2012,32,957.0,40,175.0,158.0,53.0,107,2.0,7.0,8,5,5,0.0,,,0,0.0,0.0,1,0,0.0
6417,55,Master,En pareja ,80573.0,0.0,0,14-10-2012,85,829.0,138,430.0,60.0,92.0,15,1.0,4.0,6,13,2,0.0,,,0,0.0,0.0,0,0,0.0
5831,59,Graduation,Casado ,77870.0,0.0,1,22-08-2012,93,1017.0,50,0.0,0.0,0.0,133,0.0,5.0,5,5,8,0.0,,,1,0.0,0.0,1,0,0.0
7101,63,PhD,Viudo ,52278.0,0.0,1,25-01-2013,24,953.0,0,71.0,0.0,0.0,174,6.0,10.0,5,10,8,0.0,,,0,0.0,0.0,0,0,0.0
10176,58,Graduation,Soltero ,57107.0,0.0,1,24-08-2012,44,159.0,0,120.0,0.0,0.0,137,7.0,4.0,4,8,8,0.0,,,0,1.0,0.0,1,0,1.0
2326,36,Graduation,Casado ,18929.0,0.0,0,16-02-2013,15,32.0,0,8.0,23.0,4.0,18,1.0,1.0,0,4,6,0.0,,,0,0.0,0.0,0,0,0.0
4385,45,PhD,Soltero ,36038.0,0.0,0,31-05-2013,82,23.0,0,15.0,0.0,2.0,7,2.0,3.0,0,3,6,0.0,,,0,0.0,0.0,0,0,0.0
2929,50,Graduation,Soltero ,20180.0,0.0,0,20-02-2013,27,18.0,42,24.0,15.0,20.0,18,1.0,2.0,1,4,7,0.0,,,0,0.0,0.0,0,0,0.0
10686,61,PhD,En pareja ,34230.0,1.0,1,26-12-2012,72,15.0,0,4.0,0.0,0.0,2,1.0,1.0,0,2,7,0.0,,,0,0.0,0.0,0,0,0.0
2546,49,2n Cycle,Soltero ,31878.0,0.0,1,22-06-2014,7,23.0,4,5.0,10.0,5.0,23,1.0,1.0,0,4,3,0.0,,,0,0.0,0.0,0,0,0.0
3283,54,2n Cycle,Casado ,70932.0,0.0,1,19-01-2014,57,200.0,193,100.0,46.0,185.0,185,2.0,6.0,2,12,3,0.0,,,0,0.0,0.0,0,0,0.0
3138,70,Graduation,Soltero ,91249.0,0.0,0,20-10-2012,84,1324.0,27,119.0,71.0,108.0,27,0.0,7.0,9,6,4,0.0,,,1,0.0,0.0,1,1,1.0
4994,83,Master,Soltero ,77598.0,0.0,0,01-10-2013,53,1193.0,33,281.0,129.0,66.0,33,1.0,7.0,5,13,3,0.0,,,0,0.0,0.0,0,1,0.0
7966,67,Graduation,Soltero ,80982.0,0.0,1,08-01-2013,48,505.0,137,401.0,104.0,22.0,22,3.0,11.0,5,11,5,0.0,,,0,0.0,0.0,0,0,0.0
3112,49,Master,Casado ,22701.0,0.0,0,05-09-2013,2,2.0,4,9.0,0.0,4.0,5,1.0,1.0,0,3,5,0.0,,,0,0.0,0.0,0,0,0.0
10872,57,PhD,Casado ,55212.0,0.0,1,23-11-2012,65,1103.0,0,45.0,0.0,0.0,34,3.0,4.0,2,11,8,0.0,,,0,1.0,0.0,1,0,0.0
2181,56,Graduation,Casado ,70617.0,0.0,0,23-06-2013,45,353.0,61,753.0,40.0,46.0,27,1.0,3.0,3,7,2,0.0,,,0,0.0,0.0,0,0,0.0
1867,69,Graduation,Soltero ,64849.0,0.0,0,13-11-2012,42,652.0,48,350.0,94.0,84.0,108,1.0,9.0,3,6,5,0.0,,,0,0.0,0.0,0,0,1.0
1518,61,Master,Casado ,62694.0,0.0,1,17-06-2013,29,379.0,6,157.0,25.0,91.0,91,0.0,9.0,3,7,7,0.0,,,0,0.0,0.0,0,0,0.0
5734,52,PhD,Casado ,61917.0,1.0,1,20-11-2013,83,46.0,4,36.0,2.0,2.0,1,1.0,2.0,0,4,5,0.0,,,0,0.0,0.0,0,0,0.0
2878,79,PhD,Casado ,67472.0,0.0,1,28-09-2013,93,162.0,31,127.0,8.0,17.0,69,2.0,4.0,2,7,3,0.0,,,0,0.0,0.0,0,0,0.0
1458,44,Master,Casado ,21059.0,1.0,0,07-01-2014,40,8.0,3,19.0,3.0,3.0,8,3.0,3.0,0,3,6,0.0,,,0,0.0,0.0,0,0,0.0
7007,58,Master,Casado ,29543.0,0.0,0,01-04-2014,47,17.0,3,18.0,3.0,4.0,18,2.0,3.0,1,2,7,0.0,,,0,0.0,0.0,0,0,0.0
6200,75,Graduation,Casado ,75903.0,0.0,1,08-04-2013,50,340.0,108,185.0,130.0,38.0,100,2.0,6.0,6,9,3,0.0,,,0,0.0,0.0,0,0,0.0
1403,51,2n Cycle,En pareja ,34984.0,0.0,1,06-09-2012,40,8.0,4,15.0,3.0,5.0,3,0.0,1.0,0,3,7,0.0,,,0,0.0,0.0,0,0,0.0
4827,70,PhD,Soltero ,54998.0,0.0,1,10-03-2013,3,154.0,22,202.0,39.0,30.0,8,5.0,4.0,2,9,4,0.0,,,0,0.0,0.0,0,0,1.0
6250,77,PhD,Viudo ,54356.0,0.0,1,19-11-2012,62,710.0,15,30.0,20.0,0.0,0,3.0,11.0,2,8,8,0.0,,,0,0.0,0.0,0,0,1.0
9291,67,Master,Casado ,34242.0,0.0,1,23-03-2014,25,8.0,2,4.0,0.0,0.0,1,1.0,0.0,0,3,5,0.0,,,0,0.0,0.0,0,0,0.0
2478,53,Graduation,Casado ,25410.0,1.0,0,31-08-2013,48,2.0,2,4.0,13.0,13.0,4,1.0,1.0,0,4,4,0.0,,,0,0.0,0.0,0,0,0.0
1139,42,PhD,Casado ,73356.0,0.0,0,06-02-2014,56,1050.0,14,322.0,0.0,14.0,112,1.0,5.0,11,5,2,0.0,,,1,0.0,1.0,0,1,1.0
5138,76,Graduation,En pareja ,28320.0,0.0,1,14-01-2013,68,19.0,1,14.0,3.0,2.0,4,1.0,1.0,0,3,8,0.0,,,0,0.0,0.0,0,0,0.0
5393,49,Graduation,Soltero ,23763.0,0.0,0,07-08-2012,64,22.0,0,6.0,6.0,2.0,6,1.0,1.0,0,3,7,0.0,,,0,0.0,0.0,0,0,0.0
10413,42,Graduation,Casado ,72570.0,0.0,0,25-04-2014,67,274.0,83,216.0,151.0,141.0,224,1.0,4.0,6,12,1,0.0,,,0,0.0,0.0,0,0,0.0
5015,50,Master,Casado ,34529.0,1.0,0,14-09-2012,94,68.0,6,38.0,3.0,6.0,41,2.0,2.0,2,3,7,0.0,,,0,0.0,0.0,0,0,0.0
10868,75,Graduation,Viudo ,70792.0,0.0,0,06-02-2013,82,344.0,45,0.0,0.0,0.0,114,0.0,3.0,4,10,3,0.0,,,0,0.0,0.0,0,0,0.0
10676,44,Graduation,Casado ,63211.0,0.0,0,02-11-2012,3,145.0,193,459.0,205.0,26.0,145,2.0,3.0,8,7,2,0.0,,,0,0.0,0.0,0,0,1.0
2495,52,Master,Casado ,83891.0,0.0,1,20-06-2014,24,217.0,38,350.0,111.0,85.0,15,0.0,4.0,7,10,1,0.0,,,0,0.0,0.0,0,0,0.0
7842,58,Graduation,Soltero ,36065.0,0.0,1,31-03-2013,54,18.0,7,34.0,10.0,2.0,3,3.0,3.0,0,3,8,0.0,,,0,0.0,0.0,0,0,0.0
9955,72,Graduation,En pareja ,39898.0,0.0,1,12-02-2013,20,69.0,8,26.0,12.0,7.0,12,2.0,3.0,0,4,7,0.0,,,0,0.0,0.0,0,0,0.0
6663,86,PhD,Soltero ,51141.0,0.0,0,08-07-2013,96,144.0,0,7.0,0.0,0.0,6,1.0,3.0,1,4,5,0.0,,,0,0.0,0.0,0,0,0.0
2162,50,Graduation,Casado ,56939.0,0.0,1,18-09-2013,19,256.0,34,103.0,90.0,29.0,49,2.0,3.0,3,10,3,0.0,,,0,0.0,0.0,0,0,0.0
3434,75,Graduation,Soltero ,80872.0,0.0,0,12-05-2014,60,483.0,72,567.0,94.0,12.0,108,1.0,4.0,4,10,1,0.0,,,0,0.0,0.0,0,0,0.0
7919,50,PhD,En pareja ,72335.0,0.0,0,13-08-2012,2,1285.0,105,653.0,28.0,21.0,0,0.0,10.0,4,8,8,0.0,,,0,0.0,0.0,0,0,1.0
5626,62,PhD,Soltero ,61798.0,0.0,0,23-11-2013,13,338.0,4,89.0,11.0,8.0,13,1.0,4.0,2,9,4,0.0,,,0,0.0,0.0,0,0,0.0
6428,76,PhD,Viudo ,76842.0,0.0,0,03-05-2014,37,605.0,10,345.0,84.0,54.0,32,1.0,1.0,8,7,0,0.0,,,0,0.0,0.0,0,0,0.0
8514,50,Graduation,En pareja ,29478.0,1.0,0,17-01-2014,59,8.0,0,7.0,3.0,1.0,1,1.0,1.0,0,3,6,0.0,,,0,0.0,0.0,0,0,0.0
10448,70,Graduation,Soltero ,46998.0,0.0,1,22-10-2012,55,172.0,41,86.0,45.0,6.0,27,5.0,5.0,3,5,7,0.0,,,0,0.0,1.0,0,0,0.0
2109,36,Graduation,Soltero ,96843.0,0.0,0,23-04-2013,60,448.0,71,951.0,40.0,17.0,17,1.0,6.0,11,10,2,0.0,,,0,0.0,0.0,0,1,1.0
7530,76,PhD,Viudo ,56551.0,1.0,1,07-05-2014,48,67.0,4,32.0,17.0,2.0,16,3.0,2.0,1,4,4,0.0,,,0,0.0,0.0,0,0,0.0
8925,61,Master,Casado ,70053.0,0.0,1,03-07-2013,38,512.0,53,98.0,81.0,179.0,89,0.0,8.0,5,10,5,0.0,,,0,0.0,0.0,0,0,0.0
3009,64,PhD,Viudo ,71670.0,0.0,0,09-07-2013,8,1462.0,16,128.0,0.0,0.0,160,1.0,5.0,3,6,6,0.0,,,0,1.0,0.0,1,1,1.0
6355,48,Graduation,Casado ,44359.0,1.0,1,17-06-2014,19,20.0,0,14.0,7.0,3.0,1,3.0,2.0,0,4,3,0.0,,,0,0.0,0.0,0,0,0.0
3517,74,Graduation,Soltero ,40887.0,1.0,1,06-05-2013,32,50.0,4,44.0,10.0,10.0,43,3.0,3.0,1,3,9,0.0,,,0,0.0,0.0,0,0,1.0
1158,60,Graduation,Divorciado ,48877.0,0.0,1,05-01-2014,27,102.0,1,15.0,2.0,0.0,24,1.0,3.0,0,4,7,0.0,,,0,0.0,0.0,0,0,0.0
6203,79,Graduation,En pareja ,74485.0,0.0,0,24-08-2013,58,499.0,149,815.0,173.0,49.0,49,1.0,6.0,7,12,3,0.0,,,0,0.0,0.0,0,0,0.0
7165,54,Graduation,En pareja ,64474.0,0.0,1,22-10-2013,59,381.0,35,172.0,56.0,86.0,93,2.0,8.0,2,10,5,0.0,,,0,0.0,0.0,0,0,0.0
3595,63,Graduation,En pareja ,77226.0,0.0,1,28-02-2014,29,631.0,43,239.0,128.0,76.0,21,2.0,6.0,8,12,3,0.0,,,0,0.0,0.0,0,0,0.0
8537,77,Graduation,Viudo ,72643.0,0.0,0,27-02-2013,60,526.0,80,553.0,123.0,94.0,53,1.0,3.0,10,7,2,0.0,,,1,0.0,0.0,0,0,1.0
4331,48,Master,En pareja ,85738.0,0.0,0,23-01-2014,41,913.0,26,376.0,17.0,26.0,13,1.0,3.0,6,11,1,0.0,,,0,0.0,0.0,1,1,0.0
6281,60,Graduation,Divorciado ,55686.0,0.0,1,14-02-2013,27,673.0,0,199.0,37.0,47.0,26,2.0,6.0,3,5,4,0.0,,,0,0.0,1.0,0,0,0.0
4338,43,Graduation,Soltero ,39062.0,0.0,0,25-03-2014,28,23.0,0,9.0,0.0,0.0,12,0.0,1.0,0,3,4,0.0,,,0,0.0,0.0,0,0,0.0
2452,55,Graduation,En pareja ,34600.0,0.0,1,01-01-2013,8,199.0,33,60.0,8.0,3.0,15,5.0,5.0,2,5,8,0.0,,,0,0.0,0.0,0,0,1.0
9507,51,Graduation,Casado ,40794.0,0.0,1,07-04-2013,18,261.0,23,73.0,4.0,23.0,50,2.0,6.0,3,5,7,0.0,,,0,0.0,0.0,0,0,0.0
8360,55,2n Cycle,Casado ,54690.0,1.0,1,07-11-2013,76,111.0,16,37.0,7.0,9.0,18,3.0,3.0,1,5,3,0.0,,,0,0.0,0.0,0,0,0.0
10311,57,Graduation,Casado ,4428.0,0.0,1,05-10-2013,0,16.0,4,12.0,2.0,4.0,321,0.0,25.0,0,0,1,0.0,,,0,0.0,0.0,0,0,0.0
5117,63,2n Cycle,Casado ,32632.0,0.0,0,02-08-2012,32,63.0,151,137.0,153.0,19.0,53,2.0,4.0,4,8,5,0.0,,,0,0.0,0.0,0,0,0.0
4867,58,PhD,Soltero ,38236.0,0.0,1,20-09-2013,2,58.0,0,18.0,2.0,0.0,10,4.0,3.0,0,4,7,0.0,,,0,0.0,0.0,0,0,0.0
9289,47,Graduation,Casado ,36781.0,0.0,0,10-04-2014,16,29.0,1,17.0,0.0,3.0,13,1.0,2.0,1,2,8,0.0,,,0,0.0,0.0,0,0,1.0
10913,42,Master,Soltero ,31385.0,0.0,0,05-12-2012,56,3.0,2,12.0,0.0,1.0,9,1.0,1.0,0,2,8,0.0,,,0,0.0,1.0,0,0,1.0
3032,42,Graduation,Casado ,24570.0,0.0,0,27-02-2013,97,28.0,34,62.0,11.0,14.0,44,3.0,4.0,0,4,9,0.0,,,0,0.0,0.0,0,0,0.0
8524,52,PhD,Divorciado ,25509.0,1.0,0,18-09-2012,15,40.0,3,30.0,10.0,7.0,11,3.0,3.0,0,3,9,0.0,,,0,0.0,0.0,0,0,1.0
3334,75,Graduation,Casado ,94642.0,0.0,0,12-02-2014,35,879.0,143,797.0,106.0,143.0,143,0.0,5.0,7,9,1,0.0,,,1,0.0,0.0,0,1,0.0
4470,64,Master,Casado ,58646.0,0.0,1,10-06-2013,3,62.0,1,44.0,6.0,5.0,22,1.0,2.0,1,4,4,0.0,,,0,0.0,0.0,0,0,0.0
1406,51,Graduation,Soltero ,53201.0,1.0,1,12-02-2013,49,280.0,7,81.0,20.0,0.0,27,8.0,6.0,3,5,7,0.0,,,0,0.0,0.0,0,0,0.0
8619,69,Graduation,En pareja ,21994.0,0.0,1,24-12-2012,4,9.0,0,6.0,3.0,1.0,3,1.0,0.0,0,3,5,0.0,,,0,0.0,0.0,0,0,0.0
10821,48,Graduation,Casado ,57113.0,1.0,1,06-02-2013,45,182.0,4,33.0,0.0,2.0,42,6.0,4.0,1,5,7,0.0,,,0,0.0,0.0,0,0,0.0
4552,35,Graduation,Casado ,51373.0,0.0,0,22-06-2013,37,83.0,2,101.0,64.0,26.0,117,1.0,3.0,5,3,4,0.0,,,0,0.0,0.0,0,0,0.0
898,40,Graduation,Casado ,23477.0,1.0,0,21-10-2013,39,38.0,15,54.0,3.0,8.0,29,3.0,3.0,0,4,8,0.0,,,0,0.0,0.0,0,0,0.0
9797,70,Graduation,Casado ,58116.0,0.0,1,13-04-2014,38,228.0,19,130.0,4.0,0.0,51,0.0,3.0,3,8,2,0.0,,,0,0.0,0.0,0,0,0.0
10949,63,PhD,Divorciado ,72968.0,0.0,0,16-12-2013,8,1092.0,37,592.0,145.0,37.0,55,1.0,5.0,5,8,3,0.0,,,1,0.0,0.0,0,0,1.0
8212,55,Master,Casado ,39791.0,0.0,1,28-03-2013,89,85.0,15,27.0,13.0,13.0,21,2.0,35.0,1,4,7,0.0,,,0,0.0,0.0,0,0,0.0
6248,79,Master,Soltero ,91712.0,0.0,0,17-10-2013,47,1276.0,24,746.0,94.0,29.0,48,0.0,9.0,7,11,3,0.0,,,0,0.0,0.0,0,1,1.0
10164,68,Graduation,Soltero ,94472.0,0.0,1,03-04-2014,75,1017.0,33,417.0,108.0,100.0,16,1.0,5.0,5,5,5,0.0,,,0,0.0,0.0,1,1,0.0
4547,66,Graduation,En pareja ,13672.0,0.0,1,17-04-2013,86,6.0,2,9.0,2.0,1.0,5,2.0,1.0,0,3,8,0.0,,,0,0.0,0.0,0,0,0.0
6815,46,2n Cycle,Casado ,96547.0,0.0,0,23-05-2014,4,448.0,21,125.0,52.0,101.0,62,0.0,7.0,6,8,2,0.0,,,1,0.0,1.0,0,1,1.0
4122,51,Graduation,Casado ,79205.0,0.0,0,29-08-2012,73,504.0,23,117.0,179.0,28.0,44,1.0,6.0,5,4,4,0.0,,,1,0.0,0.0,0,0,1.0
10841,51,PhD,En pareja ,56559.0,0.0,1,25-12-2012,46,226.0,22,133.0,41.0,31.0,31,0.0,4.0,3,8,4,0.0,,,0,0.0,0.0,0,0,0.0
5370,53,PhD,Casado ,32644.0,1.0,0,16-01-2013,38,239.0,3,141.0,0.0,7.0,23,4.0,7.0,1,6,8,0.0,,,0,0.0,1.0,0,0,0.0
176,46,2n Cycle,Soltero ,67506.0,0.0,1,02-01-2014,73,90.0,38,67.0,33.0,36.0,67,1.0,4.0,1,6,3,0.0,,,0,0.0,0.0,0,0,0.0
4860,56,Graduation,Soltero ,24206.0,1.0,0,08-03-2013,66,7.0,2,8.0,3.0,2.0,3,1.0,1.0,0,3,6,0.0,,,0,0.0,0.0,0,0,0.0
10757,59,PhD,Divorciado ,28420.0,0.0,0,24-12-2013,36,4.0,2,5.0,2.0,0.0,0,1.0,1.0,0,2,6,0.0,,,0,0.0,0.0,0,0,0.0
4023,56,Graduation,Casado ,22979.0,0.0,0,06-09-2012,29,16.0,17,19.0,20.0,21.0,22,3.0,3.0,2,2,8,0.0,,,0,0.0,0.0,0,0,1.0
6679,60,Graduation,Soltero ,33279.0,0.0,0,12-06-2014,29,10.0,3,3.0,0.0,0.0,0,1.0,0.0,0,3,3,0.0,,,0,0.0,0.0,0,0,0.0
9923,54,Master,Soltero ,46423.0,0.0,1,18-09-2013,6,68.0,0,16.0,0.0,0.0,8,3.0,2.0,0,4,7,0.0,,,0,0.0,0.0,0,0,0.0
7181,49,Graduation,Casado ,30368.0,0.0,1,07-11-2013,97,35.0,0,13.0,2.0,0.0,2,2.0,2.0,0,3,8,0.0,,,0,0.0,0.0,0,0,0.0
3599,56,Graduation,Casado ,63684.0,0.0,1,26-11-2012,61,575.0,80,428.0,208.0,93.0,80,0.0,8.0,4,8,5,0.0,,,0,0.0,0.0,0,0,0.0
405,62,Graduation,Divorciado ,41638.0,0.0,1,13-02-2013,68,315.0,0,31.0,4.0,0.0,91,4.0,5.0,5,3,8,0.0,,,0,0.0,1.0,0,0,0.0
6870,67,PhD,Divorciado ,68805.0,0.0,1,17-09-2013,73,182.0,2,49.0,17.0,13.0,20,1.0,3.0,1,7,2,0.0,,,0,0.0,0.0,0,0,0.0
832,60,PhD,En pareja ,65814.0,0.0,1,02-03-2014,90,561.0,14,113.0,10.0,14.0,35,3.0,8.0,2,10,5,0.0,,,0,0.0,0.0,0,0,0.0
2002,68,Graduation,Divorciado ,71964.0,0.0,0,20-05-2013,81,587.0,51,932.0,180.0,34.0,86,1.0,5.0,6,5,3,0.0,,,0,0.0,0.0,0,0,0.0
3657,40,Graduation,Soltero ,39146.0,0.0,0,14-02-2013,1,94.0,1,0.0,0.0,0.0,12,0.0,4.0,0,4,8,0.0,,,0,0.0,0.0,0,0,0.0
500,49,Graduation,En pareja ,96876.0,0.0,0,06-08-2013,79,908.0,43,735.0,40.0,194.0,21,1.0,7.0,7,9,2,0.0,,,1,0.0,0.0,1,1,1.0
1951,45,Basic,Casado ,34445.0,0.0,0,27-01-2013,92,228.0,122,122.0,208.0,129.0,30,6.0,11.0,2,8,9,0.0,,,0,0.0,0.0,0,0,0.0
3262,68,Graduation,Soltero ,68281.0,0.0,0,07-08-2012,31,995.0,112,417.0,42.0,48.0,41,0.0,2.0,9,13,5,0.0,,,0,0.0,0.0,0,0,1.0
4102,51,2n Cycle,Casado ,37284.0,1.0,1,29-03-2013,46,11.0,1,2.0,2.0,1.0,6,1.0,0.0,0,3,6,0.0,,,0,0.0,0.0,0,0,0.0
7042,43,Graduation,Casado ,36790.0,0.0,0,01-03-2013,14,3.0,3,14.0,15.0,21.0,10,1.0,2.0,1,2,9,0.0,,,0,0.0,0.0,0,0,1.0
10598,59,Graduation,En pareja ,27943.0,1.0,1,15-04-2013,89,12.0,1,16.0,4.0,1.0,3,3.0,2.0,0,3,8,0.0,,,0,0.0,0.0,0,0,0.0
255,75,Graduation,Divorciado ,22263.0,1.0,1,30-03-2014,31,17.0,0,2.0,0.0,0.0,2,2.0,1.0,0,3,6,1.0,,,0,0.0,0.0,0,0,0.0
2375,54,Graduation,En pareja ,30261.0,1.0,2,25-09-2012,75,8.0,0,5.0,0.0,3.0,6,1.0,0.0,0,3,8,0.0,,,0,0.0,0.0,0,0,0.0
9829,48,Graduation,En pareja ,28587.0,0.0,0,12-02-2014,42,22.0,4,17.0,12.0,10.0,13,3.0,2.0,0,4,6,0.0,,,0,0.0,0.0,0,0,0.0
6214,44,Master,Casado ,43815.0,0.0,0,05-04-2013,53,14.0,10,29.0,4.0,7.0,15,1.0,2.0,0,3,6,0.0,,,0,0.0,0.0,0,0,0.0
4954,70,Graduation,Casado ,48195.0,0.0,1,21-01-2014,53,106.0,27,68.0,52.0,7.0,5,6.0,4.0,2,5,6,0.0,,,0,0.0,0.0,0,0,0.0
7861,74,Master,Casado ,77027.0,0.0,1,05-02-2014,23,820.0,57,242.0,45.0,0.0,11,2.0,8.0,3,6,4,0.0,,,0,0.0,0.0,0,0,0.0
4837,61,PhD,Casado ,71322.0,0.0,1,16-02-2013,57,753.0,43,226.0,69.0,10.0,204,2.0,8.0,5,13,4,0.0,,,0,0.0,0.0,0,0,0.0
9423,47,Master,Casado ,32765.0,0.0,0,23-02-2014,49,13.0,3,17.0,7.0,3.0,3,2.0,2.0,0,4,5,0.0,,,0,0.0,0.0,0,0,0.0
4198,61,Graduation,En pareja ,29672.0,0.0,1,12-03-2013,6,9.0,1,3.0,0.0,4.0,8,1.0,0.0,0,3,6,0.0,,,0,0.0,0.0,0,0,0.0
153,73,Graduation,Divorciado ,23272.0,0.0,0,17-10-2013,29,19.0,3,6.0,4.0,2.0,12,1.0,1.0,0,3,4,0.0,,,0,0.0,0.0,0,0,0.0
9323,77,Master,En pareja ,49912.0,0.0,1,07-09-2012,5,520.0,8,223.0,32.0,49.0,42,4.0,10.0,5,7,8,0.0,,,0,0.0,1.0,0,0,1.0
10001,41,2n Cycle,En pareja ,7500.0,0.0,0,01-08-2012,98,5.0,17,17.0,13.0,14.0,34,4.0,2.0,1,3,9,0.0,,,0,0.0,0.0,0,0,0.0
3945,79,PhD,Viudo ,68117.0,0.0,1,10-03-2013,80,618.0,44,215.0,0.0,17.0,36,2.0,11.0,8,4,6,0.0,,,0,0.0,1.0,0,0,1.0
3799,71,Graduation,Casado ,67225.0,0.0,1,26-11-2013,4,315.0,35,322.0,46.0,7.0,143,3.0,7.0,2,11,5,0.0,,,0,0.0,0.0,0,0,0.0
8625,50,Graduation,Casado ,17649.0,1.0,0,12-11-2013,70,15.0,1,23.0,0.0,5.0,1,3.0,3.0,0,3,8,0.0,,,0,0.0,0.0,0,0,0.0
3491,51,Graduation,En pareja ,55914.0,0.0,1,29-04-2013,32,384.0,60,364.0,119.0,101.0,232,4.0,11.0,6,8,7,0.0,,,0,0.0,0.0,0,0,0.0
983,42,Graduation,Casado ,40059.0,1.0,0,28-09-2013,82,110.0,29,92.0,28.0,10.0,145,1.0,6.0,2,3,8,0.0,,,0,0.0,1.0,0,0,0.0
9119,76,Graduation,En pareja ,60905.0,0.0,1,05-12-2013,27,208.0,17,76.0,36.0,17.0,38,2.0,3.0,3,7,2,0.0,,,0,0.0,0.0,0,0,0.0
4786,49,Graduation,Casado ,75330.0,0.0,1,04-10-2012,94,555.0,82,257.0,93.0,61.0,61,0.0,10.0,3,12,6,0.0,,,0,0.0,0.0,0,0,0.0
5872,75,Graduation,Soltero ,60689.0,0.0,1,01-06-2013,23,240.0,90,216.0,63.0,6.0,24,4.0,4.0,4,10,3,0.0,,,0,0.0,0.0,0,0,0.0
6568,42,Graduation,Casado ,38680.0,1.0,0,28-03-2013,97,11.0,0,36.0,15.0,5.0,12,1.0,2.0,0,3,7,0.0,,,0,0.0,0.0,0,0,0.0
5628,44,Graduation,En pareja ,61416.0,0.0,0,08-02-2013,25,848.0,154,323.0,201.0,61.0,78,1.0,10.0,3,10,6,0.0,,,0,0.0,1.0,0,0,0.0
5631,35,Graduation,Soltero ,49767.0,0.0,0,02-05-2013,92,202.0,47,197.0,55.0,42.0,149,1.0,5.0,4,8,4,0.0,,,0,0.0,0.0,0,0,0.0
4974,56,Graduation,Soltero ,83273.0,1.0,2,25-09-2012,98,433.0,89,650.0,16.0,102.0,102,10.0,4.0,6,9,7,0.0,,,0,0.0,0.0,0,0,0.0
8416,45,Graduation,Casado ,29009.0,1.0,0,29-11-2013,19,6.0,6,15.0,10.0,5.0,2,2.0,2.0,0,3,6,0.0,,,0,0.0,0.0,0,0,0.0
5454,47,Master,Casado ,45057.0,1.0,0,01-12-2013,80,37.0,0,7.0,3.0,0.0,3,1.0,2.0,0,3,5,0.0,,,0,0.0,0.0,0,0,0.0
4095,55,Graduation,Casado ,37150.0,0.0,0,11-09-2012,80,167.0,37,64.0,49.0,34.0,116,8.0,4.0,3,6,7,0.0,,,0,0.0,0.0,0,0,0.0
5474,56,Graduation,Soltero ,43020.0,1.0,0,30-11-2013,79,45.0,7,99.0,4.0,25.0,43,3.0,4.0,1,4,6,0.0,,,0,0.0,0.0,0,0,0.0
4268,67,Graduation,Casado ,53154.0,0.0,1,09-06-2014,50,129.0,0,21.0,0.0,1.0,7,1.0,3.0,1,4,4,0.0,,,0,0.0,0.0,0,0,0.0
10701,53,Graduation,Casado ,65308.0,0.0,0,11-09-2013,60,713.0,0,264.0,120.0,80.0,34,1.0,7.0,8,12,4,0.0,,,1,0.0,0.0,0,1,0.0
3507,56,Graduation,Soltero ,76467.0,0.0,0,17-08-2012,44,676.0,161,0.0,0.0,0.0,58,0.0,2.0,5,5,6,0.0,,,0,0.0,0.0,0,0,1.0
2079,79,2n Cycle,Casado ,81044.0,0.0,0,27-12-2013,0,450.0,26,535.0,73.0,98.0,26,1.0,5.0,6,10,1,0.0,,,0,0.0,0.0,0,0,0.0
626,75,Graduation,Casado ,32871.0,0.0,1,09-03-2013,28,22.0,2,12.0,0.0,2.0,5,1.0,1.0,0,3,4,0.0,,,0,0.0,0.0,0,0,0.0
4426,51,Graduation,Soltero ,55801.0,0.0,1,22-09-2013,35,367.0,4,51.0,6.0,4.0,95,0.0,7.0,2,6,7,0.0,,,1,0.0,0.0,0,0,0.0
2591,67,Graduation,Viudo ,76320.0,0.0,1,22-06-2014,49,526.0,35,214.0,69.0,53.0,35,0.0,6.0,3,4,2,0.0,,,0,0.0,0.0,0,0,0.0
10509,71,Master,Soltero ,36927.0,1.0,1,02-06-2014,46,51.0,0,16.0,0.0,0.0,4,2.0,3.0,0,3,8,0.0,,,0,0.0,0.0,0,0,0.0
6382,73,Graduation,En pareja ,48794.0,0.0,1,26-06-2014,97,25.0,0,11.0,3.0,0.0,15,1.0,1.0,0,3,4,0.0,,,0,0.0,0.0,0,0,0.0
6673,61,Graduation,Soltero ,23478.0,0.0,0,19-03-2013,51,28.0,6,27.0,12.0,17.0,39,1.0,3.0,0,3,8,0.0,,,0,0.0,0.0,0,0,0.0
7441,53,Graduation,Divorciado ,71128.0,0.0,0,06-10-2012,80,958.0,159,447.0,20.0,0.0,31,3.0,2.0,10,12,7,0.0,,,0,0.0,0.0,0,0,0.0
1071,50,PhD,Divorciado ,70179.0,0.0,1,21-07-2013,10,532.0,88,168.0,69.0,44.0,133,3.0,7.0,3,13,5,0.0,,,0,0.0,0.0,0,0,0.0
10061,76,Graduation,Casado ,59462.0,0.0,1,05-01-2013,29,724.0,17,143.0,0.0,8.0,196,0.0,9.0,2,12,7,0.0,,,0,0.0,0.0,0,0,0.0
7187,57,Master,En pareja ,51411.0,0.0,1,18-05-2013,52,375.0,42,48.0,94.0,66.0,96,7.0,4.0,10,4,3,0.0,,,0,0.0,0.0,0,0,0.0
8775,57,Graduation,En pareja ,38361.0,1.0,0,27-12-2013,74,39.0,0,56.0,20.0,8.0,14,3.0,3.0,1,3,7,0.0,,,0,0.0,0.0,0,0,0.0
1612,45,PhD,Soltero ,51411.0,1.0,0,31-05-2013,82,23.0,0,15.0,0.0,2.0,7,2.0,3.0,0,3,6,0.0,,,0,0.0,0.0,0,0,0.0
2345,44,PhD,En pareja ,70038.0,0.0,0,25-10-2013,54,587.0,54,348.0,71.0,54.0,130,1.0,4.0,4,8,2,0.0,,,0,0.0,0.0,0,0,0.0
322,48,Graduation,En pareja ,42554.0,1.0,1,12-01-2013,93,29.0,1,11.0,0.0,0.0,0,2.0,2.0,0,3,4,0.0,,,0,0.0,0.0,0,0,0.0
10897,52,Graduation,Casado ,67445.0,0.0,1,12-08-2012,63,757.0,80,217.0,29.0,80.0,11,5.0,9.0,6,12,6,0.0,,,0,0.0,0.0,0,0,0.0
123,75,Graduation,Viudo ,67046.0,0.0,1,06-01-2013,92,544.0,35,133.0,23.0,151.0,107,2.0,4.0,5,4,2,0.0,,,0,0.0,0.0,0,0,0.0
6103,78,Graduation,Casado ,42192.0,0.0,0,06-09-2013,40,40.0,15,15.0,17.0,6.0,7,1.0,2.0,1,3,4,0.0,,,0,0.0,0.0,0,0,0.0
7899,74,PhD,Casado ,77610.0,0.0,1,29-10-2012,70,1245.0,33,332.0,21.0,33.0,16,2.0,4.0,7,4,7,0.0,,,0,0.0,0.0,0,0,0.0
10500,42,Graduation,Casado ,31761.0,1.0,0,05-04-2014,96,19.0,1,20.0,16.0,14.0,28,2.0,3.0,0,4,5,0.0,,,0,0.0,0.0,0,0,0.0
1655,47,Graduation,En pareja ,34350.0,0.0,0,19-10-2013,81,16.0,3,15.0,2.0,1.0,11,1.0,1.0,0,3,7,0.0,,,0,0.0,0.0,0,0,0.0
2406,77,Graduation,En pareja ,54591.0,0.0,1,05-08-2013,63,376.0,4,94.0,12.0,9.0,24,3.0,6.0,2,8,5,0.0,,,0,0.0,0.0,0,0,0.0
2712,70,Graduation,Casado ,71866.0,0.0,1,25-12-2013,85,184.0,178,0.0,103.0,0.0,33,0.0,6.0,3,10,3,0.0,,,0,0.0,0.0,0,0,0.0
5517,57,Graduation,Casado ,25293.0,0.0,0,15-09-2013,51,15.0,0,11.0,0.0,2.0,9,1.0,1.0,1,2,8,0.0,,,0,0.0,0.0,0,0,0.0
10643,39,PhD,Soltero ,42000.0,0.0,0,10-01-2013,23,124.0,83,267.0,85.0,59.0,35,2.0,5.0,2,11,5,0.0,,,0,0.0,0.0,0,0,1.0
2254,43,Graduation,Casado ,69520.0,0.0,0,07-07-2013,95,627.0,120,0.0,0.0,0.0,93,0.0,9.0,6,5,5,0.0,,,0,0.0,0.0,0,0,0.0
10281,56,Graduation,Divorciado ,64713.0,1.0,0,07-02-2014,11,180.0,60,241.0,13.0,54.0,54,2.0,5.0,5,7,4,0.0,,,0,0.0,0.0,0,0,1.0
6958,49,Master,Casado ,27889.0,1.0,0,05-07-2013,42,14.0,0,4.0,0.0,0.0,8,1.0,1.0,1,2,6,0.0,,,0,0.0,0.0,0,0,0.0
954,66,Basic,Viudo ,22123.0,0.0,0,27-03-2014,77,3.0,3,24.0,34.0,7.0,31,1.0,2.0,1,3,5,0.0,,,0,0.0,0.0,0,0,0.0
5079,55,Graduation,Casado ,51411.0,1.0,1,03-03-2013,82,71.0,1,16.0,0.0,0.0,9,4.0,2.0,1,3,8,0.0,,,0,0.0,0.0,0,0,0.0
10339,72,Master,En pareja ,51411.0,0.0,1,23-06-2013,83,161.0,0,22.0,0.0,0.0,24,2.0,4.0,1,4,6,0.0,,,0,0.0,0.0,0,0,0.0
4643,53,Graduation,Casado ,27803.0,1.0,0,26-08-2012,40,8.0,26,46.0,38.0,9.0,49,2.0,3.0,0,4,8,0.0,,,0,0.0,0.0,0,0,0.0
3117,71,Graduation,Soltero ,51411.0,0.0,1,18-10-2013,95,264.0,0,21.0,12.0,6.0,147,0.0,6.0,1,5,7,0.0,,,0,0.0,0.0,0,0,0.0
6497,66,Graduation,Casado ,51651.0,0.0,1,07-11-2012,32,293.0,6,0.0,0.0,0.0,92,0.0,80.0,2,5,8,0.0,,,0,0.0,0.0,0,0,0.0
5396,38,Graduation,Casado ,68487.0,0.0,0,13-01-2013,48,758.0,12,385.0,33.0,89.0,89,1.0,9.0,7,13,4,0.0,,,0,0.0,0.0,0,0,0.0
5250,83,Master,Viudo ,51411.0,0.0,0,30-10-2013,75,532.0,126,490.0,164.0,126.0,126,1.0,5.0,5,11,1,0.0,,,0,0.0,0.0,0,1,1.0
1052,57,Graduation,Casado ,56796.0,0.0,1,16-02-2013,24,656.0,38,161.0,62.0,47.0,37,3.0,8.0,9,7,7,0.0,,,0,0.0,0.0,0,0,0.0
2802,34,2n Cycle,Casado ,87000.0,0.0,0,15-12-2012,61,196.0,25,607.0,67.0,17.0,49,1.0,4.0,6,7,2,0.0,,,0,0.0,0.0,0,0,0.0
6343,67,Graduation,Casado ,79823.0,0.0,1,31-03-2014,6,835.0,73,380.0,114.0,73.0,43,1.0,6.0,9,7,2,0.0,,,0,0.0,0.0,1,0,0.0
6507,46,Graduation,Soltero ,30828.0,1.0,0,04-10-2013,16,16.0,11,15.0,2.0,0.0,12,2.0,1.0,1,4,3,0.0,,,0,0.0,0.0,0,0,0.0
7901,55,Master,Casado ,34109.0,0.0,1,06-11-2013,39,9.0,1,5.0,2.0,1.0,4,1.0,0.0,0,3,4,0.0,,,0,0.0,0.0,0,0,0.0
4865,52,Master,Divorciado ,53367.0,0.0,1,31-08-2013,2,229.0,7,140.0,10.0,3.0,11,0.0,5.0,1,8,7,0.0,,,0,0.0,0.0,0,0,1.0
2686,57,Basic,En pareja ,22390.0,0.0,0,21-10-2013,49,0.0,1,4.0,15.0,1.0,5,1.0,1.0,0,2,7,0.0,,,0,0.0,0.0,0,0,0.0
3107,50,Graduation,En pareja ,71322.0,0.0,1,02-05-2014,31,121.0,24,124.0,24.0,15.0,42,1.0,4.0,1,7,2,0.0,,,0,0.0,0.0,0,0,0.0
7734,33,Graduation,Soltero,79244.0,0.0,0,19-12-2012,58,471.0,102,125.0,212.0,61.0,245,1.0,4.0,10,7,1,0.0,,,1,0.0,0.0,0,1,1.0
1146,77,Master,En pareja ,49912.0,0.0,1,07-09-2012,5,520.0,8,223.0,32.0,49.0,42,4.0,10.0,5,7,8,0.0,,,0,0.0,1.0,0,0,1.0
11031,76,PhD,Casado ,48699.0,0.0,1,21-05-2013,90,26.0,1,10.0,2.0,0.0,1,1.0,1.0,0,3,5,0.0,,,0,0.0,0.0,0,0,0.0
7428,51,Graduation,En pareja ,80144.0,0.0,0,30-09-2013,47,240.0,132,445.0,250.0,192.0,108,1.0,3.0,7,8,1,0.0,,,0,0.0,0.0,0,0,0.0
975,70,Graduation,Soltero ,54252.0,1.0,1,28-05-2013,25,178.0,4,26.0,8.0,4.0,44,5.0,71.0,1,5,6,0.0,,,0,0.0,0.0,0,0,0.0
1103,50,Master,Casado ,81929.0,0.0,0,29-09-2012,60,1486.0,55,278.0,49.0,0.0,185,2.0,4.0,4,10,6,0.0,,,0,0.0,1.0,0,1,1.0
3422,51,Graduation,Casado ,76068.0,0.0,1,29-11-2012,67,1115.0,12,128.0,33.0,12.0,76,1.0,2.0,3,4,6,0.0,,,0,1.0,0.0,1,0,0.0
1055,50,Master,Casado ,53204.0,1.0,1,20-03-2014,40,29.0,0,8.0,2.0,0.0,6,1.0,1.0,0,3,4,0.0,,,0,0.0,0.0,0,0,0.0
6544,77,PhD,En pareja ,67911.0,0.0,1,22-05-2014,63,529.0,0,356.0,63.0,28.0,0,3.0,6.0,7,11,3,0.0,,,0,0.0,0.0,0,0,0.0
1241,42,2n Cycle,Casado ,14796.0,0.0,0,17-09-2012,1,13.0,3,8.0,7.0,4.0,16,2.0,1.0,0,3,9,0.0,,,0,0.0,0.0,0,0,1.0
2909,52,PhD,Casado ,78128.0,0.0,1,19-02-2014,89,934.0,24,230.0,16.0,24.0,36,0.0,8.0,4,6,3,0.0,,,0,0.0,0.0,1,1,0.0
5802,54,Basic,Casado ,14188.0,0.0,0,28-02-2013,40,2.0,7,0.0,0.0,0.0,27,0.0,2.0,0,4,6,0.0,,,0,0.0,0.0,0,0,0.0
1407,40,Basic,Casado ,20425.0,1.0,0,29-10-2012,5,4.0,12,5.0,3.0,16.0,17,2.0,2.0,0,3,7,0.0,,,0,0.0,0.0,0,0,0.0
6183,64,Master,Casado ,58646.0,0.0,1,10-06-2013,3,62.0,1,44.0,6.0,5.0,22,1.0,2.0,1,4,4,0.0,,,0,0.0,0.0,0,0,0.0
340,56,Graduation,Divorciado ,72967.0,0.0,1,15-12-2012,1,158.0,35,179.0,0.0,0.0,125,2.0,7.0,2,8,5,0.0,,,0,0.0,1.0,0,0,1.0
5991,77,Master,Casado ,48150.0,0.0,1,08-06-2013,24,173.0,2,39.0,3.0,2.0,47,0.0,5.0,1,4,7,0.0,,,0,0.0,0.0,0,0,0.0
3104,65,Graduation,Soltero ,82332.0,0.0,0,17-09-2012,89,830.0,59,968.0,51.0,79.0,19,1.0,5.0,3,12,2,0.0,,,0,0.0,0.0,0,1,1.0
9729,71,Graduation,Viudo ,58275.0,1.0,1,02-06-2013,48,189.0,10,253.0,56.0,43.0,64,6.0,8.0,2,7,7,0.0,,,0,0.0,0.0,0,0,0.0
1008,45,PhD,En pareja ,44953.0,0.0,0,21-12-2012,31,728.0,17,133.0,11.0,8.0,124,1.0,7.0,3,13,6,0.0,,,0,0.0,1.0,0,0,0.0
11091,73,Graduation,En pareja ,34587.0,0.0,1,16-05-2014,68,7.0,2,9.0,2.0,0.0,2,0.0,1.0,0,3,4,0.0,,,0,0.0,0.0,0,0,0.0
3969,52,Master,En pareja ,43018.0,0.0,1,01-11-2013,46,35.0,4,17.0,7.0,6.0,64,1.0,2.0,2,2,5,0.0,,,0,0.0,0.0,0,0,0.0
1916,72,Master,Casado ,45736.0,0.0,1,24-07-2013,92,188.0,3,180.0,20.0,3.0,43,0.0,7.0,1,6,7,0.0,,,0,0.0,0.0,0,0,0.0
9907,57,Master,En pareja ,66476.0,0.0,1,04-12-2013,80,742.0,28,152.0,25.0,9.0,57,2.0,6.0,8,10,4,0.0,,,0,0.0,0.0,0,0,0.0
87,45,2n Cycle,Casado ,27733.0,1.0,0,26-08-2013,16,0.0,7,5.0,26.0,2.0,17,2.0,2.0,0,3,7,0.0,,,0,0.0,0.0,0,0,0.0
8659,74,PhD,En pareja ,69805.0,0.0,1,21-01-2014,50,750.0,71,174.0,13.0,10.0,20,2.0,6.0,8,11,2,0.0,,,0,0.0,0.0,0,0,0.0
6262,64,Master,Soltero ,72217.0,0.0,0,10-04-2013,93,816.0,42,450.0,55.0,56.0,154,1.0,3.0,10,8,2,0.0,,,0,0.0,0.0,0,0,0.0
6147,55,Graduation,Divorciado ,25818.0,1.0,0,18-10-2012,51,5.0,2,8.0,2.0,2.0,9,1.0,0.0,1,2,7,0.0,,,0,0.0,0.0,0,0,0.0
8832,50,Master,En pareja ,37509.0,0.0,0,12-09-2012,24,37.0,5,56.0,12.0,8.0,5,2.0,3.0,0,4,7,0.0,,,0,0.0,0.0,0,0,0.0
10067,50,2n Cycle,En pareja ,25176.0,0.0,1,10-08-2013,79,4.0,0,4.0,0.0,0.0,5,1.0,1.0,0,2,7,0.0,,,0,0.0,0.0,0,0,0.0
7532,46,Graduation,Casado ,43586.0,0.0,1,30-08-2012,26,99.0,2,11.0,4.0,0.0,16,3.0,3.0,0,4,8,0.0,,,0,0.0,0.0,0,0,0.0
4915,70,2n Cycle,Casado ,53230.0,0.0,1,03-08-2012,86,176.0,72,98.0,136.0,21.0,229,4.0,5.0,2,12,5,0.0,,,0,0.0,0.0,0,0,0.0
2115,69,Graduation,En pareja ,50116.0,0.0,1,20-06-2014,68,54.0,0,10.0,0.0,0.0,2,2.0,1.0,0,4,5,0.0,,,0,0.0,0.0,1,0,0.0
2088,54,Graduation,En pareja ,84906.0,0.0,0,04-10-2013,98,997.0,15,414.0,99.0,30.0,76,1.0,5.0,6,12,2,0.0,,,0,1.0,0.0,1,1,0.0
2493,60,Graduation,Casado ,61286.0,0.0,1,02-08-2013,34,356.0,0,107.0,19.0,9.0,117,2.0,7.0,1,8,5,0.0,,,0,0.0,0.0,0,0,0.0
6292,40,PhD,Casado ,82333.0,0.0,0,30-03-2013,60,1311.0,0,359.0,46.0,89.0,17,1.0,4.0,3,10,2,0.0,,,0,0.0,0.0,0,1,1.0
1631,61,PhD,En pareja ,65220.0,0.0,0,03-09-2012,3,890.0,63,292.0,0.0,25.0,12,4.0,8.0,4,7,6,0.0,,,0,0.0,0.0,0,0,1.0
10104,52,Graduation,En pareja ,33590.0,2.0,1,03-11-2013,65,4.0,0,2.0,0.0,0.0,2,1.0,1.0,0,2,7,0.0,,,0,0.0,0.0,0,0,0.0
3006,50,Graduation,Divorciado ,30992.0,0.0,0,22-04-2013,83,17.0,0,14.0,7.0,3.0,2,1.0,1.0,0,3,7,0.0,,,0,0.0,0.0,0,0,0.0
3919,50,Master,Soltero ,72309.0,0.0,0,11-03-2013,64,960.0,0,883.0,50.0,38.0,0,1.0,5.0,6,8,3,0.0,,,1,0.0,0.0,0,0,1.0
11181,77,PhD,Casado ,156924.0,0.0,0,29-08-2013,85,2.0,1,2.0,1.0,1.0,1,0.0,0.0,0,0,0,0.0,,,0,0.0,0.0,0,0,0.0
642,46,Basic,Casado ,16005.0,0.0,0,14-08-2012,69,1.0,3,2.0,20.0,30.0,47,3.0,2.0,1,2,8,0.0,,,0,0.0,0.0,0,0,0.0
4369,69,Master,Soltero,65487.0,0.0,0,10-01-2014,48,240.0,67,500.0,199.0,0.0,163,0.0,3.0,5,6,2,0.0,,,0,0.0,0.0,0,0,0.0
10127,61,Graduation,Casado ,58692.0,0.0,1,06-04-2014,21,301.0,11,61.0,4.0,7.0,11,1.0,8.0,2,4,7,0.0,,,0,0.0,0.0,0,0,0.0
271,57,Graduation,Viudo ,40590.0,1.0,1,02-10-2013,30,154.0,0,50.0,6.0,11.0,37,5.0,3.0,4,3,6,0.0,,,0,0.0,1.0,0,0,0.0
4973,56,Graduation,Soltero ,20587.0,1.0,0,11-05-2014,39,2.0,3,6.0,4.0,1.0,9,1.0,1.0,1,2,7,0.0,,,0,0.0,0.0,0,0,0.0
2948,72,Master,Divorciado ,62637.0,0.0,1,01-03-2014,76,104.0,12,48.0,4.0,12.0,5,1.0,2.0,2,5,2,0.0,,,0,0.0,0.0,0,0,0.0
2715,60,Master,Divorciado ,29435.0,1.0,1,06-08-2012,11,70.0,3,37.0,4.0,2.0,64,4.0,3.0,2,2,9,0.0,,,0,0.0,0.0,0,0,1.0
10432,52,Graduation,Divorciado ,19346.0,0.0,0,30-01-2014,26,2.0,0,9.0,3.0,0.0,2,0.0,1.0,0,3,8,0.0,,,0,0.0,0.0,0,0,0.0
9216,55,Graduation,Casado ,35788.0,1.0,1,23-01-2014,34,23.0,2,11.0,3.0,1.0,4,2.0,2.0,0,3,6,0.0,,,0,0.0,0.0,0,0,0.0
7124,58,Graduation,Divorciado ,36997.0,0.0,1,01-02-2013,72,43.0,4,12.0,8.0,0.0,27,5.0,2.0,1,4,5,0.0,,,0,0.0,0.0,0,0,0.0
9727,69,Graduation,Casado ,23539.0,0.0,0,28-02-2014,13,4.0,24,11.0,16.0,1.0,25,1.0,2.0,0,4,6,0.0,,,0,0.0,0.0,0,0,0.0
5136,53,Graduation,Soltero ,65333.0,0.0,1,17-01-2014,58,654.0,7,92.0,0.0,15.0,30,7.0,9.0,4,8,6,0.0,,,0,0.0,0.0,1,1,0.0
9790,69,Graduation,Soltero ,78499.0,0.0,0,23-11-2013,12,912.0,72,170.0,47.0,36.0,97,1.0,11.0,3,4,4,0.0,,,0,0.0,0.0,0,1,1.0
1818,55,PhD,En pareja ,29732.0,1.0,0,25-03-2014,23,25.0,0,8.0,0.0,1.0,4,1.0,2.0,0,2,9,0.0,,,0,0.0,0.0,0,0,0.0
1100,66,Master,En pareja ,41275.0,1.0,2,24-03-2014,33,24.0,4,22.0,0.0,2.0,9,4.0,3.0,1,3,5,0.0,,,0,0.0,0.0,0,0,0.0
7873,53,PhD,En pareja ,63516.0,0.0,1,06-07-2013,30,141.0,11,114.0,15.0,14.0,5,4.0,4.0,1,7,5,0.0,,,0,0.0,0.0,0,0,0.0
10609,64,PhD,Casado ,42769.0,0.0,1,12-10-2013,15,71.0,0,13.0,3.0,1.0,0,2.0,1.0,1,4,4,0.0,,,0,0.0,0.0,0,0,0.0
6950,68,Master,Casado ,49572.0,0.0,1,15-12-2013,25,35.0,1,16.0,0.0,1.0,1,0.0,2.0,0,3,7,0.0,,,0,0.0,0.0,0,0,0.0
7233,54,Graduation,Casado ,69209.0,0.0,0,17-09-2012,4,496.0,32,849.0,229.0,48.0,128,2.0,5.0,3,6,4,0.0,,,1,0.0,0.0,0,0,0.0
9481,50,Graduation,Casado ,17148.0,1.0,0,28-01-2014,80,9.0,9,11.0,13.0,10.0,16,4.0,3.0,1,3,8,0.0,,,0,0.0,0.0,0,0,0.0
7699,57,Graduation,Viudo ,40590.0,0.0,1,02-10-2013,30,154.0,0,50.0,6.0,11.0,37,5.0,3.0,4,3,6,0.0,,,0,0.0,1.0,0,0,0.0
2711,50,Master,En pareja ,30560.0,0.0,0,27-06-2013,6,9.0,1,5.0,4.0,5.0,7,1.0,1.0,0,3,7,0.0,,,0,0.0,0.0,0,0,0.0
8933,43,2n Cycle,Casado ,32146.0,1.0,0,12-05-2014,16,26.0,3,23.0,4.0,7.0,3,2.0,2.0,0,4,6,0.0,,,0,0.0,0.0,0,0,0.0
8726,62,2n Cycle,Divorciado ,41713.0,0.0,1,29-04-2014,57,77.0,8,44.0,10.0,10.0,25,5.0,3.0,1,4,6,0.0,,,0,0.0,0.0,0,0,0.0
1515,51,Master,En pareja ,34176.0,0.0,1,22-01-2014,9,11.0,2,7.0,4.0,2.0,2,1.0,1.0,0,3,3,0.0,,,0,0.0,0.0,0,0,0.0
5186,71,PhD,Casado ,58482.0,0.0,1,12-03-2014,59,576.0,7,115.0,19.0,7.0,7,2.0,7.0,4,9,6,0.0,,,0,0.0,0.0,1,0,0.0
10157,61,Graduation,Soltero ,59686.0,0.0,1,25-01-2014,78,89.0,15,89.0,34.0,42.0,5,0.0,4.0,1,6,4,0.0,,,0,0.0,0.0,0,0,0.0
5667,62,PhD,Casado ,60896.0,0.0,1,11-10-2012,90,1013.0,30,399.0,60.0,46.0,153,3.0,9.0,10,4,6,0.0,,,0,0.0,0.0,0,0,1.0
902,46,Graduation,En pareja ,62994.0,0.0,0,04-03-2014,74,224.0,12,48.0,4.0,0.0,12,0.0,6.0,2,4,6,0.0,,,0,0.0,0.0,0,0,0.0
977,69,Graduation,En pareja ,47320.0,0.0,1,01-08-2013,10,200.0,19,111.0,50.0,15.0,19,6.0,5.0,1,8,6,0.0,,,0,0.0,0.0,0,0,0.0
7313,77,2n Cycle,Viudo ,74859.0,0.0,0,03-06-2013,63,570.0,73,614.0,133.0,102.0,73,1.0,6.0,5,11,3,0.0,,,1,0.0,0.0,0,0,0.0
7600,34,Basic,Soltero ,15253.0,0.0,0,28-10-2013,13,1.0,3,3.0,8.0,1.0,13,2.0,1.0,0,3,7,0.0,,,0,0.0,0.0,0,0,0.0
9706,52,PhD,Soltero ,31560.0,0.0,0,24-06-2013,98,62.0,1,20.0,4.0,0.0,7,0.0,2.0,1,3,8,0.0,,,0,0.0,0.0,0,0,0.0
2429,72,Graduation,Divorciado ,72071.0,0.0,1,14-02-2013,4,531.0,69,300.0,150.0,138.0,150,3.0,5.0,4,8,2,0.0,,,0,0.0,0.0,0,0,0.0
3520,36,Master,Soltero ,91172.0,0.0,0,27-03-2013,94,162.0,28,818.0,0.0,28.0,56,0.0,4.0,3,7,3,0.0,,,1,1.0,1.0,0,1,1.0
10394,42,Graduation,Casado ,90000.0,0.0,0,23-12-2013,91,675.0,144,133.0,94.0,192.0,241,1.0,4.0,8,5,1,0.0,,,1,0.0,1.0,0,1,0.0
4548,45,Graduation,Soltero ,41967.0,1.0,1,23-11-2013,66,23.0,4,10.0,0.0,2.0,15,1.0,1.0,0,3,4,0.0,,,0,0.0,0.0,0,0,0.0
9362,61,Graduation,Soltero ,69263.0,0.0,1,05-03-2014,14,492.0,5,32.0,13.0,5.0,21,1.0,9.0,1,7,6,0.0,,,0,0.0,0.0,1,0,0.0
3968,56,2n Cycle,Divorciado ,65706.0,0.0,0,28-06-2013,77,918.0,10,129.0,13.0,0.0,129,0.0,11.0,3,12,7,0.0,,,0,0.0,0.0,1,1,1.0
4084,51,Graduation,En pareja ,60934.0,0.0,1,17-01-2014,41,224.0,155,155.0,192.0,93.0,54,2.0,6.0,4,11,4,0.0,,,0,0.0,0.0,0,0,0.0
6721,75,Graduation,Casado ,71965.0,0.0,1,29-07-2013,21,572.0,19,286.0,50.0,38.0,248,3.0,6.0,3,5,3,0.0,,,0,0.0,0.0,0,0,0.0
2829,71,Graduation,Casado ,65210.0,0.0,1,10-03-2014,25,626.0,0,70.0,0.0,7.0,28,2.0,9.0,3,8,6,0.0,,,1,0.0,0.0,1,0,0.0
1772,51,PhD,Casado ,79174.0,0.0,0,11-01-2013,2,1074.0,37,518.0,193.0,92.0,129,1.0,5.0,6,7,2,0.0,,,1,0.0,0.0,0,1,1.0
1544,59,Master,Divorciado ,81380.0,0.0,0,22-12-2012,51,741.0,68,689.0,224.0,68.0,103,1.0,4.0,2,10,2,0.0,,,0,0.0,0.0,0,0,0.0
492,53,PhD,Soltero,48432.0,0.0,1,18-10-2012,3,322.0,3,50.0,4.0,3.0,42,5.0,7.0,1,6,8,0.0,,,0,0.0,0.0,0,0,0.0
4377,55,Graduation,Casado ,52914.0,0.0,1,07-01-2013,32,254.0,10,44.0,30.0,10.0,227,2.0,7.0,3,3,7,0.0,,,0,0.0,1.0,0,0,0.0
4541,71,Graduation,En pareja ,38946.0,0.0,1,24-10-2013,84,116.0,6,82.0,6.0,6.0,41,2.0,3.0,1,6,5,0.0,,,0,0.0,0.0,0,0,0.0
1321,52,Graduation,Casado ,26067.0,1.0,0,04-11-2013,49,22.0,2,18.0,0.0,2.0,12,3.0,3.0,0,3,8,0.0,,,0,0.0,0.0,0,0,0.0
8858,54,PhD,Casado ,44325.0,0.0,1,07-03-2013,69,516.0,0,21.0,0.0,0.0,5,4.0,8.0,2,7,8,0.0,,,0,0.0,0.0,1,0,0.0
3266,62,Graduation,Casado ,42523.0,0.0,0,23-04-2014,96,14.0,36,11.0,3.0,26.0,35,1.0,1.0,1,4,2,0.0,,,0,0.0,0.0,0,0,0.0
11187,48,Basic,Soltero ,26487.0,1.0,0,20-05-2013,23,2.0,8,10.0,12.0,14.0,23,3.0,2.0,1,3,5,0.0,,,0,0.0,0.0,0,0,0.0
8207,69,2n Cycle,Casado ,53233.0,0.0,1,18-03-2014,18,28.0,0,9.0,3.0,0.0,0,1.0,1.0,0,3,4,0.0,,,0,0.0,0.0,0,0,0.0
9723,66,Graduation,Casado ,67716.0,0.0,1,10-01-2013,8,530.0,142,217.0,62.0,9.0,56,4.0,7.0,4,13,5,0.0,,,0,0.0,0.0,1,0,0.0
2666,54,Master,Casado ,76234.0,0.0,1,06-02-2014,21,519.0,50,167.0,130.0,0.0,41,1.0,8.0,3,11,3,0.0,,,0,0.0,0.0,1,0,0.0
5721,70,PhD,Casado ,84117.0,0.0,0,11-05-2014,60,611.0,76,749.0,59.0,45.0,26,1.0,7.0,10,6,2,0.0,,,0,0.0,0.0,0,1,0.0
10652,69,Master,En pareja ,65487.0,0.0,0,10-01-2014,48,240.0,67,500.0,199.0,0.0,163,3.0,3.0,5,6,2,0.0,,,0,0.0,0.0,0,0,0.0
1646,54,Basic,Casado ,25224.0,1.0,0,16-03-2014,36,4.0,9,12.0,11.0,2.0,8,2.0,1.0,1,3,3,0.0,,,0,0.0,0.0,0,0,0.0
4418,43,Master,Soltero ,89616.0,0.0,0,25-02-2013,36,671.0,47,0.0,0.0,0.0,15,0.0,7.0,5,12,2,0.0,,,0,0.0,0.0,0,0,1.0
2656,55,Graduation,Divorciado ,40851.0,1.0,1,21-02-2013,63,23.0,1,7.0,0.0,4.0,24,1.0,1.0,1,2,7,0.0,,,0,0.0,0.0,0,0,0.0
7990,79,Graduation,Casado ,27469.0,0.0,0,02-08-2012,2,9.0,1,2.0,3.0,2.0,0,1.0,0.0,0,3,6,0.0,,,0,0.0,0.0,0,0,0.0
8722,69,2n Cycle,Casado ,82347.0,0.0,0,06-11-2012,38,556.0,54,845.0,202.0,133.0,63,1.0,7.0,7,10,3,0.0,,,1,0.0,1.0,0,0,1.0
7118,69,Graduation,Casado ,73803.0,0.0,1,01-08-2012,61,833.0,80,363.0,52.0,26.0,174,0.0,9.0,5,6,6,0.0,,,0,0.0,0.0,0,0,1.0
2980,74,Master,Soltero ,8820.0,1.0,1,22-03-2013,52,12.0,0,13.0,4.0,2.0,4,4.0,3.0,0,3,8,0.0,,,0,0.0,0.0,0,0,0.0
1839,52,Graduation,Soltero ,43322.0,0.0,0,21-04-2014,25,56.0,7,48.0,10.0,2.0,18,1.0,3.0,0,4,7,0.0,,,0,0.0,0.0,0,0,0.0
10722,53,Graduation,En pareja ,55593.0,0.0,1,21-08-2013,63,293.0,8,124.0,11.0,4.0,106,2.0,6.0,6,3,6,0.0,,,0,0.0,1.0,0,0,0.0
2632,72,Graduation,Casado ,50501.0,1.0,1,18-06-2013,10,297.0,0,38.0,13.0,0.0,152,7.0,5.0,4,4,6,0.0,,,0,0.0,1.0,0,0,1.0
9014,51,Graduation,Casado ,37085.0,1.0,1,26-06-2014,65,39.0,1,16.0,2.0,0.0,3,4.0,3.0,0,3,8,0.0,,,0,0.0,0.0,0,0,0.0
7620,36,Basic,Soltero ,16185.0,1.0,0,05-08-2013,71,5.0,11,16.0,21.0,8.0,45,2.0,2.0,2,2,8,0.0,,,0,0.0,0.0,0,0,0.0
10968,57,Graduation,Soltero ,57731.0,0.0,1,23-11-2012,0,266.0,21,300.0,65.0,8.0,44,4.0,8.0,8,6,6,0.0,,,0,0.0,0.0,0,0,0.0
11133,53,PhD,Soltero,48432.0,0.0,1,18-10-2012,3,322.0,3,50.0,4.0,3.0,42,5.0,7.0,1,6,8,0.0,,,0,0.0,0.0,0,0,1.0
2736,48,Graduation,Casado ,73807.0,0.0,1,02-01-2013,88,366.0,124,156.0,71.0,78.0,54,2.0,5.0,5,11,2,0.0,,,0,0.0,0.0,0,0,0.0
1876,36,Graduation,Casado ,18929.0,0.0,0,16-02-2013,15,32.0,0,8.0,23.0,4.0,18,1.0,1.0,0,4,6,0.0,,,0,0.0,0.0,0,0,0.0
5959,58,Graduation,Soltero ,35893.0,1.0,1,15-10-2012,80,158.0,0,23.0,0.0,0.0,18,6.0,3.0,1,5,8,0.0,,,0,0.0,0.0,0,0,0.0
1092,46,Graduation,Casado ,61014.0,0.0,1,11-08-2012,17,269.0,129,495.0,182.0,43.0,29,4.0,9.0,3,4,7,0.0,,,0,0.0,0.0,0,0,0.0
4333,72,Graduation,En pareja ,32144.0,0.0,1,23-03-2014,76,41.0,0,10.0,0.0,0.0,3,4.0,2.0,1,3,7,0.0,,,0,0.0,0.0,1,0,0.0
3850,63,Basic,En pareja ,14918.0,0.0,1,07-12-2012,52,3.0,3,3.0,15.0,4.0,15,0.0,1.0,0,3,6,0.0,,,0,0.0,0.0,0,0,0.0
6168,63,Graduation,Divorciado ,45146.0,0.0,1,15-07-2013,28,33.0,0,0.0,0.0,0.0,15,0.0,1.0,1,2,4,0.0,,,0,0.0,0.0,0,0,0.0
607,71,2n Cycle,Divorciado ,41769.0,0.0,1,13-02-2013,31,302.0,29,131.0,32.0,0.0,27,6.0,8.0,1,7,8,0.0,,,0,0.0,0.0,0,0,0.0
10469,45,Graduation,En pareja ,64403.0,0.0,0,05-02-2014,42,519.0,71,860.0,93.0,27.0,53,0.0,6.0,2,9,2,0.0,,,0,0.0,0.0,0,0,0.0
6983,76,Master,Divorciado ,38054.0,1.0,1,01-05-2014,24,23.0,2,17.0,2.0,1.0,0,2.0,2.0,0,3,7,0.0,,,0,0.0,0.0,0,0,0.0
3661,31,2n Cycle,Soltero ,80617.0,0.0,0,12-10-2012,42,594.0,51,631.0,72.0,55.0,32,1.0,4.0,6,8,2,0.0,,,0,0.0,0.0,0,0,0.0
9303,50,Graduation,Casado ,5305.0,0.0,1,30-07-2013,12,12.0,4,7.0,1.0,3.0,5,0.0,1.0,0,0,13,0.0,,,0,0.0,0.0,0,0,0.0
692,72,Graduation,En pareja ,36807.0,0.0,1,20-12-2012,88,4.0,2,5.0,0.0,0.0,5,1.0,1.0,0,2,6,0.0,,,0,0.0,0.0,0,0,0.0
736,43,Graduation,En pareja ,28427.0,0.0,0,21-03-2013,67,18.0,3,19.0,3.0,3.0,6,2.0,2.0,0,3,8,0.0,,,0,0.0,0.0,0,0,0.0
9589,78,PhD,Viudo ,82032.0,0.0,0,05-04-2014,54,332.0,194,377.0,149.0,125.0,57,0.0,4.0,6,7,1,0.0,,,0,0.0,0.0,0,0,0.0
4838,48,Graduation,En pareja ,22775.0,1.0,0,19-06-2013,40,5.0,1,8.0,0.0,0.0,1,1.0,1.0,0,2,8,0.0,,,0,0.0,0.0,0,0,0.0
9246,41,Master,En pareja ,40101.0,1.0,0,14-10-2012,73,171.0,3,129.0,26.0,24.0,62,4.0,6.0,1,6,7,0.0,,,0,0.0,0.0,0,0,0.0
6261,47,Graduation,Casado ,58025.0,0.0,1,26-11-2013,81,270.0,31,88.0,11.0,48.0,22,3.0,3.0,2,10,4,0.0,,,0,0.0,0.0,0,0,0.0
7366,44,Master,Soltero ,75777.0,0.0,0,04-07-2013,12,712.0,26,538.0,69.0,13.0,80,1.0,3.0,6,11,1,0.0,,,0,0.0,0.0,1,1,1.0
10659,47,2n Cycle,En pareja ,7500.0,1.0,0,07-05-2013,7,2.0,8,11.0,3.0,8.0,21,4.0,3.0,2,2,7,0.0,,,0,0.0,0.0,0,0,0.0
1448,63,Master,Casado ,33562.0,0.0,2,25-06-2014,33,21.0,12,12.0,0.0,3.0,3,3.0,2.0,0,4,4,0.0,,,0,0.0,0.0,0,0,0.0
4286,56,PhD,Soltero ,57642.0,0.0,1,09-01-2014,24,580.0,6,58.0,8.0,0.0,27,3.0,7.0,6,6,4,0.0,,,0,0.0,1.0,0,0,0.0
4749,58,Graduation,En pareja ,58554.0,0.0,1,26-09-2012,55,368.0,24,68.0,38.0,0.0,88,6.0,8.0,2,6,7,0.0,,,0,0.0,0.0,0,0,0.0
4478,47,Graduation,Casado ,63777.0,0.0,1,24-03-2013,87,457.0,5,106.0,15.0,17.0,53,0.0,11.0,1,6,8,0.0,,,0,0.0,0.0,0,0,0.0
4201,64,Graduation,Soltero ,57967.0,0.0,1,03-03-2013,39,229.0,7,137.0,4.0,0.0,91,5.0,4.0,2,8,5,0.0,,,0,0.0,0.0,0,0,0.0
8720,48,2n Cycle,En pareja ,51411.0,0.0,0,12-08-2012,53,32.0,2,1607.0,12.0,4.0,22,0.0,0.0,0,1,0,0.0,,,0,0.0,0.0,1,0,0.0
10084,54,Graduation,Casado ,24434.0,2.0,0,18-05-2014,9,3.0,2,8.0,20.0,0.0,17,2.0,2.0,1,2,7,0.0,,,0,0.0,0.0,0,0,0.0
7004,42,Graduation,Soltero ,11012.0,1.0,0,16-03-2013,82,24.0,3,26.0,7.0,1.0,23,3.0,3.0,1,2,9,0.0,,,0,0.0,1.0,0,0,0.0
9817,56,Master,Soltero ,44802.0,0.0,0,21-08-2012,71,853.0,10,143.0,13.0,10.0,20,0.0,9.0,4,12,8,0.0,,,0,0.0,0.0,0,0,0.0
8080,40,Graduation,Soltero ,26816.0,0.0,0,17-08-2012,50,5.0,1,6.0,3.0,4.0,3,1.0,0.0,0,3,4,0.0,,,0,0.0,0.0,0,0,0.0
9432,49,Graduation,En pareja ,666666.0,0.0,0,02-06-2013,23,9.0,14,18.0,8.0,1.0,12,4.0,3.0,1,3,6,0.0,,,0,0.0,0.0,0,0,0.0
8372,52,Graduation,Casado ,34421.0,0.0,0,01-07-2013,81,3.0,3,7.0,6.0,2.0,9,1.0,1.0,0,2,7,0.0,,,0,0.0,0.0,0,0,0.0
10870,59,Graduation,Casado ,61223.0,0.0,1,13-06-2013,46,709.0,43,182.0,42.0,118.0,247,2.0,9.0,3,4,5,0.0,,,0,0.0,0.0,0,0,0.0
4001,80,PhD,En pareja ,64014.0,2.0,1,10-06-2014,56,406.0,0,30.0,0.0,0.0,8,7.0,8.0,2,5,7,0.0,,,1,0.0,0.0,0,0,0.0
7270,45,Graduation,Divorciado ,56981.0,0.0,0,25-01-2014,91,908.0,48,217.0,32.0,12.0,24,0.0,2.0,3,13,6,0.0,,,0,0.0,0.0,1,0,0.0
8235,70,Master,En pareja ,69245.0,0.0,1,24-01-2014,8,428.0,30,214.0,80.0,30.0,61,2.0,6.0,5,10,3,0.0,,,0,0.0,0.0,0,0,0.0
9405,72,PhD,Casado ,52869.0,1.0,1,15-10-2012,40,84.0,3,61.0,2.0,1.0,21,3.0,3.0,1,4,7,0.0,,,0,0.0,0.0,0,0,1.0
